-- phpMyAdmin SQL Dump
-- version 5.2.1
-- https://www.phpmyadmin.net/
--
-- Host: 127.0.0.1
-- Generation Time: Aug 25, 2025 at 08:50 PM
-- Server version: 10.4.32-MariaDB
-- PHP Version: 8.2.12

SET SQL_MODE = "NO_AUTO_VALUE_ON_ZERO";
START TRANSACTION;
SET time_zone = "+00:00";


/*!40101 SET @OLD_CHARACTER_SET_CLIENT=@@CHARACTER_SET_CLIENT */;
/*!40101 SET @OLD_CHARACTER_SET_RESULTS=@@CHARACTER_SET_RESULTS */;
/*!40101 SET @OLD_COLLATION_CONNECTION=@@COLLATION_CONNECTION */;
/*!40101 SET NAMES utf8mb4 */;

--
-- Database: `unibasedb`
--

-- --------------------------------------------------------

--
-- Table structure for table `Affinities`
--

CREATE TABLE `Affinities` (
  `AffinityID` int(11) NOT NULL,
  `AffinityName` varchar(32) NOT NULL
) ENGINE=InnoDB DEFAULT CHARSET=utf8 COLLATE=utf8_unicode_ci;

--
-- Dumping data for table `Affinities`
--

INSERT INTO `Affinities` (`AffinityID`, `AffinityName`) VALUES
(1, 'Like'),
(2, 'Dislike');

-- --------------------------------------------------------

--
-- Table structure for table `Assessments`
--

CREATE TABLE `Assessments` (
  `AssessmentID` int(11) NOT NULL,
  `AssessmentName` varchar(128) CHARACTER SET utf8 COLLATE utf8_unicode_ci NOT NULL,
  `AssessmentPercentage` int(11) NOT NULL,
  `AssessmentPublishdate` datetime NOT NULL,
  `AssessmentProposaldeadline` datetime DEFAULT NULL,
  `AssessmentSubmissiondate` datetime DEFAULT NULL,
  `AssessmentFeedbackdate` datetime DEFAULT NULL,
  `AssessmentBriefURL` varchar(256) CHARACTER SET utf8 COLLATE utf8_unicode_ci NOT NULL,
  `AssessmentModuleID` int(11) DEFAULT NULL,
  `AssessmentAssessmenttypeID` int(11) DEFAULT NULL
) ENGINE=InnoDB DEFAULT CHARSET=utf8mb4 COLLATE=utf8mb4_general_ci;

--
-- Dumping data for table `Assessments`
--

INSERT INTO `Assessments` (`AssessmentID`, `AssessmentName`, `AssessmentPercentage`, `AssessmentPublishdate`, `AssessmentProposaldeadline`, `AssessmentSubmissiondate`, `AssessmentFeedbackdate`, `AssessmentBriefURL`, `AssessmentModuleID`, `AssessmentAssessmenttypeID`) VALUES
(1, 'Topic 1 Number Systems and Binary Logic', 8, '2022-10-01 10:00:00', NULL, '2022-10-02 19:00:00', NULL, 'https://canvas.kingston.ac.uk/courses/23318/quizzes/39047', 2, 1),
(2, 'Topic 2 Data Representation', 14, '2022-10-24 00:00:00', NULL, NULL, NULL, 'https://canvas.kingston.ac.uk/courses/23318/quizzes/39075', 2, 1),
(3, 'Topic 3 Computer Architecture', 14, '2022-10-02 06:00:00', NULL, NULL, NULL, 'https://canvas.kingston.ac.uk/courses/23318/quizzes/39062', 2, 1),
(4, 'Topic 4 Web Technologies', 14, '2022-12-12 00:00:00', NULL, NULL, '2023-01-27 17:00:00', 'https://canvas.kingston.ac.uk/courses/23318/assignments/118295', 2, 2),
(5, 'Topic 5 Relational Data', 14, '2023-01-23 00:00:00', NULL, NULL, NULL, 'https://canvas.kingston.ac.uk/courses/23318/quizzes/39040', 2, 1),
(6, 'Topic 6 Algorithms and Data Structures', 8, '2023-02-23 00:00:00', NULL, NULL, NULL, 'https://canvas.kingston.ac.uk/courses/23318/quizzes/39055', 2, 1),
(7, 'Topic 7 Computer Systems', 14, '2023-03-06 00:00:00', NULL, NULL, NULL, 'https://canvas.kingston.ac.uk/courses/23318/quizzes/39067', 2, 1),
(8, 'Topic 8 Communications and Networking', 14, '2023-03-27 00:00:00', NULL, NULL, NULL, 'https://canvas.kingston.ac.uk/courses/23318/quizzes/39056', 2, 1),
(9, 'Technical Report 1 (Communication Skills)', 10, '2022-10-03 09:00:00', NULL, '2022-10-27 23:59:59', '2022-11-18 17:00:00', 'https://canvas.kingston.ac.uk/courses/23327/assignments/113620', 4, 3),
(10, 'Technical Report 2 (Communication Skills)', 10, '2022-11-07 09:00:00', NULL, '2022-12-01 23:59:59', '2023-01-13 18:00:00', 'https://canvas.kingston.ac.uk/courses/23327/assignments/113622', 4, 4),
(11, 'Technical Report 3 (Communication Skills)', 10, '2022-12-05 09:00:00', NULL, '2023-01-09 23:59:59', '2023-02-10 18:00:00', 'https://canvas.kingston.ac.uk/courses/23327/assignments/113623', 4, 3),
(12, 'Employability Portfolio', 30, '2023-01-09 09:00:00', NULL, '2023-02-10 23:59:59', '2023-03-17 18:00:00', 'https://canvas.kingston.ac.uk/courses/23327/assignments/113617', 4, 3),
(13, 'Commercial Awareness', 40, '2023-02-20 09:00:00', '2025-09-15 00:40:18', '2023-03-24 23:59:59', '2023-04-07 17:00:00', 'https://canvas.kingston.ac.uk/courses/23327/assignments/113614', 4, 4),
(14, 'Unit 1: Thinking Like a Programmer', 25, '2022-09-26 09:00:00', NULL, '2022-10-31 17:00:00', NULL, '', 1, 5),
(15, 'Unit 2: Introduction to Javascript', 25, '2022-09-26 09:00:00', NULL, '2022-12-12 17:00:00', NULL, '', 1, 5),
(16, 'Unit 3: Introduction to 0bject-0riented Programming', 25, '2022-09-26 09:00:00', NULL, '2023-02-06 17:00:00', NULL, '', 1, 5),
(17, 'Unit 4: Further 0bject-0riented Programming', 25, '2022-09-26 09:00:00', NULL, '2023-03-27 17:00:00', NULL, '', 1, 5),
(18, 'Coursework 1 (App Design Prototype)', 40, '2022-09-26 09:00:00', NULL, '2022-12-15 23:59:59', '2023-01-27 17:00:00', 'https://canvas.kingston.ac.uk/courses/23321/assignments/120557', 3, 3),
(19, 'In-class Test', 20, '2022-12-12 09:00:00', NULL, '2022-12-16 17:00:00', NULL, 'https://canvas.kingston.ac.uk/courses/23321/quizzes/41496', 3, 2),
(20, 'Coursework 2 (Design and Build a Clickable Prototype)', 40, '2023-01-09 09:00:00', NULL, '2023-04-05 23:59:59', '2023-05-12 17:00:00', 'https://canvas.kingston.ac.uk/courses/23321/assignments/116192', 3, 3),
(27, 'Implement React UI', 100, '2023-01-01 09:00:00', NULL, '2023-01-31 23:59:00', NULL, 'https://canvas.kingston.ac.uk/courses/23321/assignments/116192', 13, 3);

-- --------------------------------------------------------

--
-- Table structure for table `Assessmenttypes`
--

CREATE TABLE `Assessmenttypes` (
  `AssessmenttypeID` int(11) NOT NULL,
  `AssessmenttypeCode` varchar(32) NOT NULL,
  `AssessmenttypeDescription` varchar(512) NOT NULL
) ENGINE=InnoDB DEFAULT CHARSET=utf8 COLLATE=utf8_unicode_ci;

--
-- Dumping data for table `Assessmenttypes`
--

INSERT INTO `Assessmenttypes` (`AssessmenttypeID`, `AssessmenttypeCode`, `AssessmenttypeDescription`) VALUES
(1, 'SyncTestFdbkImmed', 'Short duration online test undertaken by students individually within the week shown. Results are available immediately after submission.'),
(2, 'SyncTestFdbkLater', 'Short duration online test undertaken by students individually within the week shown. Results and feedback become available on the date shown.'),
(3, 'AsyncCrswkFdbkLater', 'Coursework undertaken by students individually over extended period. Results and feedback become available on the date shown'),
(4, 'AsyncGroupCrswkFdbkLater', 'Coursework undertaken by students in groups over extended period. Results and feedback become available on the date shown.'),
(5, 'AsyncCrswkFdbkImmed', 'Online exercises undertaken by students individually over extended period. Results are available immediately after submission.');

-- --------------------------------------------------------

--
-- Table structure for table `Attendance`
--

CREATE TABLE `Attendance` (
  `AttendanceID` int(11) NOT NULL,
  `AttendanceName` varchar(64) CHARACTER SET utf8 COLLATE utf8_unicode_ci NOT NULL
) ENGINE=InnoDB DEFAULT CHARSET=utf8mb4 COLLATE=utf8mb4_general_ci;

--
-- Dumping data for table `Attendance`
--

INSERT INTO `Attendance` (`AttendanceID`, `AttendanceName`) VALUES
(1, 'Present throughout'),
(2, 'Late arriving'),
(3, 'Left early'),
(4, 'Absent'),
(5, 'Apologies');

-- --------------------------------------------------------

--
-- Table structure for table `Completion`
--

CREATE TABLE `Completion` (
  `CompletionID` int(11) NOT NULL,
  `CompletionName` varchar(64) NOT NULL
) ENGINE=InnoDB DEFAULT CHARSET=utf8mb4 COLLATE=utf8mb4_general_ci;

--
-- Dumping data for table `Completion`
--

INSERT INTO `Completion` (`CompletionID`, `CompletionName`) VALUES
(1, 'Completed'),
(2, 'Partially completed'),
(3, 'Completed late'),
(4, 'Not completed');

-- --------------------------------------------------------

--
-- Table structure for table `Confirmations`
--

CREATE TABLE `Confirmations` (
  `ConfirmationID` int(11) NOT NULL,
  `ConfirmationName` varchar(32) NOT NULL
) ENGINE=InnoDB DEFAULT CHARSET=utf8 COLLATE=utf8_unicode_ci;

--
-- Dumping data for table `Confirmations`
--

INSERT INTO `Confirmations` (`ConfirmationID`, `ConfirmationName`) VALUES
(1, 'Confirmed'),
(2, 'Declined');

-- --------------------------------------------------------

--
-- Table structure for table `Contributions`
--

CREATE TABLE `Contributions` (
  `ContributionID` int(11) NOT NULL,
  `ContributionLogID` int(11) DEFAULT NULL,
  `ContributionUserID` int(11) DEFAULT NULL,
  `ContributionAttendanceID` int(11) DEFAULT NULL,
  `ContributionCompletionID` int(11) DEFAULT NULL,
  `ContributionFuturetasks` varchar(1024) NOT NULL
) ENGINE=InnoDB DEFAULT CHARSET=utf8mb4 COLLATE=utf8mb4_general_ci;

--
-- Dumping data for table `Contributions`
--

INSERT INTO `Contributions` (`ContributionID`, `ContributionLogID`, `ContributionUserID`, `ContributionAttendanceID`, `ContributionCompletionID`, `ContributionFuturetasks`) VALUES
(1, 1, 289, 1, 1, 'Research problems we may run into i.e. cost, waste and time'),
(2, 1, 325, 1, 1, 'Research how to educate the public better on nuclear energy'),
(3, 1, 343, 1, 1, 'Research the problem combatting the decrease in natural resources '),
(4, 1, 464, 1, 1, 'Research the why the public fear with nuclear power'),
(5, 1, 474, 1, 1, 'Research benefits to the economy for nuclear energy over natural resources'),
(6, 2, 289, 1, 1, 'Restructure our idea on carbon emissions and green energy. (Focus on transport causing pollution.  Which city in England has the worst traffic pollution? Why?)'),
(7, 2, 325, 1, 1, 'Restructure our idea on carbon emissions and green energy. (App focusing on improving carbon footprint-what will entice customers to do this?) '),
(8, 2, 343, 1, 1, 'Restructure our idea on carbon emissions and green energy. (App focusing on improving carbon footprint-who are our customers? How do we appeal to these customers?) '),
(9, 2, 464, 1, 2, 'Restructure our idea on carbon emissions and green energy. (What makes us unique and what are the rewards for customers altering their lifestyle for carbon footprint advantages?) '),
(10, 2, 474, 1, 1, 'Restructure our idea on carbon emissions and green energy. (Public benefits and Economic benefits?)'),
(11, 3, 289, 1, 1, 'Add to the Powerpoint Presentation including extended ideas for your chosen section: Value Proposition'),
(12, 3, 325, 1, 1, 'Add to the Powerpoint Presentation including extended ideas for your chosen section: Our Problem and Problem Location'),
(13, 3, 343, 1, 1, 'Add to the Powerpoint Presentation including extended ideas for your chosen section: Our Solution and Target Customers'),
(14, 3, 464, 1, 1, 'Add to the Powerpoint Presentation including extended ideas for your chosen section: Competitors '),
(15, 3, 474, 1, 1, 'Add to the Powerpoint Presentation including extended ideas for your chosen section: Business Canvas Model and Funding'),
(16, 4, 289, 1, 1, 'Work on a script for your slides section and time yourself giving the talk, to fit within the template '),
(17, 4, 325, 1, 4, 'Work on a script for your slides section and time yourself giving the talk, to fit within the template'),
(18, 4, 343, 1, 1, 'Work on a script for your slides section and time yourself giving the talk, to fit within the template'),
(19, 4, 464, 1, 1, 'Work on a script for your slides section and time yourself giving the talk, to fit within the template'),
(20, 4, 474, 1, 1, 'Work on a script for your slides section and time yourself giving the talk, to fit within the template'),
(21, 5, 289, 1, 1, 'Meet up online and practice the power-point run through'),
(22, 5, 325, 1, 1, 'Meet up online and practice the power-point run through'),
(23, 5, 343, 1, 1, 'Meet up online and practice the power-point run through'),
(24, 5, 464, 1, 1, 'Meet up online and practice the power-point run through'),
(25, 5, 474, 1, 1, 'Meet up online and practice the power-point run through'),
(26, 6, 350, 1, 1, 'Research problems we may run into i.e. cost, waste and time'),
(27, 6, 370, 1, 1, 'Research how to educate the public better on nuclear energy'),
(28, 6, 386, 1, 1, 'Research the problem combatting the decrease in natural resources '),
(29, 6, 391, 1, 1, 'Research the why the public fear with nuclear power'),
(30, 6, 407, 1, 1, 'Research benefits to the economy for nuclear energy over natural resources'),
(31, 7, 350, 1, 1, 'Restructure our idea on carbon emissions and green energy. (Focus on transport causing pollution.  Which city in England has the worst traffic pollution? Why?)'),
(32, 7, 370, 1, 1, 'Restructure our idea on carbon emissions and green energy. (App focusing on improving carbon footprint-what will entice customers to do this?) '),
(33, 7, 386, 1, 1, 'Restructure our idea on carbon emissions and green energy. (App focusing on improving carbon footprint-who are our customers? How do we appeal to these customers?) '),
(34, 7, 391, 1, 1, 'Restructure our idea on carbon emissions and green energy. (What makes us unique and what are the rewards for customers altering their lifestyle for carbon footprint advantages?) '),
(35, 7, 407, 5, 1, 'Restructure our idea on carbon emissions and green energy. (Public benefits and Economic benefits?)'),
(36, 8, 350, 1, 1, 'Add to the Powerpoint Presentation including extended ideas for your chosen section: Value Proposition'),
(37, 8, 370, 1, 1, 'Add to the Powerpoint Presentation including extended ideas for your chosen section: Our Problem and Problem Location'),
(38, 8, 386, 1, 1, 'Add to the Powerpoint Presentation including extended ideas for your chosen section: Our Solution and Target Customers'),
(39, 8, 391, 1, 1, 'Add to the Powerpoint Presentation including extended ideas for your chosen section: Competitors '),
(40, 8, 407, 1, 1, 'Add to the Powerpoint Presentation including extended ideas for your chosen section: Business Canvas Model and Funding'),
(41, 9, 350, 1, 1, 'Work on a script for your slides section and time yourself giving the talk, to fit within the template '),
(42, 9, 370, 1, 1, 'Work on a script for your slides section and time yourself giving the talk, to fit within the template'),
(43, 9, 386, 1, 1, 'Work on a script for your slides section and time yourself giving the talk, to fit within the template'),
(44, 9, 391, 1, 1, 'Work on a script for your slides section and time yourself giving the talk, to fit within the template'),
(45, 9, 407, 1, 2, 'Work on a script for your slides section and time yourself giving the talk, to fit within the template'),
(46, 10, 350, 1, 2, 'Meet up online and practice the power-point run through'),
(47, 10, 370, 1, 1, 'Meet up online and practice the power-point run through'),
(48, 10, 386, 1, 1, 'Meet up online and practice the power-point run through'),
(49, 10, 391, 1, 1, 'Meet up online and practice the power-point run through'),
(50, 10, 407, 1, 1, 'Meet up online and practice the power-point run through'),
(51, 11, 314, 1, 1, 'Research problems we may run into i.e. cost, waste and time'),
(52, 11, 372, 1, 1, 'Research how to educate the public better on nuclear energy'),
(53, 11, 415, 1, 1, 'Research the problem combatting the decrease in natural resources '),
(54, 11, 483, 1, 1, 'Research the why the public fear with nuclear power'),
(55, 11, 528, 1, 1, 'Research benefits to the economy for nuclear energy over natural resources'),
(56, 12, 314, 1, 1, 'Restructure our idea on carbon emissions and green energy. (Focus on transport causing pollution.  Which city in England has the worst traffic pollution? Why?)'),
(57, 12, 372, 1, 1, 'Restructure our idea on carbon emissions and green energy. (App focusing on improving carbon footprint-what will entice customers to do this?) '),
(58, 12, 415, 1, 1, 'Restructure our idea on carbon emissions and green energy. (App focusing on improving carbon footprint-who are our customers? How do we appeal to these customers?) '),
(59, 12, 483, 1, 1, 'Restructure our idea on carbon emissions and green energy. (What makes us unique and what are the rewards for customers altering their lifestyle for carbon footprint advantages?) '),
(60, 12, 528, 1, 1, 'Restructure our idea on carbon emissions and green energy. (Public benefits and Economic benefits?)'),
(61, 13, 314, 1, 1, 'Add to the Powerpoint Presentation including extended ideas for your chosen section: Value Proposition'),
(62, 13, 372, 1, 4, 'Add to the Powerpoint Presentation including extended ideas for your chosen section: Our Problem and Problem Location'),
(63, 13, 415, 1, 1, 'Add to the Powerpoint Presentation including extended ideas for your chosen section: Our Solution and Target Customers'),
(64, 13, 483, 1, 1, 'Add to the Powerpoint Presentation including extended ideas for your chosen section: Competitors '),
(65, 13, 528, 1, 1, 'Add to the Powerpoint Presentation including extended ideas for your chosen section: Business Canvas Model and Funding'),
(66, 14, 314, 1, 4, 'Work on a script for your slides section and time yourself giving the talk, to fit within the template '),
(67, 14, 372, 1, 1, 'Work on a script for your slides section and time yourself giving the talk, to fit within the template'),
(68, 14, 415, 1, 4, 'Work on a script for your slides section and time yourself giving the talk, to fit within the template'),
(69, 14, 483, 1, 1, 'Work on a script for your slides section and time yourself giving the talk, to fit within the template'),
(70, 14, 528, 1, 1, 'Work on a script for your slides section and time yourself giving the talk, to fit within the template'),
(71, 15, 314, 1, 1, 'Meet up online and practice the power-point run through'),
(72, 15, 372, 1, 1, 'Meet up online and practice the power-point run through'),
(73, 15, 415, 1, 2, 'Meet up online and practice the power-point run through'),
(74, 15, 483, 1, 2, 'Meet up online and practice the power-point run through'),
(75, 15, 528, 5, 1, 'Meet up online and practice the power-point run through'),
(76, 16, 348, 1, 1, 'Research problems we may run into i.e. cost, waste and time'),
(77, 16, 361, 1, 1, 'Research how to educate the public better on nuclear energy'),
(78, 16, 405, 1, 1, 'Research the problem combatting the decrease in natural resources '),
(79, 16, 533, 1, 4, 'Research the why the public fear with nuclear power'),
(80, 16, 537, 1, 4, 'Research benefits to the economy for nuclear energy over natural resources'),
(81, 17, 348, 4, 1, 'Restructure our idea on carbon emissions and green energy. (Focus on transport causing pollution.  Which city in England has the worst traffic pollution? Why?)'),
(82, 17, 361, 1, 1, 'Restructure our idea on carbon emissions and green energy. (App focusing on improving carbon footprint-what will entice customers to do this?) '),
(83, 17, 405, 1, 1, 'Restructure our idea on carbon emissions and green energy. (App focusing on improving carbon footprint-who are our customers? How do we appeal to these customers?) '),
(84, 17, 533, 1, 1, 'Restructure our idea on carbon emissions and green energy. (What makes us unique and what are the rewards for customers altering their lifestyle for carbon footprint advantages?) '),
(85, 17, 537, 1, 1, 'Restructure our idea on carbon emissions and green energy. (Public benefits and Economic benefits?)'),
(86, 18, 348, 1, 1, 'Add to the Powerpoint Presentation including extended ideas for your chosen section: Value Proposition'),
(87, 18, 361, 4, 1, 'Add to the Powerpoint Presentation including extended ideas for your chosen section: Our Problem and Problem Location'),
(88, 18, 405, 1, 1, 'Add to the Powerpoint Presentation including extended ideas for your chosen section: Our Solution and Target Customers'),
(89, 18, 533, 1, 1, 'Add to the Powerpoint Presentation including extended ideas for your chosen section: Competitors '),
(90, 18, 537, 1, 4, 'Add to the Powerpoint Presentation including extended ideas for your chosen section: Business Canvas Model and Funding'),
(91, 19, 348, 1, 1, 'Work on a script for your slides section and time yourself giving the talk, to fit within the template '),
(92, 19, 361, 1, 4, 'Work on a script for your slides section and time yourself giving the talk, to fit within the template'),
(93, 19, 405, 5, 1, 'Work on a script for your slides section and time yourself giving the talk, to fit within the template'),
(94, 19, 533, 1, 1, 'Work on a script for your slides section and time yourself giving the talk, to fit within the template'),
(95, 19, 537, 1, 1, 'Work on a script for your slides section and time yourself giving the talk, to fit within the template'),
(96, 20, 348, 1, 1, 'Meet up online and practice the power-point run through'),
(97, 20, 361, 1, 1, 'Meet up online and practice the power-point run through'),
(98, 20, 405, 1, 1, 'Meet up online and practice the power-point run through'),
(99, 20, 533, 1, 4, 'Meet up online and practice the power-point run through'),
(100, 20, 537, 1, 2, 'Meet up online and practice the power-point run through'),
(101, 21, 371, 4, 1, 'Research problems we may run into i.e. cost, waste and time'),
(102, 21, 458, 2, 1, 'Research how to educate the public better on nuclear energy'),
(103, 21, 487, 1, 2, 'Research the problem combatting the decrease in natural resources '),
(104, 21, 493, 1, 1, 'Research the why the public fear with nuclear power'),
(105, 21, 523, 1, 1, 'Research benefits to the economy for nuclear energy over natural resources'),
(106, 22, 371, 2, 1, 'Restructure our idea on carbon emissions and green energy. (Focus on transport causing pollution.  Which city in England has the worst traffic pollution? Why?)'),
(107, 22, 458, 1, 4, 'Restructure our idea on carbon emissions and green energy. (App focusing on improving carbon footprint-what will entice customers to do this?) '),
(108, 22, 487, 1, 4, 'Restructure our idea on carbon emissions and green energy. (App focusing on improving carbon footprint-who are our customers? How do we appeal to these customers?) '),
(109, 22, 493, 1, 1, 'Restructure our idea on carbon emissions and green energy. (What makes us unique and what are the rewards for customers altering their lifestyle for carbon footprint advantages?) '),
(110, 22, 523, 1, 1, 'Restructure our idea on carbon emissions and green energy. (Public benefits and Economic benefits?)'),
(111, 23, 371, 1, 1, 'Add to the Powerpoint Presentation including extended ideas for your chosen section: Value Proposition'),
(112, 23, 458, 1, 1, 'Add to the Powerpoint Presentation including extended ideas for your chosen section: Our Problem and Problem Location'),
(113, 23, 487, 1, 1, 'Add to the Powerpoint Presentation including extended ideas for your chosen section: Our Solution and Target Customers'),
(114, 23, 493, 4, 1, 'Add to the Powerpoint Presentation including extended ideas for your chosen section: Competitors '),
(115, 23, 523, 1, 1, 'Add to the Powerpoint Presentation including extended ideas for your chosen section: Business Canvas Model and Funding'),
(116, 24, 371, 1, 1, 'Work on a script for your slides section and time yourself giving the talk, to fit within the template '),
(117, 24, 458, 2, 1, 'Work on a script for your slides section and time yourself giving the talk, to fit within the template'),
(118, 24, 487, 4, 1, 'Work on a script for your slides section and time yourself giving the talk, to fit within the template'),
(119, 24, 493, 1, 1, 'Work on a script for your slides section and time yourself giving the talk, to fit within the template'),
(120, 24, 523, 1, 1, 'Work on a script for your slides section and time yourself giving the talk, to fit within the template'),
(121, 25, 371, 4, 1, 'Meet up online and practice the power-point run through'),
(122, 25, 458, 1, 1, 'Meet up online and practice the power-point run through'),
(123, 25, 487, 1, 3, 'Meet up online and practice the power-point run through'),
(124, 25, 493, 5, 1, 'Meet up online and practice the power-point run through'),
(125, 25, 523, 1, 1, 'Meet up online and practice the power-point run through'),
(126, 26, 308, 4, 1, 'Research problems we may run into i.e. cost, waste and time'),
(127, 26, 451, 2, 4, 'Research how to educate the public better on nuclear energy'),
(128, 26, 492, 4, 1, 'Research the problem combatting the decrease in natural resources '),
(129, 26, 501, 2, 3, 'Research the why the public fear with nuclear power'),
(130, 26, 524, 5, 1, 'Research benefits to the economy for nuclear energy over natural resources'),
(131, 27, 308, 1, 1, 'Restructure our idea on carbon emissions and green energy. (Focus on transport causing pollution.  Which city in England has the worst traffic pollution? Why?)'),
(132, 27, 451, 1, 3, 'Restructure our idea on carbon emissions and green energy. (App focusing on improving carbon footprint-what will entice customers to do this?) '),
(133, 27, 492, 1, 1, 'Restructure our idea on carbon emissions and green energy. (App focusing on improving carbon footprint-who are our customers? How do we appeal to these customers?) '),
(134, 27, 501, 4, 1, 'Restructure our idea on carbon emissions and green energy. (What makes us unique and what are the rewards for customers altering their lifestyle for carbon footprint advantages?) '),
(135, 27, 524, 1, 1, 'Restructure our idea on carbon emissions and green energy. (Public benefits and Economic benefits?)'),
(136, 28, 308, 2, 1, 'Add to the Powerpoint Presentation including extended ideas for your chosen section: Value Proposition'),
(137, 28, 451, 5, 3, 'Add to the Powerpoint Presentation including extended ideas for your chosen section: Our Problem and Problem Location'),
(138, 28, 492, 1, 1, 'Add to the Powerpoint Presentation including extended ideas for your chosen section: Our Solution and Target Customers'),
(139, 28, 501, 1, 1, 'Add to the Powerpoint Presentation including extended ideas for your chosen section: Competitors '),
(140, 28, 524, 1, 1, 'Add to the Powerpoint Presentation including extended ideas for your chosen section: Business Canvas Model and Funding'),
(141, 29, 308, 1, 2, 'Work on a script for your slides section and time yourself giving the talk, to fit within the template '),
(142, 29, 451, 2, 1, 'Work on a script for your slides section and time yourself giving the talk, to fit within the template'),
(143, 29, 492, 1, 1, 'Work on a script for your slides section and time yourself giving the talk, to fit within the template'),
(144, 29, 501, 4, 1, 'Work on a script for your slides section and time yourself giving the talk, to fit within the template'),
(145, 29, 524, 1, 1, 'Work on a script for your slides section and time yourself giving the talk, to fit within the template'),
(146, 30, 308, 1, 1, 'Meet up online and practice the power-point run through'),
(147, 30, 451, 5, 1, 'Meet up online and practice the power-point run through'),
(148, 30, 492, 1, 1, 'Meet up online and practice the power-point run through'),
(149, 30, 501, 1, 4, 'Meet up online and practice the power-point run through'),
(150, 30, 524, 1, 1, 'Meet up online and practice the power-point run through'),
(151, 31, 315, 5, 1, 'Research problems we may run into i.e. cost, waste and time'),
(152, 31, 399, 1, 1, 'Research how to educate the public better on nuclear energy'),
(153, 31, 512, 1, 4, 'Research the problem combatting the decrease in natural resources '),
(154, 31, 515, 5, 1, 'Research the why the public fear with nuclear power'),
(155, 31, 517, 3, 1, 'Research benefits to the economy for nuclear energy over natural resources'),
(156, 32, 315, 1, 4, 'Restructure our idea on carbon emissions and green energy. (Focus on transport causing pollution.  Which city in England has the worst traffic pollution? Why?)'),
(157, 32, 399, 1, 1, 'Restructure our idea on carbon emissions and green energy. (App focusing on improving carbon footprint-what will entice customers to do this?) '),
(158, 32, 512, 1, 1, 'Restructure our idea on carbon emissions and green energy. (App focusing on improving carbon footprint-who are our customers? How do we appeal to these customers?) '),
(159, 32, 515, 1, 1, 'Restructure our idea on carbon emissions and green energy. (What makes us unique and what are the rewards for customers altering their lifestyle for carbon footprint advantages?) '),
(160, 32, 517, 4, 1, 'Restructure our idea on carbon emissions and green energy. (Public benefits and Economic benefits?)'),
(161, 33, 315, 1, 1, 'Add to the Powerpoint Presentation including extended ideas for your chosen section: Value Proposition'),
(162, 33, 399, 1, 4, 'Add to the Powerpoint Presentation including extended ideas for your chosen section: Our Problem and Problem Location'),
(163, 33, 512, 4, 4, 'Add to the Powerpoint Presentation including extended ideas for your chosen section: Our Solution and Target Customers'),
(164, 33, 515, 1, 1, 'Add to the Powerpoint Presentation including extended ideas for your chosen section: Competitors '),
(165, 33, 517, 1, 1, 'Add to the Powerpoint Presentation including extended ideas for your chosen section: Business Canvas Model and Funding'),
(166, 34, 315, 1, 1, 'Work on a script for your slides section and time yourself giving the talk, to fit within the template '),
(167, 34, 399, 1, 1, 'Work on a script for your slides section and time yourself giving the talk, to fit within the template'),
(168, 34, 512, 1, 1, 'Work on a script for your slides section and time yourself giving the talk, to fit within the template'),
(169, 34, 515, 1, 3, 'Work on a script for your slides section and time yourself giving the talk, to fit within the template'),
(170, 34, 517, 1, 1, 'Work on a script for your slides section and time yourself giving the talk, to fit within the template'),
(171, 35, 315, 5, 1, 'Meet up online and practice the power-point run through'),
(172, 35, 399, 1, 1, 'Meet up online and practice the power-point run through'),
(173, 35, 512, 1, 1, 'Meet up online and practice the power-point run through'),
(174, 35, 515, 2, 1, 'Meet up online and practice the power-point run through'),
(175, 35, 517, 1, 1, 'Meet up online and practice the power-point run through'),
(176, 36, 296, 1, 1, 'Research problems we may run into i.e. cost, waste and time'),
(177, 36, 337, 1, 4, 'Research how to educate the public better on nuclear energy'),
(178, 36, 363, 5, 1, 'Research the problem combatting the decrease in natural resources '),
(179, 36, 434, 1, 4, 'Research the why the public fear with nuclear power'),
(180, 36, 538, 1, 1, 'Research benefits to the economy for nuclear energy over natural resources'),
(181, 37, 296, 1, 1, 'Restructure our idea on carbon emissions and green energy. (Focus on transport causing pollution.  Which city in England has the worst traffic pollution? Why?)'),
(182, 37, 337, 2, 1, 'Restructure our idea on carbon emissions and green energy. (App focusing on improving carbon footprint-what will entice customers to do this?) '),
(183, 37, 363, 4, 1, 'Restructure our idea on carbon emissions and green energy. (App focusing on improving carbon footprint-who are our customers? How do we appeal to these customers?) '),
(184, 37, 434, 1, 1, 'Restructure our idea on carbon emissions and green energy. (What makes us unique and what are the rewards for customers altering their lifestyle for carbon footprint advantages?) '),
(185, 37, 538, 2, 4, 'Restructure our idea on carbon emissions and green energy. (Public benefits and Economic benefits?)'),
(186, 38, 296, 5, 4, 'Add to the Powerpoint Presentation including extended ideas for your chosen section: Value Proposition'),
(187, 38, 337, 1, 1, 'Add to the Powerpoint Presentation including extended ideas for your chosen section: Our Problem and Problem Location'),
(188, 38, 363, 2, 1, 'Add to the Powerpoint Presentation including extended ideas for your chosen section: Our Solution and Target Customers'),
(189, 38, 434, 1, 1, 'Add to the Powerpoint Presentation including extended ideas for your chosen section: Competitors '),
(190, 38, 538, 1, 1, 'Add to the Powerpoint Presentation including extended ideas for your chosen section: Business Canvas Model and Funding'),
(191, 39, 296, 1, 1, 'Work on a script for your slides section and time yourself giving the talk, to fit within the template '),
(192, 39, 337, 1, 1, 'Work on a script for your slides section and time yourself giving the talk, to fit within the template'),
(193, 39, 363, 1, 4, 'Work on a script for your slides section and time yourself giving the talk, to fit within the template'),
(194, 39, 434, 1, 1, 'Work on a script for your slides section and time yourself giving the talk, to fit within the template'),
(195, 39, 538, 1, 1, 'Work on a script for your slides section and time yourself giving the talk, to fit within the template'),
(196, 40, 296, 5, 1, 'Meet up online and practice the power-point run through'),
(197, 40, 337, 1, 1, 'Meet up online and practice the power-point run through'),
(198, 40, 363, 1, 1, 'Meet up online and practice the power-point run through'),
(199, 40, 434, 3, 1, 'Meet up online and practice the power-point run through'),
(200, 40, 538, 1, 4, 'Meet up online and practice the power-point run through'),
(201, 41, 305, 1, 1, 'Research problems we may run into i.e. cost, waste and time'),
(202, 41, 368, 1, 1, 'Research how to educate the public better on nuclear energy'),
(203, 41, 385, 5, 1, 'Research the problem combatting the decrease in natural resources '),
(204, 41, 421, 1, 1, 'Research the why the public fear with nuclear power'),
(205, 41, 448, 1, 1, 'Research benefits to the economy for nuclear energy over natural resources'),
(206, 42, 305, 1, 4, 'Restructure our idea on carbon emissions and green energy. (Focus on transport causing pollution.  Which city in England has the worst traffic pollution? Why?)'),
(207, 42, 368, 1, 1, 'Restructure our idea on carbon emissions and green energy. (App focusing on improving carbon footprint-what will entice customers to do this?) '),
(208, 42, 385, 1, 1, 'Restructure our idea on carbon emissions and green energy. (App focusing on improving carbon footprint-who are our customers? How do we appeal to these customers?) '),
(209, 42, 421, 1, 1, 'Restructure our idea on carbon emissions and green energy. (What makes us unique and what are the rewards for customers altering their lifestyle for carbon footprint advantages?) '),
(210, 42, 448, 4, 2, 'Restructure our idea on carbon emissions and green energy. (Public benefits and Economic benefits?)'),
(211, 43, 305, 4, 1, 'Add to the Powerpoint Presentation including extended ideas for your chosen section: Value Proposition'),
(212, 43, 368, 1, 1, 'Add to the Powerpoint Presentation including extended ideas for your chosen section: Our Problem and Problem Location'),
(213, 43, 385, 1, 1, 'Add to the Powerpoint Presentation including extended ideas for your chosen section: Our Solution and Target Customers'),
(214, 43, 421, 1, 1, 'Add to the Powerpoint Presentation including extended ideas for your chosen section: Competitors '),
(215, 43, 448, 1, 4, 'Add to the Powerpoint Presentation including extended ideas for your chosen section: Business Canvas Model and Funding'),
(216, 44, 305, 1, 4, 'Work on a script for your slides section and time yourself giving the talk, to fit within the template '),
(217, 44, 368, 1, 4, 'Work on a script for your slides section and time yourself giving the talk, to fit within the template'),
(218, 44, 385, 5, 1, 'Work on a script for your slides section and time yourself giving the talk, to fit within the template'),
(219, 44, 421, 1, 4, 'Work on a script for your slides section and time yourself giving the talk, to fit within the template'),
(220, 44, 448, 1, 4, 'Work on a script for your slides section and time yourself giving the talk, to fit within the template'),
(221, 45, 305, 1, 1, 'Meet up online and practice the power-point run through'),
(222, 45, 368, 5, 1, 'Meet up online and practice the power-point run through'),
(223, 45, 385, 1, 4, 'Meet up online and practice the power-point run through'),
(224, 45, 421, 1, 4, 'Meet up online and practice the power-point run through'),
(225, 45, 448, 1, 3, 'Meet up online and practice the power-point run through'),
(226, 46, 336, 1, 1, 'Research problems we may run into i.e. cost, waste and time'),
(227, 46, 446, 1, 1, 'Research how to educate the public better on nuclear energy'),
(228, 46, 454, 5, 1, 'Research the problem combatting the decrease in natural resources '),
(229, 46, 457, 1, 1, 'Research the why the public fear with nuclear power'),
(230, 46, 540, 1, 4, 'Research benefits to the economy for nuclear energy over natural resources'),
(231, 47, 336, 5, 1, 'Restructure our idea on carbon emissions and green energy. (Focus on transport causing pollution.  Which city in England has the worst traffic pollution? Why?)'),
(232, 47, 446, 1, 1, 'Restructure our idea on carbon emissions and green energy. (App focusing on improving carbon footprint-what will entice customers to do this?) '),
(233, 47, 454, 4, 1, 'Restructure our idea on carbon emissions and green energy. (App focusing on improving carbon footprint-who are our customers? How do we appeal to these customers?) '),
(234, 47, 457, 4, 2, 'Restructure our idea on carbon emissions and green energy. (What makes us unique and what are the rewards for customers altering their lifestyle for carbon footprint advantages?) '),
(235, 47, 540, 1, 4, 'Restructure our idea on carbon emissions and green energy. (Public benefits and Economic benefits?)'),
(236, 48, 336, 1, 1, 'Add to the Powerpoint Presentation including extended ideas for your chosen section: Value Proposition'),
(237, 48, 446, 4, 1, 'Add to the Powerpoint Presentation including extended ideas for your chosen section: Our Problem and Problem Location'),
(238, 48, 454, 1, 1, 'Add to the Powerpoint Presentation including extended ideas for your chosen section: Our Solution and Target Customers'),
(239, 48, 457, 1, 2, 'Add to the Powerpoint Presentation including extended ideas for your chosen section: Competitors '),
(240, 48, 540, 1, 4, 'Add to the Powerpoint Presentation including extended ideas for your chosen section: Business Canvas Model and Funding'),
(241, 49, 336, 1, 4, 'Work on a script for your slides section and time yourself giving the talk, to fit within the template '),
(242, 49, 446, 1, 1, 'Work on a script for your slides section and time yourself giving the talk, to fit within the template'),
(243, 49, 454, 2, 1, 'Work on a script for your slides section and time yourself giving the talk, to fit within the template'),
(244, 49, 457, 5, 2, 'Work on a script for your slides section and time yourself giving the talk, to fit within the template'),
(245, 49, 540, 1, 1, 'Work on a script for your slides section and time yourself giving the talk, to fit within the template'),
(246, 50, 336, 1, 1, 'Meet up online and practice the power-point run through'),
(247, 50, 446, 1, 4, 'Meet up online and practice the power-point run through'),
(248, 50, 454, 4, 1, 'Meet up online and practice the power-point run through'),
(249, 50, 457, 4, 4, 'Meet up online and practice the power-point run through'),
(250, 50, 540, 2, 4, 'Meet up online and practice the power-point run through'),
(251, 51, 284, 1, 1, 'Research problems we may run into i.e. cost, waste and time'),
(252, 51, 319, 1, 4, 'Research how to educate the public better on nuclear energy'),
(253, 51, 418, 3, 2, 'Research the problem combatting the decrease in natural resources '),
(254, 51, 468, 4, 4, 'Research the why the public fear with nuclear power'),
(255, 51, 532, 1, 1, 'Research benefits to the economy for nuclear energy over natural resources'),
(256, 52, 284, 1, 1, 'Restructure our idea on carbon emissions and green energy. (Focus on transport causing pollution.  Which city in England has the worst traffic pollution? Why?)'),
(257, 52, 319, 4, 4, 'Restructure our idea on carbon emissions and green energy. (App focusing on improving carbon footprint-what will entice customers to do this?) '),
(258, 52, 418, 1, 1, 'Restructure our idea on carbon emissions and green energy. (App focusing on improving carbon footprint-who are our customers? How do we appeal to these customers?) '),
(259, 52, 468, 5, 1, 'Restructure our idea on carbon emissions and green energy. (What makes us unique and what are the rewards for customers altering their lifestyle for carbon footprint advantages?) '),
(260, 52, 532, 1, 3, 'Restructure our idea on carbon emissions and green energy. (Public benefits and Economic benefits?)'),
(261, 53, 284, 1, 1, 'Add to the Powerpoint Presentation including extended ideas for your chosen section: Value Proposition'),
(262, 53, 319, 1, 1, 'Add to the Powerpoint Presentation including extended ideas for your chosen section: Our Problem and Problem Location'),
(263, 53, 418, 1, 4, 'Add to the Powerpoint Presentation including extended ideas for your chosen section: Our Solution and Target Customers'),
(264, 53, 468, 1, 1, 'Add to the Powerpoint Presentation including extended ideas for your chosen section: Competitors '),
(265, 53, 532, 5, 4, 'Add to the Powerpoint Presentation including extended ideas for your chosen section: Business Canvas Model and Funding'),
(266, 54, 284, 1, 2, 'Work on a script for your slides section and time yourself giving the talk, to fit within the template '),
(267, 54, 319, 1, 3, 'Work on a script for your slides section and time yourself giving the talk, to fit within the template'),
(268, 54, 418, 1, 4, 'Work on a script for your slides section and time yourself giving the talk, to fit within the template'),
(269, 54, 468, 1, 1, 'Work on a script for your slides section and time yourself giving the talk, to fit within the template'),
(270, 54, 532, 1, 4, 'Work on a script for your slides section and time yourself giving the talk, to fit within the template'),
(271, 55, 284, 4, 1, 'Meet up online and practice the power-point run through'),
(272, 55, 319, 1, 2, 'Meet up online and practice the power-point run through'),
(273, 55, 418, 1, 4, 'Meet up online and practice the power-point run through'),
(274, 55, 468, 1, 4, 'Meet up online and practice the power-point run through'),
(275, 55, 532, 1, 1, 'Meet up online and practice the power-point run through'),
(276, 56, 276, 1, 1, 'Research problems we may run into i.e. cost, waste and time'),
(277, 56, 351, 1, 1, 'Research how to educate the public better on nuclear energy'),
(278, 56, 379, 3, 4, 'Research the problem combatting the decrease in natural resources '),
(279, 56, 390, 1, 1, 'Research the why the public fear with nuclear power'),
(280, 56, 544, 1, 2, 'Research benefits to the economy for nuclear energy over natural resources'),
(281, 57, 276, 1, 2, 'Restructure our idea on carbon emissions and green energy. (Focus on transport causing pollution.  Which city in England has the worst traffic pollution? Why?)'),
(282, 57, 351, 1, 1, 'Restructure our idea on carbon emissions and green energy. (App focusing on improving carbon footprint-what will entice customers to do this?) '),
(283, 57, 379, 1, 1, 'Restructure our idea on carbon emissions and green energy. (App focusing on improving carbon footprint-who are our customers? How do we appeal to these customers?) '),
(284, 57, 390, 2, 1, 'Restructure our idea on carbon emissions and green energy. (What makes us unique and what are the rewards for customers altering their lifestyle for carbon footprint advantages?) '),
(285, 57, 544, 4, 2, 'Restructure our idea on carbon emissions and green energy. (Public benefits and Economic benefits?)'),
(286, 58, 276, 2, 2, 'Add to the Powerpoint Presentation including extended ideas for your chosen section: Value Proposition'),
(287, 58, 351, 1, 4, 'Add to the Powerpoint Presentation including extended ideas for your chosen section: Our Problem and Problem Location'),
(288, 58, 379, 4, 1, 'Add to the Powerpoint Presentation including extended ideas for your chosen section: Our Solution and Target Customers'),
(289, 58, 390, 5, 1, 'Add to the Powerpoint Presentation including extended ideas for your chosen section: Competitors '),
(290, 58, 544, 1, 1, 'Add to the Powerpoint Presentation including extended ideas for your chosen section: Business Canvas Model and Funding'),
(291, 59, 276, 4, 2, 'Work on a script for your slides section and time yourself giving the talk, to fit within the template '),
(292, 59, 351, 1, 1, 'Work on a script for your slides section and time yourself giving the talk, to fit within the template'),
(293, 59, 379, 1, 1, 'Work on a script for your slides section and time yourself giving the talk, to fit within the template'),
(294, 59, 390, 4, 1, 'Work on a script for your slides section and time yourself giving the talk, to fit within the template'),
(295, 59, 544, 5, 4, 'Work on a script for your slides section and time yourself giving the talk, to fit within the template'),
(296, 60, 276, 5, 1, 'Meet up online and practice the power-point run through'),
(297, 60, 351, 4, 1, 'Meet up online and practice the power-point run through'),
(298, 60, 379, 1, 1, 'Meet up online and practice the power-point run through'),
(299, 60, 390, 1, 1, 'Meet up online and practice the power-point run through'),
(300, 60, 544, 4, 4, 'Meet up online and practice the power-point run through'),
(301, 61, 275, 1, 4, 'Research problems we may run into i.e. cost, waste and time'),
(302, 61, 288, 1, 1, 'Research how to educate the public better on nuclear energy'),
(303, 61, 299, 1, 4, 'Research the problem combatting the decrease in natural resources '),
(304, 61, 356, 1, 1, 'Research the why the public fear with nuclear power'),
(305, 61, 498, 1, 1, 'Research benefits to the economy for nuclear energy over natural resources'),
(306, 62, 275, 4, 1, 'Restructure our idea on carbon emissions and green energy. (Focus on transport causing pollution.  Which city in England has the worst traffic pollution? Why?)'),
(307, 62, 288, 4, 1, 'Restructure our idea on carbon emissions and green energy. (App focusing on improving carbon footprint-what will entice customers to do this?) '),
(308, 62, 299, 1, 2, 'Restructure our idea on carbon emissions and green energy. (App focusing on improving carbon footprint-who are our customers? How do we appeal to these customers?) '),
(309, 62, 356, 1, 2, 'Restructure our idea on carbon emissions and green energy. (What makes us unique and what are the rewards for customers altering their lifestyle for carbon footprint advantages?) '),
(310, 62, 498, 1, 1, 'Restructure our idea on carbon emissions and green energy. (Public benefits and Economic benefits?)'),
(311, 63, 275, 1, 1, 'Add to the Powerpoint Presentation including extended ideas for your chosen section: Value Proposition'),
(312, 63, 288, 5, 1, 'Add to the Powerpoint Presentation including extended ideas for your chosen section: Our Problem and Problem Location'),
(313, 63, 299, 5, 1, 'Add to the Powerpoint Presentation including extended ideas for your chosen section: Our Solution and Target Customers'),
(314, 63, 356, 1, 1, 'Add to the Powerpoint Presentation including extended ideas for your chosen section: Competitors '),
(315, 63, 498, 1, 4, 'Add to the Powerpoint Presentation including extended ideas for your chosen section: Business Canvas Model and Funding'),
(316, 64, 275, 1, 1, 'Work on a script for your slides section and time yourself giving the talk, to fit within the template '),
(317, 64, 288, 1, 4, 'Work on a script for your slides section and time yourself giving the talk, to fit within the template'),
(318, 64, 299, 1, 1, 'Work on a script for your slides section and time yourself giving the talk, to fit within the template'),
(319, 64, 356, 1, 3, 'Work on a script for your slides section and time yourself giving the talk, to fit within the template'),
(320, 64, 498, 1, 1, 'Work on a script for your slides section and time yourself giving the talk, to fit within the template'),
(321, 65, 275, 4, 1, 'Meet up online and practice the power-point run through'),
(322, 65, 288, 1, 1, 'Meet up online and practice the power-point run through'),
(323, 65, 299, 5, 2, 'Meet up online and practice the power-point run through'),
(324, 65, 356, 4, 1, 'Meet up online and practice the power-point run through'),
(325, 65, 498, 5, 1, 'Meet up online and practice the power-point run through'),
(326, 66, 412, 4, 2, 'Research problems we may run into i.e. cost, waste and time'),
(327, 66, 427, 1, 4, 'Research how to educate the public better on nuclear energy'),
(328, 66, 462, 1, 1, 'Research the problem combatting the decrease in natural resources '),
(329, 66, 518, 1, 4, 'Research the why the public fear with nuclear power'),
(330, 66, 536, 1, 4, 'Research benefits to the economy for nuclear energy over natural resources'),
(331, 67, 412, 1, 1, 'Restructure our idea on carbon emissions and green energy. (Focus on transport causing pollution.  Which city in England has the worst traffic pollution? Why?)'),
(332, 67, 427, 1, 1, 'Restructure our idea on carbon emissions and green energy. (App focusing on improving carbon footprint-what will entice customers to do this?) '),
(333, 67, 462, 5, 1, 'Restructure our idea on carbon emissions and green energy. (App focusing on improving carbon footprint-who are our customers? How do we appeal to these customers?) '),
(334, 67, 518, 1, 1, 'Restructure our idea on carbon emissions and green energy. (What makes us unique and what are the rewards for customers altering their lifestyle for carbon footprint advantages?) '),
(335, 67, 536, 1, 1, 'Restructure our idea on carbon emissions and green energy. (Public benefits and Economic benefits?)'),
(336, 68, 412, 5, 1, 'Add to the Powerpoint Presentation including extended ideas for your chosen section: Value Proposition'),
(337, 68, 427, 5, 1, 'Add to the Powerpoint Presentation including extended ideas for your chosen section: Our Problem and Problem Location'),
(338, 68, 462, 4, 4, 'Add to the Powerpoint Presentation including extended ideas for your chosen section: Our Solution and Target Customers'),
(339, 68, 518, 1, 1, 'Add to the Powerpoint Presentation including extended ideas for your chosen section: Competitors '),
(340, 68, 536, 1, 4, 'Add to the Powerpoint Presentation including extended ideas for your chosen section: Business Canvas Model and Funding'),
(341, 69, 412, 1, 1, 'Work on a script for your slides section and time yourself giving the talk, to fit within the template '),
(342, 69, 427, 5, 4, 'Work on a script for your slides section and time yourself giving the talk, to fit within the template'),
(343, 69, 462, 1, 1, 'Work on a script for your slides section and time yourself giving the talk, to fit within the template'),
(344, 69, 518, 1, 1, 'Work on a script for your slides section and time yourself giving the talk, to fit within the template'),
(345, 69, 536, 1, 1, 'Work on a script for your slides section and time yourself giving the talk, to fit within the template'),
(346, 70, 412, 1, 1, 'Meet up online and practice the power-point run through'),
(347, 70, 427, 1, 4, 'Meet up online and practice the power-point run through'),
(348, 70, 462, 1, 2, 'Meet up online and practice the power-point run through'),
(349, 70, 518, 5, 1, 'Meet up online and practice the power-point run through'),
(350, 70, 536, 2, 1, 'Meet up online and practice the power-point run through'),
(351, 71, 311, 5, 2, 'Research problems we may run into i.e. cost, waste and time'),
(352, 71, 334, 1, 1, 'Research how to educate the public better on nuclear energy'),
(353, 71, 342, 5, 1, 'Research the problem combatting the decrease in natural resources '),
(354, 71, 400, 5, 3, 'Research the why the public fear with nuclear power'),
(355, 71, 504, 5, 1, 'Research benefits to the economy for nuclear energy over natural resources'),
(356, 72, 311, 5, 1, 'Restructure our idea on carbon emissions and green energy. (Focus on transport causing pollution.  Which city in England has the worst traffic pollution? Why?)'),
(357, 72, 334, 1, 1, 'Restructure our idea on carbon emissions and green energy. (App focusing on improving carbon footprint-what will entice customers to do this?) '),
(358, 72, 342, 1, 1, 'Restructure our idea on carbon emissions and green energy. (App focusing on improving carbon footprint-who are our customers? How do we appeal to these customers?) '),
(359, 72, 400, 1, 4, 'Restructure our idea on carbon emissions and green energy. (What makes us unique and what are the rewards for customers altering their lifestyle for carbon footprint advantages?) '),
(360, 72, 504, 1, 1, 'Restructure our idea on carbon emissions and green energy. (Public benefits and Economic benefits?)'),
(361, 73, 311, 1, 2, 'Add to the Powerpoint Presentation including extended ideas for your chosen section: Value Proposition'),
(362, 73, 334, 5, 1, 'Add to the Powerpoint Presentation including extended ideas for your chosen section: Our Problem and Problem Location'),
(363, 73, 342, 2, 1, 'Add to the Powerpoint Presentation including extended ideas for your chosen section: Our Solution and Target Customers'),
(364, 73, 400, 5, 4, 'Add to the Powerpoint Presentation including extended ideas for your chosen section: Competitors '),
(365, 73, 504, 1, 4, 'Add to the Powerpoint Presentation including extended ideas for your chosen section: Business Canvas Model and Funding'),
(366, 74, 311, 3, 1, 'Work on a script for your slides section and time yourself giving the talk, to fit within the template '),
(367, 74, 334, 1, 4, 'Work on a script for your slides section and time yourself giving the talk, to fit within the template'),
(368, 74, 342, 1, 1, 'Work on a script for your slides section and time yourself giving the talk, to fit within the template'),
(369, 74, 400, 5, 1, 'Work on a script for your slides section and time yourself giving the talk, to fit within the template'),
(370, 74, 504, 1, 1, 'Work on a script for your slides section and time yourself giving the talk, to fit within the template'),
(371, 75, 311, 1, 1, 'Meet up online and practice the power-point run through'),
(372, 75, 334, 1, 2, 'Meet up online and practice the power-point run through'),
(373, 75, 342, 1, 4, 'Meet up online and practice the power-point run through'),
(374, 75, 400, 1, 2, 'Meet up online and practice the power-point run through'),
(375, 75, 504, 5, 1, 'Meet up online and practice the power-point run through'),
(376, 76, 320, 1, 1, 'Research problems we may run into i.e. cost, waste and time'),
(377, 76, 327, 4, 3, 'Research how to educate the public better on nuclear energy'),
(378, 76, 404, 3, 4, 'Research the problem combatting the decrease in natural resources '),
(379, 76, 426, 3, 4, 'Research the why the public fear with nuclear power'),
(380, 76, 460, 5, 1, 'Research benefits to the economy for nuclear energy over natural resources'),
(381, 77, 320, 1, 1, 'Restructure our idea on carbon emissions and green energy. (Focus on transport causing pollution.  Which city in England has the worst traffic pollution? Why?)'),
(382, 77, 327, 4, 1, 'Restructure our idea on carbon emissions and green energy. (App focusing on improving carbon footprint-what will entice customers to do this?) '),
(383, 77, 404, 1, 1, 'Restructure our idea on carbon emissions and green energy. (App focusing on improving carbon footprint-who are our customers? How do we appeal to these customers?) '),
(384, 77, 426, 1, 1, 'Restructure our idea on carbon emissions and green energy. (What makes us unique and what are the rewards for customers altering their lifestyle for carbon footprint advantages?) '),
(385, 77, 460, 1, 1, 'Restructure our idea on carbon emissions and green energy. (Public benefits and Economic benefits?)'),
(386, 78, 320, 1, 1, 'Add to the Powerpoint Presentation including extended ideas for your chosen section: Value Proposition'),
(387, 78, 327, 1, 1, 'Add to the Powerpoint Presentation including extended ideas for your chosen section: Our Problem and Problem Location'),
(388, 78, 404, 4, 1, 'Add to the Powerpoint Presentation including extended ideas for your chosen section: Our Solution and Target Customers'),
(389, 78, 426, 2, 1, 'Add to the Powerpoint Presentation including extended ideas for your chosen section: Competitors '),
(390, 78, 460, 1, 4, 'Add to the Powerpoint Presentation including extended ideas for your chosen section: Business Canvas Model and Funding'),
(391, 79, 320, 3, 1, 'Work on a script for your slides section and time yourself giving the talk, to fit within the template '),
(392, 79, 327, 1, 1, 'Work on a script for your slides section and time yourself giving the talk, to fit within the template'),
(393, 79, 404, 4, 1, 'Work on a script for your slides section and time yourself giving the talk, to fit within the template'),
(394, 79, 426, 1, 4, 'Work on a script for your slides section and time yourself giving the talk, to fit within the template'),
(395, 79, 460, 1, 1, 'Work on a script for your slides section and time yourself giving the talk, to fit within the template'),
(396, 80, 320, 1, 4, 'Meet up online and practice the power-point run through'),
(397, 80, 327, 1, 1, 'Meet up online and practice the power-point run through'),
(398, 80, 404, 4, 4, 'Meet up online and practice the power-point run through'),
(399, 80, 426, 5, 3, 'Meet up online and practice the power-point run through'),
(400, 80, 460, 1, 1, 'Meet up online and practice the power-point run through'),
(401, 81, 354, 4, 1, 'Research problems we may run into i.e. cost, waste and time'),
(402, 81, 439, 2, 1, 'Research how to educate the public better on nuclear energy'),
(403, 81, 459, 2, 4, 'Research the problem combatting the decrease in natural resources '),
(404, 81, 482, 1, 1, 'Research the why the public fear with nuclear power'),
(405, 81, 489, 1, 3, 'Research benefits to the economy for nuclear energy over natural resources'),
(406, 82, 354, 5, 1, 'Restructure our idea on carbon emissions and green energy. (Focus on transport causing pollution.  Which city in England has the worst traffic pollution? Why?)'),
(407, 82, 439, 1, 4, 'Restructure our idea on carbon emissions and green energy. (App focusing on improving carbon footprint-what will entice customers to do this?) '),
(408, 82, 459, 1, 4, 'Restructure our idea on carbon emissions and green energy. (App focusing on improving carbon footprint-who are our customers? How do we appeal to these customers?) '),
(409, 82, 482, 1, 1, 'Restructure our idea on carbon emissions and green energy. (What makes us unique and what are the rewards for customers altering their lifestyle for carbon footprint advantages?) '),
(410, 82, 489, 1, 1, 'Restructure our idea on carbon emissions and green energy. (Public benefits and Economic benefits?)'),
(411, 83, 354, 5, 1, 'Add to the Powerpoint Presentation including extended ideas for your chosen section: Value Proposition'),
(412, 83, 439, 1, 2, 'Add to the Powerpoint Presentation including extended ideas for your chosen section: Our Problem and Problem Location'),
(413, 83, 459, 1, 1, 'Add to the Powerpoint Presentation including extended ideas for your chosen section: Our Solution and Target Customers'),
(414, 83, 482, 1, 2, 'Add to the Powerpoint Presentation including extended ideas for your chosen section: Competitors '),
(415, 83, 489, 1, 3, 'Add to the Powerpoint Presentation including extended ideas for your chosen section: Business Canvas Model and Funding'),
(416, 84, 354, 4, 4, 'Work on a script for your slides section and time yourself giving the talk, to fit within the template ');
INSERT INTO `Contributions` (`ContributionID`, `ContributionLogID`, `ContributionUserID`, `ContributionAttendanceID`, `ContributionCompletionID`, `ContributionFuturetasks`) VALUES
(417, 84, 439, 4, 4, 'Work on a script for your slides section and time yourself giving the talk, to fit within the template'),
(418, 84, 459, 1, 1, 'Work on a script for your slides section and time yourself giving the talk, to fit within the template'),
(419, 84, 482, 1, 1, 'Work on a script for your slides section and time yourself giving the talk, to fit within the template'),
(420, 84, 489, 1, 1, 'Work on a script for your slides section and time yourself giving the talk, to fit within the template'),
(421, 85, 354, 5, 4, 'Meet up online and practice the power-point run through'),
(422, 85, 439, 1, 1, 'Meet up online and practice the power-point run through'),
(423, 85, 459, 4, 1, 'Meet up online and practice the power-point run through'),
(424, 85, 482, 4, 1, 'Meet up online and practice the power-point run through'),
(425, 85, 489, 1, 3, 'Meet up online and practice the power-point run through'),
(426, 86, 323, 1, 1, 'Research problems we may run into i.e. cost, waste and time'),
(427, 86, 353, 1, 4, 'Research how to educate the public better on nuclear energy'),
(428, 86, 358, 1, 1, 'Research the problem combatting the decrease in natural resources '),
(429, 86, 503, 4, 4, 'Research the why the public fear with nuclear power'),
(430, 86, 539, 1, 1, 'Research benefits to the economy for nuclear energy over natural resources'),
(431, 87, 323, 1, 1, 'Restructure our idea on carbon emissions and green energy. (Focus on transport causing pollution.  Which city in England has the worst traffic pollution? Why?)'),
(432, 87, 353, 1, 3, 'Restructure our idea on carbon emissions and green energy. (App focusing on improving carbon footprint-what will entice customers to do this?) '),
(433, 87, 358, 1, 2, 'Restructure our idea on carbon emissions and green energy. (App focusing on improving carbon footprint-who are our customers? How do we appeal to these customers?) '),
(434, 87, 503, 4, 1, 'Restructure our idea on carbon emissions and green energy. (What makes us unique and what are the rewards for customers altering their lifestyle for carbon footprint advantages?) '),
(435, 87, 539, 1, 1, 'Restructure our idea on carbon emissions and green energy. (Public benefits and Economic benefits?)'),
(436, 88, 323, 4, 2, 'Add to the Powerpoint Presentation including extended ideas for your chosen section: Value Proposition'),
(437, 88, 353, 2, 4, 'Add to the Powerpoint Presentation including extended ideas for your chosen section: Our Problem and Problem Location'),
(438, 88, 358, 1, 3, 'Add to the Powerpoint Presentation including extended ideas for your chosen section: Our Solution and Target Customers'),
(439, 88, 503, 1, 1, 'Add to the Powerpoint Presentation including extended ideas for your chosen section: Competitors '),
(440, 88, 539, 4, 1, 'Add to the Powerpoint Presentation including extended ideas for your chosen section: Business Canvas Model and Funding'),
(441, 89, 323, 1, 1, 'Work on a script for your slides section and time yourself giving the talk, to fit within the template '),
(442, 89, 353, 1, 1, 'Work on a script for your slides section and time yourself giving the talk, to fit within the template'),
(443, 89, 358, 1, 4, 'Work on a script for your slides section and time yourself giving the talk, to fit within the template'),
(444, 89, 503, 4, 1, 'Work on a script for your slides section and time yourself giving the talk, to fit within the template'),
(445, 89, 539, 1, 4, 'Work on a script for your slides section and time yourself giving the talk, to fit within the template'),
(446, 90, 323, 2, 4, 'Meet up online and practice the power-point run through'),
(447, 90, 353, 4, 1, 'Meet up online and practice the power-point run through'),
(448, 90, 358, 1, 2, 'Meet up online and practice the power-point run through'),
(449, 90, 503, 1, 1, 'Meet up online and practice the power-point run through'),
(450, 90, 539, 1, 1, 'Meet up online and practice the power-point run through'),
(451, 91, 322, 1, 1, 'Research problems we may run into i.e. cost, waste and time'),
(452, 91, 382, 1, 4, 'Research how to educate the public better on nuclear energy'),
(453, 91, 395, 1, 1, 'Research the problem combatting the decrease in natural resources '),
(454, 91, 429, 1, 1, 'Research the why the public fear with nuclear power'),
(455, 91, 476, 1, 1, 'Research benefits to the economy for nuclear energy over natural resources'),
(456, 92, 322, 5, 1, 'Restructure our idea on carbon emissions and green energy. (Focus on transport causing pollution.  Which city in England has the worst traffic pollution? Why?)'),
(457, 92, 382, 1, 1, 'Restructure our idea on carbon emissions and green energy. (App focusing on improving carbon footprint-what will entice customers to do this?) '),
(458, 92, 395, 1, 1, 'Restructure our idea on carbon emissions and green energy. (App focusing on improving carbon footprint-who are our customers? How do we appeal to these customers?) '),
(459, 92, 429, 1, 1, 'Restructure our idea on carbon emissions and green energy. (What makes us unique and what are the rewards for customers altering their lifestyle for carbon footprint advantages?) '),
(460, 92, 476, 1, 1, 'Restructure our idea on carbon emissions and green energy. (Public benefits and Economic benefits?)'),
(461, 93, 322, 1, 1, 'Add to the Powerpoint Presentation including extended ideas for your chosen section: Value Proposition'),
(462, 93, 382, 1, 1, 'Add to the Powerpoint Presentation including extended ideas for your chosen section: Our Problem and Problem Location'),
(463, 93, 395, 1, 4, 'Add to the Powerpoint Presentation including extended ideas for your chosen section: Our Solution and Target Customers'),
(464, 93, 429, 1, 1, 'Add to the Powerpoint Presentation including extended ideas for your chosen section: Competitors '),
(465, 93, 476, 1, 1, 'Add to the Powerpoint Presentation including extended ideas for your chosen section: Business Canvas Model and Funding'),
(466, 94, 322, 1, 1, 'Work on a script for your slides section and time yourself giving the talk, to fit within the template '),
(467, 94, 382, 4, 1, 'Work on a script for your slides section and time yourself giving the talk, to fit within the template'),
(468, 94, 395, 1, 1, 'Work on a script for your slides section and time yourself giving the talk, to fit within the template'),
(469, 94, 429, 1, 1, 'Work on a script for your slides section and time yourself giving the talk, to fit within the template'),
(470, 94, 476, 1, 1, 'Work on a script for your slides section and time yourself giving the talk, to fit within the template'),
(471, 95, 322, 1, 1, 'Meet up online and practice the power-point run through'),
(472, 95, 382, 4, 1, 'Meet up online and practice the power-point run through'),
(473, 95, 395, 1, 1, 'Meet up online and practice the power-point run through'),
(474, 95, 429, 4, 1, 'Meet up online and practice the power-point run through'),
(475, 95, 476, 1, 1, 'Meet up online and practice the power-point run through'),
(476, 96, 291, 1, 4, 'Research problems we may run into i.e. cost, waste and time'),
(477, 96, 294, 1, 4, 'Research how to educate the public better on nuclear energy'),
(478, 96, 329, 5, 1, 'Research the problem combatting the decrease in natural resources '),
(479, 96, 365, 5, 1, 'Research the why the public fear with nuclear power'),
(480, 96, 491, 1, 1, 'Research benefits to the economy for nuclear energy over natural resources'),
(481, 97, 291, 1, 1, 'Restructure our idea on carbon emissions and green energy. (Focus on transport causing pollution.  Which city in England has the worst traffic pollution? Why?)'),
(482, 97, 294, 1, 1, 'Restructure our idea on carbon emissions and green energy. (App focusing on improving carbon footprint-what will entice customers to do this?) '),
(483, 97, 329, 5, 1, 'Restructure our idea on carbon emissions and green energy. (App focusing on improving carbon footprint-who are our customers? How do we appeal to these customers?) '),
(484, 97, 365, 1, 1, 'Restructure our idea on carbon emissions and green energy. (What makes us unique and what are the rewards for customers altering their lifestyle for carbon footprint advantages?) '),
(485, 97, 491, 1, 1, 'Restructure our idea on carbon emissions and green energy. (Public benefits and Economic benefits?)'),
(486, 98, 291, 1, 1, 'Add to the Powerpoint Presentation including extended ideas for your chosen section: Value Proposition'),
(487, 98, 294, 1, 1, 'Add to the Powerpoint Presentation including extended ideas for your chosen section: Our Problem and Problem Location'),
(488, 98, 329, 1, 1, 'Add to the Powerpoint Presentation including extended ideas for your chosen section: Our Solution and Target Customers'),
(489, 98, 365, 1, 1, 'Add to the Powerpoint Presentation including extended ideas for your chosen section: Competitors '),
(490, 98, 491, 1, 1, 'Add to the Powerpoint Presentation including extended ideas for your chosen section: Business Canvas Model and Funding'),
(491, 99, 291, 4, 1, 'Work on a script for your slides section and time yourself giving the talk, to fit within the template '),
(492, 99, 294, 4, 1, 'Work on a script for your slides section and time yourself giving the talk, to fit within the template'),
(493, 99, 329, 4, 2, 'Work on a script for your slides section and time yourself giving the talk, to fit within the template'),
(494, 99, 365, 1, 1, 'Work on a script for your slides section and time yourself giving the talk, to fit within the template'),
(495, 99, 491, 2, 1, 'Work on a script for your slides section and time yourself giving the talk, to fit within the template'),
(496, 100, 291, 1, 1, 'Meet up online and practice the power-point run through'),
(497, 100, 294, 1, 1, 'Meet up online and practice the power-point run through'),
(498, 100, 329, 1, 1, 'Meet up online and practice the power-point run through'),
(499, 100, 365, 1, 1, 'Meet up online and practice the power-point run through'),
(500, 100, 491, 1, 1, 'Meet up online and practice the power-point run through'),
(501, 101, 339, 1, 1, 'Research problems we may run into i.e. cost, waste and time'),
(502, 101, 357, 1, 1, 'Research how to educate the public better on nuclear energy'),
(503, 101, 387, 1, 1, 'Research the problem combatting the decrease in natural resources '),
(504, 101, 433, 1, 1, 'Research the why the public fear with nuclear power'),
(505, 101, 480, 1, 1, 'Research benefits to the economy for nuclear energy over natural resources'),
(506, 102, 339, 1, 1, 'Restructure our idea on carbon emissions and green energy. (Focus on transport causing pollution.  Which city in England has the worst traffic pollution? Why?)'),
(507, 102, 357, 1, 1, 'Restructure our idea on carbon emissions and green energy. (App focusing on improving carbon footprint-what will entice customers to do this?) '),
(508, 102, 387, 1, 1, 'Restructure our idea on carbon emissions and green energy. (App focusing on improving carbon footprint-who are our customers? How do we appeal to these customers?) '),
(509, 102, 433, 1, 1, 'Restructure our idea on carbon emissions and green energy. (What makes us unique and what are the rewards for customers altering their lifestyle for carbon footprint advantages?) '),
(510, 102, 480, 4, 4, 'Restructure our idea on carbon emissions and green energy. (Public benefits and Economic benefits?)'),
(511, 103, 339, 1, 1, 'Add to the Powerpoint Presentation including extended ideas for your chosen section: Value Proposition'),
(512, 103, 357, 1, 1, 'Add to the Powerpoint Presentation including extended ideas for your chosen section: Our Problem and Problem Location'),
(513, 103, 387, 1, 3, 'Add to the Powerpoint Presentation including extended ideas for your chosen section: Our Solution and Target Customers'),
(514, 103, 433, 1, 1, 'Add to the Powerpoint Presentation including extended ideas for your chosen section: Competitors '),
(515, 103, 480, 1, 4, 'Add to the Powerpoint Presentation including extended ideas for your chosen section: Business Canvas Model and Funding'),
(516, 104, 339, 2, 1, 'Work on a script for your slides section and time yourself giving the talk, to fit within the template '),
(517, 104, 357, 1, 1, 'Work on a script for your slides section and time yourself giving the talk, to fit within the template'),
(518, 104, 387, 1, 1, 'Work on a script for your slides section and time yourself giving the talk, to fit within the template'),
(519, 104, 433, 5, 1, 'Work on a script for your slides section and time yourself giving the talk, to fit within the template'),
(520, 104, 480, 1, 1, 'Work on a script for your slides section and time yourself giving the talk, to fit within the template'),
(521, 105, 339, 1, 1, 'Meet up online and practice the power-point run through'),
(522, 105, 357, 1, 1, 'Meet up online and practice the power-point run through'),
(523, 105, 387, 1, 1, 'Meet up online and practice the power-point run through'),
(524, 105, 433, 2, 1, 'Meet up online and practice the power-point run through'),
(525, 105, 480, 1, 1, 'Meet up online and practice the power-point run through'),
(526, 106, 309, 1, 1, 'Research problems we may run into i.e. cost, waste and time'),
(527, 106, 396, 1, 1, 'Research how to educate the public better on nuclear energy'),
(528, 106, 410, 1, 1, 'Research the problem combatting the decrease in natural resources '),
(529, 106, 477, 1, 1, 'Research the why the public fear with nuclear power'),
(530, 106, 541, 1, 1, 'Research benefits to the economy for nuclear energy over natural resources'),
(531, 107, 309, 1, 1, 'Restructure our idea on carbon emissions and green energy. (Focus on transport causing pollution.  Which city in England has the worst traffic pollution? Why?)'),
(532, 107, 396, 1, 4, 'Restructure our idea on carbon emissions and green energy. (App focusing on improving carbon footprint-what will entice customers to do this?) '),
(533, 107, 410, 1, 2, 'Restructure our idea on carbon emissions and green energy. (App focusing on improving carbon footprint-who are our customers? How do we appeal to these customers?) '),
(534, 107, 477, 1, 1, 'Restructure our idea on carbon emissions and green energy. (What makes us unique and what are the rewards for customers altering their lifestyle for carbon footprint advantages?) '),
(535, 107, 541, 1, 1, 'Restructure our idea on carbon emissions and green energy. (Public benefits and Economic benefits?)'),
(536, 108, 309, 1, 4, 'Add to the Powerpoint Presentation including extended ideas for your chosen section: Value Proposition'),
(537, 108, 396, 4, 2, 'Add to the Powerpoint Presentation including extended ideas for your chosen section: Our Problem and Problem Location'),
(538, 108, 410, 1, 1, 'Add to the Powerpoint Presentation including extended ideas for your chosen section: Our Solution and Target Customers'),
(539, 108, 477, 1, 1, 'Add to the Powerpoint Presentation including extended ideas for your chosen section: Competitors '),
(540, 108, 541, 1, 1, 'Add to the Powerpoint Presentation including extended ideas for your chosen section: Business Canvas Model and Funding'),
(541, 109, 309, 1, 1, 'Work on a script for your slides section and time yourself giving the talk, to fit within the template '),
(542, 109, 396, 1, 1, 'Work on a script for your slides section and time yourself giving the talk, to fit within the template'),
(543, 109, 410, 1, 1, 'Work on a script for your slides section and time yourself giving the talk, to fit within the template'),
(544, 109, 477, 5, 4, 'Work on a script for your slides section and time yourself giving the talk, to fit within the template'),
(545, 109, 541, 1, 1, 'Work on a script for your slides section and time yourself giving the talk, to fit within the template'),
(546, 110, 309, 1, 1, 'Meet up online and practice the power-point run through'),
(547, 110, 396, 1, 1, 'Meet up online and practice the power-point run through'),
(548, 110, 410, 1, 2, 'Meet up online and practice the power-point run through'),
(549, 110, 477, 4, 4, 'Meet up online and practice the power-point run through'),
(550, 110, 541, 1, 1, 'Meet up online and practice the power-point run through'),
(551, 111, 317, 1, 4, 'Research problems we may run into i.e. cost, waste and time'),
(552, 111, 373, 1, 1, 'Research how to educate the public better on nuclear energy'),
(553, 111, 378, 4, 1, 'Research the problem combatting the decrease in natural resources '),
(554, 111, 380, 4, 1, 'Research the why the public fear with nuclear power'),
(555, 111, 388, 5, 1, 'Research benefits to the economy for nuclear energy over natural resources'),
(556, 112, 317, 1, 1, 'Restructure our idea on carbon emissions and green energy. (Focus on transport causing pollution.  Which city in England has the worst traffic pollution? Why?)'),
(557, 112, 373, 1, 1, 'Restructure our idea on carbon emissions and green energy. (App focusing on improving carbon footprint-what will entice customers to do this?) '),
(558, 112, 378, 1, 1, 'Restructure our idea on carbon emissions and green energy. (App focusing on improving carbon footprint-who are our customers? How do we appeal to these customers?) '),
(559, 112, 380, 1, 2, 'Restructure our idea on carbon emissions and green energy. (What makes us unique and what are the rewards for customers altering their lifestyle for carbon footprint advantages?) '),
(560, 112, 388, 1, 1, 'Restructure our idea on carbon emissions and green energy. (Public benefits and Economic benefits?)'),
(561, 113, 317, 1, 1, 'Add to the Powerpoint Presentation including extended ideas for your chosen section: Value Proposition'),
(562, 113, 373, 4, 1, 'Add to the Powerpoint Presentation including extended ideas for your chosen section: Our Problem and Problem Location'),
(563, 113, 378, 4, 3, 'Add to the Powerpoint Presentation including extended ideas for your chosen section: Our Solution and Target Customers'),
(564, 113, 380, 2, 4, 'Add to the Powerpoint Presentation including extended ideas for your chosen section: Competitors '),
(565, 113, 388, 5, 2, 'Add to the Powerpoint Presentation including extended ideas for your chosen section: Business Canvas Model and Funding'),
(566, 114, 317, 4, 1, 'Work on a script for your slides section and time yourself giving the talk, to fit within the template '),
(567, 114, 373, 1, 1, 'Work on a script for your slides section and time yourself giving the talk, to fit within the template'),
(568, 114, 378, 1, 1, 'Work on a script for your slides section and time yourself giving the talk, to fit within the template'),
(569, 114, 380, 4, 1, 'Work on a script for your slides section and time yourself giving the talk, to fit within the template'),
(570, 114, 388, 5, 1, 'Work on a script for your slides section and time yourself giving the talk, to fit within the template'),
(571, 115, 317, 5, 4, 'Meet up online and practice the power-point run through'),
(572, 115, 373, 1, 1, 'Meet up online and practice the power-point run through'),
(573, 115, 378, 1, 1, 'Meet up online and practice the power-point run through'),
(574, 115, 380, 4, 4, 'Meet up online and practice the power-point run through'),
(575, 115, 388, 1, 1, 'Meet up online and practice the power-point run through'),
(576, 116, 419, 1, 1, 'Research problems we may run into i.e. cost, waste and time'),
(577, 116, 466, 1, 1, 'Research how to educate the public better on nuclear energy'),
(578, 116, 519, 5, 1, 'Research the problem combatting the decrease in natural resources '),
(579, 116, 521, 1, 1, 'Research the why the public fear with nuclear power'),
(580, 116, 526, 1, 1, 'Research benefits to the economy for nuclear energy over natural resources'),
(581, 117, 419, 1, 1, 'Restructure our idea on carbon emissions and green energy. (Focus on transport causing pollution.  Which city in England has the worst traffic pollution? Why?)'),
(582, 117, 466, 1, 4, 'Restructure our idea on carbon emissions and green energy. (App focusing on improving carbon footprint-what will entice customers to do this?) '),
(583, 117, 519, 1, 1, 'Restructure our idea on carbon emissions and green energy. (App focusing on improving carbon footprint-who are our customers? How do we appeal to these customers?) '),
(584, 117, 521, 1, 1, 'Restructure our idea on carbon emissions and green energy. (What makes us unique and what are the rewards for customers altering their lifestyle for carbon footprint advantages?) '),
(585, 117, 526, 1, 1, 'Restructure our idea on carbon emissions and green energy. (Public benefits and Economic benefits?)'),
(586, 118, 419, 1, 1, 'Add to the Powerpoint Presentation including extended ideas for your chosen section: Value Proposition'),
(587, 118, 466, 1, 3, 'Add to the Powerpoint Presentation including extended ideas for your chosen section: Our Problem and Problem Location'),
(588, 118, 519, 1, 1, 'Add to the Powerpoint Presentation including extended ideas for your chosen section: Our Solution and Target Customers'),
(589, 118, 521, 1, 1, 'Add to the Powerpoint Presentation including extended ideas for your chosen section: Competitors '),
(590, 118, 526, 1, 4, 'Add to the Powerpoint Presentation including extended ideas for your chosen section: Business Canvas Model and Funding'),
(591, 119, 419, 1, 1, 'Work on a script for your slides section and time yourself giving the talk, to fit within the template '),
(592, 119, 466, 4, 1, 'Work on a script for your slides section and time yourself giving the talk, to fit within the template'),
(593, 119, 519, 1, 1, 'Work on a script for your slides section and time yourself giving the talk, to fit within the template'),
(594, 119, 521, 1, 1, 'Work on a script for your slides section and time yourself giving the talk, to fit within the template'),
(595, 119, 526, 1, 1, 'Work on a script for your slides section and time yourself giving the talk, to fit within the template'),
(596, 120, 419, 1, 1, 'Meet up online and practice the power-point run through'),
(597, 120, 466, 1, 4, 'Meet up online and practice the power-point run through'),
(598, 120, 519, 1, 1, 'Meet up online and practice the power-point run through'),
(599, 120, 521, 1, 1, 'Meet up online and practice the power-point run through'),
(600, 120, 526, 1, 3, 'Meet up online and practice the power-point run through'),
(601, 121, 285, 1, 1, 'Research problems we may run into i.e. cost, waste and time'),
(602, 121, 287, 1, 1, 'Research how to educate the public better on nuclear energy'),
(603, 121, 406, 1, 4, 'Research the problem combatting the decrease in natural resources '),
(604, 121, 424, 1, 1, 'Research the why the public fear with nuclear power'),
(605, 121, 436, 1, 1, 'Research benefits to the economy for nuclear energy over natural resources'),
(606, 122, 285, 1, 1, 'Restructure our idea on carbon emissions and green energy. (Focus on transport causing pollution.  Which city in England has the worst traffic pollution? Why?)'),
(607, 122, 287, 1, 1, 'Restructure our idea on carbon emissions and green energy. (App focusing on improving carbon footprint-what will entice customers to do this?) '),
(608, 122, 406, 1, 1, 'Restructure our idea on carbon emissions and green energy. (App focusing on improving carbon footprint-who are our customers? How do we appeal to these customers?) '),
(609, 122, 424, 5, 1, 'Restructure our idea on carbon emissions and green energy. (What makes us unique and what are the rewards for customers altering their lifestyle for carbon footprint advantages?) '),
(610, 122, 436, 5, 1, 'Restructure our idea on carbon emissions and green energy. (Public benefits and Economic benefits?)'),
(611, 123, 285, 1, 1, 'Add to the Powerpoint Presentation including extended ideas for your chosen section: Value Proposition'),
(612, 123, 287, 1, 1, 'Add to the Powerpoint Presentation including extended ideas for your chosen section: Our Problem and Problem Location'),
(613, 123, 406, 1, 1, 'Add to the Powerpoint Presentation including extended ideas for your chosen section: Our Solution and Target Customers'),
(614, 123, 424, 1, 1, 'Add to the Powerpoint Presentation including extended ideas for your chosen section: Competitors '),
(615, 123, 436, 1, 1, 'Add to the Powerpoint Presentation including extended ideas for your chosen section: Business Canvas Model and Funding'),
(616, 124, 285, 4, 1, 'Work on a script for your slides section and time yourself giving the talk, to fit within the template '),
(617, 124, 287, 1, 1, 'Work on a script for your slides section and time yourself giving the talk, to fit within the template'),
(618, 124, 406, 1, 1, 'Work on a script for your slides section and time yourself giving the talk, to fit within the template'),
(619, 124, 424, 1, 1, 'Work on a script for your slides section and time yourself giving the talk, to fit within the template'),
(620, 124, 436, 1, 1, 'Work on a script for your slides section and time yourself giving the talk, to fit within the template'),
(621, 125, 285, 1, 2, 'Meet up online and practice the power-point run through'),
(622, 125, 287, 1, 1, 'Meet up online and practice the power-point run through'),
(623, 125, 406, 5, 1, 'Meet up online and practice the power-point run through'),
(624, 125, 424, 1, 1, 'Meet up online and practice the power-point run through'),
(625, 125, 436, 1, 1, 'Meet up online and practice the power-point run through'),
(626, 126, 377, 1, 1, 'Research problems we may run into i.e. cost, waste and time'),
(627, 126, 455, 4, 4, 'Research how to educate the public better on nuclear energy'),
(628, 126, 461, 4, 1, 'Research the problem combatting the decrease in natural resources '),
(629, 126, 530, 4, 1, 'Research the why the public fear with nuclear power'),
(630, 126, 543, 1, 1, 'Research benefits to the economy for nuclear energy over natural resources'),
(631, 127, 377, 1, 1, 'Restructure our idea on carbon emissions and green energy. (Focus on transport causing pollution.  Which city in England has the worst traffic pollution? Why?)'),
(632, 127, 455, 5, 1, 'Restructure our idea on carbon emissions and green energy. (App focusing on improving carbon footprint-what will entice customers to do this?) '),
(633, 127, 461, 2, 1, 'Restructure our idea on carbon emissions and green energy. (App focusing on improving carbon footprint-who are our customers? How do we appeal to these customers?) '),
(634, 127, 530, 1, 4, 'Restructure our idea on carbon emissions and green energy. (What makes us unique and what are the rewards for customers altering their lifestyle for carbon footprint advantages?) '),
(635, 127, 543, 5, 1, 'Restructure our idea on carbon emissions and green energy. (Public benefits and Economic benefits?)'),
(636, 128, 377, 1, 4, 'Add to the Powerpoint Presentation including extended ideas for your chosen section: Value Proposition'),
(637, 128, 455, 1, 4, 'Add to the Powerpoint Presentation including extended ideas for your chosen section: Our Problem and Problem Location'),
(638, 128, 461, 2, 1, 'Add to the Powerpoint Presentation including extended ideas for your chosen section: Our Solution and Target Customers'),
(639, 128, 530, 1, 2, 'Add to the Powerpoint Presentation including extended ideas for your chosen section: Competitors '),
(640, 128, 543, 5, 2, 'Add to the Powerpoint Presentation including extended ideas for your chosen section: Business Canvas Model and Funding'),
(641, 129, 377, 1, 1, 'Work on a script for your slides section and time yourself giving the talk, to fit within the template '),
(642, 129, 455, 5, 1, 'Work on a script for your slides section and time yourself giving the talk, to fit within the template'),
(643, 129, 461, 5, 1, 'Work on a script for your slides section and time yourself giving the talk, to fit within the template'),
(644, 129, 530, 1, 1, 'Work on a script for your slides section and time yourself giving the talk, to fit within the template'),
(645, 129, 543, 1, 1, 'Work on a script for your slides section and time yourself giving the talk, to fit within the template'),
(646, 130, 377, 4, 1, 'Meet up online and practice the power-point run through'),
(647, 130, 455, 1, 2, 'Meet up online and practice the power-point run through'),
(648, 130, 461, 1, 4, 'Meet up online and practice the power-point run through'),
(649, 130, 530, 1, 1, 'Meet up online and practice the power-point run through'),
(650, 130, 543, 1, 1, 'Meet up online and practice the power-point run through'),
(651, 131, 362, 1, 4, 'Research problems we may run into i.e. cost, waste and time'),
(652, 131, 401, 1, 1, 'Research how to educate the public better on nuclear energy'),
(653, 131, 438, 1, 4, 'Research the problem combatting the decrease in natural resources '),
(654, 131, 441, 1, 4, 'Research the why the public fear with nuclear power'),
(655, 131, 449, 1, 1, 'Research benefits to the economy for nuclear energy over natural resources'),
(656, 132, 362, 1, 2, 'Restructure our idea on carbon emissions and green energy. (Focus on transport causing pollution.  Which city in England has the worst traffic pollution? Why?)'),
(657, 132, 401, 4, 1, 'Restructure our idea on carbon emissions and green energy. (App focusing on improving carbon footprint-what will entice customers to do this?) '),
(658, 132, 438, 1, 1, 'Restructure our idea on carbon emissions and green energy. (App focusing on improving carbon footprint-who are our customers? How do we appeal to these customers?) '),
(659, 132, 441, 1, 1, 'Restructure our idea on carbon emissions and green energy. (What makes us unique and what are the rewards for customers altering their lifestyle for carbon footprint advantages?) '),
(660, 132, 449, 1, 4, 'Restructure our idea on carbon emissions and green energy. (Public benefits and Economic benefits?)'),
(661, 133, 362, 1, 1, 'Add to the Powerpoint Presentation including extended ideas for your chosen section: Value Proposition'),
(662, 133, 401, 1, 1, 'Add to the Powerpoint Presentation including extended ideas for your chosen section: Our Problem and Problem Location'),
(663, 133, 438, 1, 4, 'Add to the Powerpoint Presentation including extended ideas for your chosen section: Our Solution and Target Customers'),
(664, 133, 441, 1, 4, 'Add to the Powerpoint Presentation including extended ideas for your chosen section: Competitors '),
(665, 133, 449, 1, 1, 'Add to the Powerpoint Presentation including extended ideas for your chosen section: Business Canvas Model and Funding'),
(666, 134, 362, 5, 1, 'Work on a script for your slides section and time yourself giving the talk, to fit within the template '),
(667, 134, 401, 1, 1, 'Work on a script for your slides section and time yourself giving the talk, to fit within the template'),
(668, 134, 438, 4, 4, 'Work on a script for your slides section and time yourself giving the talk, to fit within the template'),
(669, 134, 441, 2, 4, 'Work on a script for your slides section and time yourself giving the talk, to fit within the template'),
(670, 134, 449, 1, 1, 'Work on a script for your slides section and time yourself giving the talk, to fit within the template'),
(671, 135, 362, 1, 4, 'Meet up online and practice the power-point run through'),
(672, 135, 401, 4, 1, 'Meet up online and practice the power-point run through'),
(673, 135, 438, 1, 1, 'Meet up online and practice the power-point run through'),
(674, 135, 441, 4, 1, 'Meet up online and practice the power-point run through'),
(675, 135, 449, 4, 1, 'Meet up online and practice the power-point run through'),
(676, 136, 282, 5, 4, 'Research problems we may run into i.e. cost, waste and time'),
(677, 136, 324, 5, 1, 'Research how to educate the public better on nuclear energy'),
(678, 136, 398, 1, 1, 'Research the problem combatting the decrease in natural resources '),
(679, 136, 481, 5, 4, 'Research the why the public fear with nuclear power'),
(680, 136, 500, 1, 4, 'Research benefits to the economy for nuclear energy over natural resources'),
(681, 137, 282, 5, 1, 'Restructure our idea on carbon emissions and green energy. (Focus on transport causing pollution.  Which city in England has the worst traffic pollution? Why?)'),
(682, 137, 324, 1, 1, 'Restructure our idea on carbon emissions and green energy. (App focusing on improving carbon footprint-what will entice customers to do this?) '),
(683, 137, 398, 1, 1, 'Restructure our idea on carbon emissions and green energy. (App focusing on improving carbon footprint-who are our customers? How do we appeal to these customers?) '),
(684, 137, 481, 1, 1, 'Restructure our idea on carbon emissions and green energy. (What makes us unique and what are the rewards for customers altering their lifestyle for carbon footprint advantages?) '),
(685, 137, 500, 1, 4, 'Restructure our idea on carbon emissions and green energy. (Public benefits and Economic benefits?)'),
(686, 138, 282, 3, 2, 'Add to the Powerpoint Presentation including extended ideas for your chosen section: Value Proposition'),
(687, 138, 324, 4, 1, 'Add to the Powerpoint Presentation including extended ideas for your chosen section: Our Problem and Problem Location'),
(688, 138, 398, 1, 1, 'Add to the Powerpoint Presentation including extended ideas for your chosen section: Our Solution and Target Customers'),
(689, 138, 481, 5, 1, 'Add to the Powerpoint Presentation including extended ideas for your chosen section: Competitors '),
(690, 138, 500, 1, 3, 'Add to the Powerpoint Presentation including extended ideas for your chosen section: Business Canvas Model and Funding'),
(691, 139, 282, 1, 1, 'Work on a script for your slides section and time yourself giving the talk, to fit within the template '),
(692, 139, 324, 2, 1, 'Work on a script for your slides section and time yourself giving the talk, to fit within the template'),
(693, 139, 398, 1, 1, 'Work on a script for your slides section and time yourself giving the talk, to fit within the template'),
(694, 139, 481, 1, 4, 'Work on a script for your slides section and time yourself giving the talk, to fit within the template'),
(695, 139, 500, 1, 4, 'Work on a script for your slides section and time yourself giving the talk, to fit within the template'),
(696, 140, 282, 5, 4, 'Meet up online and practice the power-point run through'),
(697, 140, 324, 1, 4, 'Meet up online and practice the power-point run through'),
(698, 140, 398, 1, 1, 'Meet up online and practice the power-point run through'),
(699, 140, 481, 5, 1, 'Meet up online and practice the power-point run through'),
(700, 140, 500, 1, 1, 'Meet up online and practice the power-point run through'),
(701, 141, 306, 1, 4, 'Research problems we may run into i.e. cost, waste and time'),
(702, 141, 422, 1, 2, 'Research how to educate the public better on nuclear energy'),
(703, 141, 425, 1, 1, 'Research the problem combatting the decrease in natural resources '),
(704, 141, 430, 1, 4, 'Research the why the public fear with nuclear power'),
(705, 141, 546, 1, 1, 'Research benefits to the economy for nuclear energy over natural resources'),
(706, 142, 306, 1, 1, 'Restructure our idea on carbon emissions and green energy. (Focus on transport causing pollution.  Which city in England has the worst traffic pollution? Why?)'),
(707, 142, 422, 1, 1, 'Restructure our idea on carbon emissions and green energy. (App focusing on improving carbon footprint-what will entice customers to do this?) '),
(708, 142, 425, 1, 1, 'Restructure our idea on carbon emissions and green energy. (App focusing on improving carbon footprint-who are our customers? How do we appeal to these customers?) '),
(709, 142, 430, 5, 1, 'Restructure our idea on carbon emissions and green energy. (What makes us unique and what are the rewards for customers altering their lifestyle for carbon footprint advantages?) '),
(710, 142, 546, 1, 4, 'Restructure our idea on carbon emissions and green energy. (Public benefits and Economic benefits?)'),
(711, 143, 306, 1, 1, 'Add to the Powerpoint Presentation including extended ideas for your chosen section: Value Proposition'),
(712, 143, 422, 1, 1, 'Add to the Powerpoint Presentation including extended ideas for your chosen section: Our Problem and Problem Location'),
(713, 143, 425, 1, 1, 'Add to the Powerpoint Presentation including extended ideas for your chosen section: Our Solution and Target Customers'),
(714, 143, 430, 1, 1, 'Add to the Powerpoint Presentation including extended ideas for your chosen section: Competitors '),
(715, 143, 546, 1, 1, 'Add to the Powerpoint Presentation including extended ideas for your chosen section: Business Canvas Model and Funding'),
(716, 144, 306, 1, 2, 'Work on a script for your slides section and time yourself giving the talk, to fit within the template '),
(717, 144, 422, 1, 1, 'Work on a script for your slides section and time yourself giving the talk, to fit within the template'),
(718, 144, 425, 3, 1, 'Work on a script for your slides section and time yourself giving the talk, to fit within the template'),
(719, 144, 430, 5, 1, 'Work on a script for your slides section and time yourself giving the talk, to fit within the template'),
(720, 144, 546, 5, 1, 'Work on a script for your slides section and time yourself giving the talk, to fit within the template'),
(721, 145, 306, 1, 1, 'Meet up online and practice the power-point run through'),
(722, 145, 422, 4, 1, 'Meet up online and practice the power-point run through'),
(723, 145, 425, 1, 1, 'Meet up online and practice the power-point run through'),
(724, 145, 430, 4, 4, 'Meet up online and practice the power-point run through'),
(725, 145, 546, 5, 1, 'Meet up online and practice the power-point run through'),
(726, 146, 352, 1, 1, 'Research problems we may run into i.e. cost, waste and time'),
(727, 146, 359, 1, 1, 'Research how to educate the public better on nuclear energy'),
(728, 146, 366, 1, 1, 'Research the problem combatting the decrease in natural resources '),
(729, 146, 486, 1, 4, 'Research the why the public fear with nuclear power'),
(730, 146, 497, 1, 1, 'Research benefits to the economy for nuclear energy over natural resources'),
(731, 147, 352, 2, 1, 'Restructure our idea on carbon emissions and green energy. (Focus on transport causing pollution.  Which city in England has the worst traffic pollution? Why?)'),
(732, 147, 359, 1, 1, 'Restructure our idea on carbon emissions and green energy. (App focusing on improving carbon footprint-what will entice customers to do this?) '),
(733, 147, 366, 1, 1, 'Restructure our idea on carbon emissions and green energy. (App focusing on improving carbon footprint-who are our customers? How do we appeal to these customers?) '),
(734, 147, 486, 1, 1, 'Restructure our idea on carbon emissions and green energy. (What makes us unique and what are the rewards for customers altering their lifestyle for carbon footprint advantages?) '),
(735, 147, 497, 1, 1, 'Restructure our idea on carbon emissions and green energy. (Public benefits and Economic benefits?)'),
(736, 148, 352, 5, 1, 'Add to the Powerpoint Presentation including extended ideas for your chosen section: Value Proposition'),
(737, 148, 359, 1, 1, 'Add to the Powerpoint Presentation including extended ideas for your chosen section: Our Problem and Problem Location'),
(738, 148, 366, 1, 1, 'Add to the Powerpoint Presentation including extended ideas for your chosen section: Our Solution and Target Customers'),
(739, 148, 486, 4, 1, 'Add to the Powerpoint Presentation including extended ideas for your chosen section: Competitors '),
(740, 148, 497, 5, 4, 'Add to the Powerpoint Presentation including extended ideas for your chosen section: Business Canvas Model and Funding'),
(741, 149, 352, 5, 3, 'Work on a script for your slides section and time yourself giving the talk, to fit within the template '),
(742, 149, 359, 1, 1, 'Work on a script for your slides section and time yourself giving the talk, to fit within the template'),
(743, 149, 366, 1, 1, 'Work on a script for your slides section and time yourself giving the talk, to fit within the template'),
(744, 149, 486, 1, 1, 'Work on a script for your slides section and time yourself giving the talk, to fit within the template'),
(745, 149, 497, 1, 1, 'Work on a script for your slides section and time yourself giving the talk, to fit within the template'),
(746, 150, 352, 4, 1, 'Meet up online and practice the power-point run through'),
(747, 150, 359, 1, 1, 'Meet up online and practice the power-point run through'),
(748, 150, 366, 1, 4, 'Meet up online and practice the power-point run through'),
(749, 150, 486, 1, 1, 'Meet up online and practice the power-point run through'),
(750, 150, 497, 1, 1, 'Meet up online and practice the power-point run through'),
(751, 151, 416, 5, 1, 'Research problems we may run into i.e. cost, waste and time'),
(752, 151, 417, 1, 4, 'Research how to educate the public better on nuclear energy'),
(753, 151, 428, 1, 1, 'Research the problem combatting the decrease in natural resources '),
(754, 151, 496, 1, 1, 'Research the why the public fear with nuclear power'),
(755, 151, 525, 1, 1, 'Research benefits to the economy for nuclear energy over natural resources'),
(756, 152, 416, 1, 2, 'Restructure our idea on carbon emissions and green energy. (Focus on transport causing pollution.  Which city in England has the worst traffic pollution? Why?)'),
(757, 152, 417, 4, 3, 'Restructure our idea on carbon emissions and green energy. (App focusing on improving carbon footprint-what will entice customers to do this?) '),
(758, 152, 428, 4, 1, 'Restructure our idea on carbon emissions and green energy. (App focusing on improving carbon footprint-who are our customers? How do we appeal to these customers?) '),
(759, 152, 496, 1, 4, 'Restructure our idea on carbon emissions and green energy. (What makes us unique and what are the rewards for customers altering their lifestyle for carbon footprint advantages?) '),
(760, 152, 525, 5, 1, 'Restructure our idea on carbon emissions and green energy. (Public benefits and Economic benefits?)'),
(761, 153, 416, 1, 1, 'Add to the Powerpoint Presentation including extended ideas for your chosen section: Value Proposition'),
(762, 153, 417, 1, 1, 'Add to the Powerpoint Presentation including extended ideas for your chosen section: Our Problem and Problem Location'),
(763, 153, 428, 1, 1, 'Add to the Powerpoint Presentation including extended ideas for your chosen section: Our Solution and Target Customers'),
(764, 153, 496, 1, 4, 'Add to the Powerpoint Presentation including extended ideas for your chosen section: Competitors '),
(765, 153, 525, 1, 1, 'Add to the Powerpoint Presentation including extended ideas for your chosen section: Business Canvas Model and Funding'),
(766, 154, 416, 1, 1, 'Work on a script for your slides section and time yourself giving the talk, to fit within the template '),
(767, 154, 417, 1, 1, 'Work on a script for your slides section and time yourself giving the talk, to fit within the template'),
(768, 154, 428, 5, 3, 'Work on a script for your slides section and time yourself giving the talk, to fit within the template'),
(769, 154, 496, 1, 4, 'Work on a script for your slides section and time yourself giving the talk, to fit within the template'),
(770, 154, 525, 1, 1, 'Work on a script for your slides section and time yourself giving the talk, to fit within the template'),
(771, 155, 416, 1, 1, 'Meet up online and practice the power-point run through'),
(772, 155, 417, 1, 1, 'Meet up online and practice the power-point run through'),
(773, 155, 428, 1, 1, 'Meet up online and practice the power-point run through'),
(774, 155, 496, 4, 3, 'Meet up online and practice the power-point run through'),
(775, 155, 525, 5, 1, 'Meet up online and practice the power-point run through'),
(776, 156, 344, 1, 1, 'Research problems we may run into i.e. cost, waste and time'),
(777, 156, 432, 4, 1, 'Research how to educate the public better on nuclear energy'),
(778, 156, 442, 2, 3, 'Research the problem combatting the decrease in natural resources '),
(779, 156, 484, 5, 2, 'Research the why the public fear with nuclear power'),
(780, 156, 522, 4, 4, 'Research benefits to the economy for nuclear energy over natural resources'),
(781, 157, 344, 1, 1, 'Restructure our idea on carbon emissions and green energy. (Focus on transport causing pollution.  Which city in England has the worst traffic pollution? Why?)'),
(782, 157, 432, 1, 1, 'Restructure our idea on carbon emissions and green energy. (App focusing on improving carbon footprint-what will entice customers to do this?) '),
(783, 157, 442, 1, 1, 'Restructure our idea on carbon emissions and green energy. (App focusing on improving carbon footprint-who are our customers? How do we appeal to these customers?) '),
(784, 157, 484, 3, 1, 'Restructure our idea on carbon emissions and green energy. (What makes us unique and what are the rewards for customers altering their lifestyle for carbon footprint advantages?) '),
(785, 157, 522, 4, 1, 'Restructure our idea on carbon emissions and green energy. (Public benefits and Economic benefits?)'),
(786, 158, 344, 1, 1, 'Add to the Powerpoint Presentation including extended ideas for your chosen section: Value Proposition'),
(787, 158, 432, 1, 1, 'Add to the Powerpoint Presentation including extended ideas for your chosen section: Our Problem and Problem Location'),
(788, 158, 442, 1, 1, 'Add to the Powerpoint Presentation including extended ideas for your chosen section: Our Solution and Target Customers'),
(789, 158, 484, 4, 4, 'Add to the Powerpoint Presentation including extended ideas for your chosen section: Competitors '),
(790, 158, 522, 1, 3, 'Add to the Powerpoint Presentation including extended ideas for your chosen section: Business Canvas Model and Funding'),
(791, 159, 344, 1, 1, 'Work on a script for your slides section and time yourself giving the talk, to fit within the template '),
(792, 159, 432, 4, 4, 'Work on a script for your slides section and time yourself giving the talk, to fit within the template'),
(793, 159, 442, 5, 1, 'Work on a script for your slides section and time yourself giving the talk, to fit within the template'),
(794, 159, 484, 5, 1, 'Work on a script for your slides section and time yourself giving the talk, to fit within the template'),
(795, 159, 522, 2, 4, 'Work on a script for your slides section and time yourself giving the talk, to fit within the template'),
(796, 160, 344, 1, 4, 'Meet up online and practice the power-point run through'),
(797, 160, 432, 1, 1, 'Meet up online and practice the power-point run through'),
(798, 160, 442, 5, 4, 'Meet up online and practice the power-point run through'),
(799, 160, 484, 5, 1, 'Meet up online and practice the power-point run through'),
(800, 160, 522, 5, 3, 'Meet up online and practice the power-point run through'),
(801, 161, 279, 2, 1, 'Research problems we may run into i.e. cost, waste and time'),
(802, 161, 340, 5, 4, 'Research how to educate the public better on nuclear energy'),
(803, 161, 376, 1, 1, 'Research the problem combatting the decrease in natural resources '),
(804, 161, 440, 1, 4, 'Research the why the public fear with nuclear power'),
(805, 161, 447, 1, 1, 'Research benefits to the economy for nuclear energy over natural resources'),
(806, 162, 279, 4, 1, 'Restructure our idea on carbon emissions and green energy. (Focus on transport causing pollution.  Which city in England has the worst traffic pollution? Why?)'),
(807, 162, 340, 2, 1, 'Restructure our idea on carbon emissions and green energy. (App focusing on improving carbon footprint-what will entice customers to do this?) '),
(808, 162, 376, 1, 4, 'Restructure our idea on carbon emissions and green energy. (App focusing on improving carbon footprint-who are our customers? How do we appeal to these customers?) '),
(809, 162, 440, 1, 1, 'Restructure our idea on carbon emissions and green energy. (What makes us unique and what are the rewards for customers altering their lifestyle for carbon footprint advantages?) '),
(810, 162, 447, 1, 4, 'Restructure our idea on carbon emissions and green energy. (Public benefits and Economic benefits?)'),
(811, 163, 279, 1, 4, 'Add to the Powerpoint Presentation including extended ideas for your chosen section: Value Proposition'),
(812, 163, 340, 5, 3, 'Add to the Powerpoint Presentation including extended ideas for your chosen section: Our Problem and Problem Location'),
(813, 163, 376, 4, 1, 'Add to the Powerpoint Presentation including extended ideas for your chosen section: Our Solution and Target Customers'),
(814, 163, 440, 1, 1, 'Add to the Powerpoint Presentation including extended ideas for your chosen section: Competitors '),
(815, 163, 447, 4, 1, 'Add to the Powerpoint Presentation including extended ideas for your chosen section: Business Canvas Model and Funding'),
(816, 164, 279, 4, 1, 'Work on a script for your slides section and time yourself giving the talk, to fit within the template '),
(817, 164, 340, 2, 1, 'Work on a script for your slides section and time yourself giving the talk, to fit within the template'),
(818, 164, 376, 5, 1, 'Work on a script for your slides section and time yourself giving the talk, to fit within the template'),
(819, 164, 440, 1, 1, 'Work on a script for your slides section and time yourself giving the talk, to fit within the template'),
(820, 164, 447, 1, 4, 'Work on a script for your slides section and time yourself giving the talk, to fit within the template'),
(821, 165, 279, 1, 4, 'Meet up online and practice the power-point run through'),
(822, 165, 340, 3, 1, 'Meet up online and practice the power-point run through'),
(823, 165, 376, 5, 3, 'Meet up online and practice the power-point run through'),
(824, 165, 440, 4, 4, 'Meet up online and practice the power-point run through'),
(825, 165, 447, 1, 1, 'Meet up online and practice the power-point run through'),
(826, 166, 304, 4, 2, 'Research problems we may run into i.e. cost, waste and time'),
(827, 166, 326, 5, 1, 'Research how to educate the public better on nuclear energy'),
(828, 166, 367, 2, 1, 'Research the problem combatting the decrease in natural resources '),
(829, 166, 394, 4, 1, 'Research the why the public fear with nuclear power'),
(830, 166, 402, 5, 1, 'Research benefits to the economy for nuclear energy over natural resources'),
(831, 167, 304, 4, 1, 'Restructure our idea on carbon emissions and green energy. (Focus on transport causing pollution.  Which city in England has the worst traffic pollution? Why?)');
INSERT INTO `Contributions` (`ContributionID`, `ContributionLogID`, `ContributionUserID`, `ContributionAttendanceID`, `ContributionCompletionID`, `ContributionFuturetasks`) VALUES
(832, 167, 326, 1, 1, 'Restructure our idea on carbon emissions and green energy. (App focusing on improving carbon footprint-what will entice customers to do this?) '),
(833, 167, 367, 4, 3, 'Restructure our idea on carbon emissions and green energy. (App focusing on improving carbon footprint-who are our customers? How do we appeal to these customers?) '),
(834, 167, 394, 5, 1, 'Restructure our idea on carbon emissions and green energy. (What makes us unique and what are the rewards for customers altering their lifestyle for carbon footprint advantages?) '),
(835, 167, 402, 1, 4, 'Restructure our idea on carbon emissions and green energy. (Public benefits and Economic benefits?)'),
(836, 168, 304, 4, 4, 'Add to the Powerpoint Presentation including extended ideas for your chosen section: Value Proposition'),
(837, 168, 326, 1, 1, 'Add to the Powerpoint Presentation including extended ideas for your chosen section: Our Problem and Problem Location'),
(838, 168, 367, 4, 2, 'Add to the Powerpoint Presentation including extended ideas for your chosen section: Our Solution and Target Customers'),
(839, 168, 394, 1, 4, 'Add to the Powerpoint Presentation including extended ideas for your chosen section: Competitors '),
(840, 168, 402, 1, 4, 'Add to the Powerpoint Presentation including extended ideas for your chosen section: Business Canvas Model and Funding'),
(841, 169, 304, 4, 1, 'Work on a script for your slides section and time yourself giving the talk, to fit within the template '),
(842, 169, 326, 4, 1, 'Work on a script for your slides section and time yourself giving the talk, to fit within the template'),
(843, 169, 367, 2, 1, 'Work on a script for your slides section and time yourself giving the talk, to fit within the template'),
(844, 169, 394, 1, 1, 'Work on a script for your slides section and time yourself giving the talk, to fit within the template'),
(845, 169, 402, 2, 1, 'Work on a script for your slides section and time yourself giving the talk, to fit within the template'),
(846, 170, 304, 1, 3, 'Meet up online and practice the power-point run through'),
(847, 170, 326, 1, 4, 'Meet up online and practice the power-point run through'),
(848, 170, 367, 1, 4, 'Meet up online and practice the power-point run through'),
(849, 170, 394, 5, 1, 'Meet up online and practice the power-point run through'),
(850, 170, 402, 1, 4, 'Meet up online and practice the power-point run through'),
(851, 171, 277, 1, 1, 'Research problems we may run into i.e. cost, waste and time'),
(852, 171, 280, 5, 3, 'Research how to educate the public better on nuclear energy'),
(853, 171, 338, 1, 1, 'Research the problem combatting the decrease in natural resources '),
(854, 171, 414, 5, 2, 'Research the why the public fear with nuclear power'),
(855, 171, 534, 1, 2, 'Research benefits to the economy for nuclear energy over natural resources'),
(856, 172, 277, 4, 1, 'Restructure our idea on carbon emissions and green energy. (Focus on transport causing pollution.  Which city in England has the worst traffic pollution? Why?)'),
(857, 172, 280, 1, 4, 'Restructure our idea on carbon emissions and green energy. (App focusing on improving carbon footprint-what will entice customers to do this?) '),
(858, 172, 338, 2, 3, 'Restructure our idea on carbon emissions and green energy. (App focusing on improving carbon footprint-who are our customers? How do we appeal to these customers?) '),
(859, 172, 414, 5, 4, 'Restructure our idea on carbon emissions and green energy. (What makes us unique and what are the rewards for customers altering their lifestyle for carbon footprint advantages?) '),
(860, 172, 534, 5, 1, 'Restructure our idea on carbon emissions and green energy. (Public benefits and Economic benefits?)'),
(861, 173, 277, 1, 1, 'Add to the Powerpoint Presentation including extended ideas for your chosen section: Value Proposition'),
(862, 173, 280, 1, 4, 'Add to the Powerpoint Presentation including extended ideas for your chosen section: Our Problem and Problem Location'),
(863, 173, 338, 1, 1, 'Add to the Powerpoint Presentation including extended ideas for your chosen section: Our Solution and Target Customers'),
(864, 173, 414, 1, 1, 'Add to the Powerpoint Presentation including extended ideas for your chosen section: Competitors '),
(865, 173, 534, 1, 4, 'Add to the Powerpoint Presentation including extended ideas for your chosen section: Business Canvas Model and Funding'),
(866, 174, 277, 5, 1, 'Work on a script for your slides section and time yourself giving the talk, to fit within the template '),
(867, 174, 280, 1, 4, 'Work on a script for your slides section and time yourself giving the talk, to fit within the template'),
(868, 174, 338, 1, 4, 'Work on a script for your slides section and time yourself giving the talk, to fit within the template'),
(869, 174, 414, 1, 4, 'Work on a script for your slides section and time yourself giving the talk, to fit within the template'),
(870, 174, 534, 5, 4, 'Work on a script for your slides section and time yourself giving the talk, to fit within the template'),
(871, 175, 277, 1, 4, 'Meet up online and practice the power-point run through'),
(872, 175, 280, 5, 1, 'Meet up online and practice the power-point run through'),
(873, 175, 338, 1, 1, 'Meet up online and practice the power-point run through'),
(874, 175, 414, 4, 1, 'Meet up online and practice the power-point run through'),
(875, 175, 534, 1, 4, 'Meet up online and practice the power-point run through'),
(876, 176, 301, 1, 1, 'Research problems we may run into i.e. cost, waste and time'),
(877, 176, 333, 1, 1, 'Research how to educate the public better on nuclear energy'),
(878, 176, 445, 4, 1, 'Research the problem combatting the decrease in natural resources '),
(879, 176, 473, 4, 1, 'Research the why the public fear with nuclear power'),
(880, 176, 545, 1, 1, 'Research benefits to the economy for nuclear energy over natural resources'),
(881, 177, 301, 1, 1, 'Restructure our idea on carbon emissions and green energy. (Focus on transport causing pollution.  Which city in England has the worst traffic pollution? Why?)'),
(882, 177, 333, 5, 1, 'Restructure our idea on carbon emissions and green energy. (App focusing on improving carbon footprint-what will entice customers to do this?) '),
(883, 177, 445, 3, 1, 'Restructure our idea on carbon emissions and green energy. (App focusing on improving carbon footprint-who are our customers? How do we appeal to these customers?) '),
(884, 177, 473, 1, 1, 'Restructure our idea on carbon emissions and green energy. (What makes us unique and what are the rewards for customers altering their lifestyle for carbon footprint advantages?) '),
(885, 177, 545, 1, 2, 'Restructure our idea on carbon emissions and green energy. (Public benefits and Economic benefits?)'),
(886, 178, 301, 1, 2, 'Add to the Powerpoint Presentation including extended ideas for your chosen section: Value Proposition'),
(887, 178, 333, 1, 4, 'Add to the Powerpoint Presentation including extended ideas for your chosen section: Our Problem and Problem Location'),
(888, 178, 445, 1, 3, 'Add to the Powerpoint Presentation including extended ideas for your chosen section: Our Solution and Target Customers'),
(889, 178, 473, 1, 1, 'Add to the Powerpoint Presentation including extended ideas for your chosen section: Competitors '),
(890, 178, 545, 1, 4, 'Add to the Powerpoint Presentation including extended ideas for your chosen section: Business Canvas Model and Funding'),
(891, 179, 301, 5, 3, 'Work on a script for your slides section and time yourself giving the talk, to fit within the template '),
(892, 179, 333, 5, 1, 'Work on a script for your slides section and time yourself giving the talk, to fit within the template'),
(893, 179, 445, 5, 1, 'Work on a script for your slides section and time yourself giving the talk, to fit within the template'),
(894, 179, 473, 1, 1, 'Work on a script for your slides section and time yourself giving the talk, to fit within the template'),
(895, 179, 545, 1, 1, 'Work on a script for your slides section and time yourself giving the talk, to fit within the template'),
(896, 180, 301, 1, 1, 'Meet up online and practice the power-point run through'),
(897, 180, 333, 1, 1, 'Meet up online and practice the power-point run through'),
(898, 180, 445, 1, 4, 'Meet up online and practice the power-point run through'),
(899, 180, 473, 5, 4, 'Meet up online and practice the power-point run through'),
(900, 180, 545, 1, 2, 'Meet up online and practice the power-point run through'),
(901, 181, 298, 1, 1, 'Research problems we may run into i.e. cost, waste and time'),
(902, 181, 375, 1, 3, 'Research how to educate the public better on nuclear energy'),
(903, 181, 408, 1, 1, 'Research the problem combatting the decrease in natural resources '),
(904, 181, 443, 1, 1, 'Research the why the public fear with nuclear power'),
(905, 181, 488, 5, 1, 'Research benefits to the economy for nuclear energy over natural resources'),
(906, 182, 298, 1, 1, 'Restructure our idea on carbon emissions and green energy. (Focus on transport causing pollution.  Which city in England has the worst traffic pollution? Why?)'),
(907, 182, 375, 1, 1, 'Restructure our idea on carbon emissions and green energy. (App focusing on improving carbon footprint-what will entice customers to do this?) '),
(908, 182, 408, 1, 1, 'Restructure our idea on carbon emissions and green energy. (App focusing on improving carbon footprint-who are our customers? How do we appeal to these customers?) '),
(909, 182, 443, 1, 1, 'Restructure our idea on carbon emissions and green energy. (What makes us unique and what are the rewards for customers altering their lifestyle for carbon footprint advantages?) '),
(910, 182, 488, 1, 1, 'Restructure our idea on carbon emissions and green energy. (Public benefits and Economic benefits?)'),
(911, 183, 298, 1, 1, 'Add to the Powerpoint Presentation including extended ideas for your chosen section: Value Proposition'),
(912, 183, 375, 1, 1, 'Add to the Powerpoint Presentation including extended ideas for your chosen section: Our Problem and Problem Location'),
(913, 183, 408, 1, 1, 'Add to the Powerpoint Presentation including extended ideas for your chosen section: Our Solution and Target Customers'),
(914, 183, 443, 5, 1, 'Add to the Powerpoint Presentation including extended ideas for your chosen section: Competitors '),
(915, 183, 488, 1, 1, 'Add to the Powerpoint Presentation including extended ideas for your chosen section: Business Canvas Model and Funding'),
(916, 184, 298, 1, 1, 'Work on a script for your slides section and time yourself giving the talk, to fit within the template '),
(917, 184, 375, 1, 1, 'Work on a script for your slides section and time yourself giving the talk, to fit within the template'),
(918, 184, 408, 1, 1, 'Work on a script for your slides section and time yourself giving the talk, to fit within the template'),
(919, 184, 443, 1, 1, 'Work on a script for your slides section and time yourself giving the talk, to fit within the template'),
(920, 184, 488, 1, 1, 'Work on a script for your slides section and time yourself giving the talk, to fit within the template'),
(921, 185, 298, 1, 1, 'Meet up online and practice the power-point run through'),
(922, 185, 375, 1, 1, 'Meet up online and practice the power-point run through'),
(923, 185, 408, 1, 1, 'Meet up online and practice the power-point run through'),
(924, 185, 443, 1, 1, 'Meet up online and practice the power-point run through'),
(925, 185, 488, 1, 1, 'Meet up online and practice the power-point run through'),
(926, 186, 292, 1, 1, 'Research problems we may run into i.e. cost, waste and time'),
(927, 186, 384, 1, 1, 'Research how to educate the public better on nuclear energy'),
(928, 186, 393, 1, 1, 'Research the problem combatting the decrease in natural resources '),
(929, 186, 452, 1, 1, 'Research the why the public fear with nuclear power'),
(930, 186, 505, 1, 1, 'Research benefits to the economy for nuclear energy over natural resources'),
(931, 187, 292, 1, 1, 'Restructure our idea on carbon emissions and green energy. (Focus on transport causing pollution.  Which city in England has the worst traffic pollution? Why?)'),
(932, 187, 384, 1, 1, 'Restructure our idea on carbon emissions and green energy. (App focusing on improving carbon footprint-what will entice customers to do this?) '),
(933, 187, 393, 1, 1, 'Restructure our idea on carbon emissions and green energy. (App focusing on improving carbon footprint-who are our customers? How do we appeal to these customers?) '),
(934, 187, 452, 1, 1, 'Restructure our idea on carbon emissions and green energy. (What makes us unique and what are the rewards for customers altering their lifestyle for carbon footprint advantages?) '),
(935, 187, 505, 1, 1, 'Restructure our idea on carbon emissions and green energy. (Public benefits and Economic benefits?)'),
(936, 188, 292, 1, 1, 'Add to the Powerpoint Presentation including extended ideas for your chosen section: Value Proposition'),
(937, 188, 384, 1, 1, 'Add to the Powerpoint Presentation including extended ideas for your chosen section: Our Problem and Problem Location'),
(938, 188, 393, 1, 1, 'Add to the Powerpoint Presentation including extended ideas for your chosen section: Our Solution and Target Customers'),
(939, 188, 452, 1, 1, 'Add to the Powerpoint Presentation including extended ideas for your chosen section: Competitors '),
(940, 188, 505, 1, 1, 'Add to the Powerpoint Presentation including extended ideas for your chosen section: Business Canvas Model and Funding'),
(941, 189, 292, 1, 1, 'Work on a script for your slides section and time yourself giving the talk, to fit within the template '),
(942, 189, 384, 1, 4, 'Work on a script for your slides section and time yourself giving the talk, to fit within the template'),
(943, 189, 393, 1, 1, 'Work on a script for your slides section and time yourself giving the talk, to fit within the template'),
(944, 189, 452, 1, 1, 'Work on a script for your slides section and time yourself giving the talk, to fit within the template'),
(945, 189, 505, 1, 1, 'Work on a script for your slides section and time yourself giving the talk, to fit within the template'),
(946, 190, 292, 1, 1, 'Meet up online and practice the power-point run through'),
(947, 190, 384, 1, 1, 'Meet up online and practice the power-point run through'),
(948, 190, 393, 1, 1, 'Meet up online and practice the power-point run through'),
(949, 190, 452, 1, 1, 'Meet up online and practice the power-point run through'),
(950, 190, 505, 1, 1, 'Meet up online and practice the power-point run through'),
(951, 191, 316, 5, 1, 'Research problems we may run into i.e. cost, waste and time'),
(952, 191, 369, 4, 2, 'Research how to educate the public better on nuclear energy'),
(953, 191, 470, 1, 1, 'Research the problem combatting the decrease in natural resources '),
(954, 191, 502, 1, 4, 'Research the why the public fear with nuclear power'),
(955, 191, 509, 1, 1, 'Research benefits to the economy for nuclear energy over natural resources'),
(956, 192, 316, 1, 1, 'Restructure our idea on carbon emissions and green energy. (Focus on transport causing pollution.  Which city in England has the worst traffic pollution? Why?)'),
(957, 192, 369, 1, 1, 'Restructure our idea on carbon emissions and green energy. (App focusing on improving carbon footprint-what will entice customers to do this?) '),
(958, 192, 470, 1, 1, 'Restructure our idea on carbon emissions and green energy. (App focusing on improving carbon footprint-who are our customers? How do we appeal to these customers?) '),
(959, 192, 502, 1, 1, 'Restructure our idea on carbon emissions and green energy. (What makes us unique and what are the rewards for customers altering their lifestyle for carbon footprint advantages?) '),
(960, 192, 509, 1, 1, 'Restructure our idea on carbon emissions and green energy. (Public benefits and Economic benefits?)'),
(961, 193, 316, 1, 3, 'Add to the Powerpoint Presentation including extended ideas for your chosen section: Value Proposition'),
(962, 193, 369, 1, 1, 'Add to the Powerpoint Presentation including extended ideas for your chosen section: Our Problem and Problem Location'),
(963, 193, 470, 1, 1, 'Add to the Powerpoint Presentation including extended ideas for your chosen section: Our Solution and Target Customers'),
(964, 193, 502, 4, 1, 'Add to the Powerpoint Presentation including extended ideas for your chosen section: Competitors '),
(965, 193, 509, 1, 4, 'Add to the Powerpoint Presentation including extended ideas for your chosen section: Business Canvas Model and Funding'),
(966, 194, 316, 1, 4, 'Work on a script for your slides section and time yourself giving the talk, to fit within the template '),
(967, 194, 369, 1, 4, 'Work on a script for your slides section and time yourself giving the talk, to fit within the template'),
(968, 194, 470, 1, 1, 'Work on a script for your slides section and time yourself giving the talk, to fit within the template'),
(969, 194, 502, 1, 1, 'Work on a script for your slides section and time yourself giving the talk, to fit within the template'),
(970, 194, 509, 1, 3, 'Work on a script for your slides section and time yourself giving the talk, to fit within the template'),
(971, 195, 316, 1, 2, 'Meet up online and practice the power-point run through'),
(972, 195, 369, 1, 1, 'Meet up online and practice the power-point run through'),
(973, 195, 470, 1, 1, 'Meet up online and practice the power-point run through'),
(974, 195, 502, 4, 1, 'Meet up online and practice the power-point run through'),
(975, 195, 509, 1, 1, 'Meet up online and practice the power-point run through'),
(976, 196, 283, 1, 1, 'Research problems we may run into i.e. cost, waste and time'),
(977, 196, 355, 1, 4, 'Research how to educate the public better on nuclear energy'),
(978, 196, 360, 1, 1, 'Research the problem combatting the decrease in natural resources '),
(979, 196, 444, 1, 1, 'Research the why the public fear with nuclear power'),
(980, 196, 465, 4, 1, 'Research benefits to the economy for nuclear energy over natural resources'),
(981, 197, 283, 1, 2, 'Restructure our idea on carbon emissions and green energy. (Focus on transport causing pollution.  Which city in England has the worst traffic pollution? Why?)'),
(982, 197, 355, 1, 1, 'Restructure our idea on carbon emissions and green energy. (App focusing on improving carbon footprint-what will entice customers to do this?) '),
(983, 197, 360, 1, 1, 'Restructure our idea on carbon emissions and green energy. (App focusing on improving carbon footprint-who are our customers? How do we appeal to these customers?) '),
(984, 197, 444, 1, 4, 'Restructure our idea on carbon emissions and green energy. (What makes us unique and what are the rewards for customers altering their lifestyle for carbon footprint advantages?) '),
(985, 197, 465, 1, 1, 'Restructure our idea on carbon emissions and green energy. (Public benefits and Economic benefits?)'),
(986, 198, 283, 1, 1, 'Add to the Powerpoint Presentation including extended ideas for your chosen section: Value Proposition'),
(987, 198, 355, 1, 4, 'Add to the Powerpoint Presentation including extended ideas for your chosen section: Our Problem and Problem Location'),
(988, 198, 360, 1, 4, 'Add to the Powerpoint Presentation including extended ideas for your chosen section: Our Solution and Target Customers'),
(989, 198, 444, 1, 1, 'Add to the Powerpoint Presentation including extended ideas for your chosen section: Competitors '),
(990, 198, 465, 1, 1, 'Add to the Powerpoint Presentation including extended ideas for your chosen section: Business Canvas Model and Funding'),
(991, 199, 283, 1, 1, 'Work on a script for your slides section and time yourself giving the talk, to fit within the template '),
(992, 199, 355, 1, 1, 'Work on a script for your slides section and time yourself giving the talk, to fit within the template'),
(993, 199, 360, 1, 1, 'Work on a script for your slides section and time yourself giving the talk, to fit within the template'),
(994, 199, 444, 1, 3, 'Work on a script for your slides section and time yourself giving the talk, to fit within the template'),
(995, 199, 465, 1, 1, 'Work on a script for your slides section and time yourself giving the talk, to fit within the template'),
(996, 200, 283, 5, 1, 'Meet up online and practice the power-point run through'),
(997, 200, 355, 4, 1, 'Meet up online and practice the power-point run through'),
(998, 200, 360, 1, 4, 'Meet up online and practice the power-point run through'),
(999, 200, 444, 1, 1, 'Meet up online and practice the power-point run through'),
(1000, 200, 465, 5, 1, 'Meet up online and practice the power-point run through'),
(1001, 201, 302, 1, 1, 'Research problems we may run into i.e. cost, waste and time'),
(1002, 201, 321, 1, 1, 'Research how to educate the public better on nuclear energy'),
(1003, 201, 332, 1, 1, 'Research the problem combatting the decrease in natural resources '),
(1004, 201, 346, 1, 1, 'Research the why the public fear with nuclear power'),
(1005, 201, 471, 1, 1, 'Research benefits to the economy for nuclear energy over natural resources'),
(1006, 202, 302, 1, 1, 'Restructure our idea on carbon emissions and green energy. (Focus on transport causing pollution.  Which city in England has the worst traffic pollution? Why?)'),
(1007, 202, 321, 2, 1, 'Restructure our idea on carbon emissions and green energy. (App focusing on improving carbon footprint-what will entice customers to do this?) '),
(1008, 202, 332, 2, 1, 'Restructure our idea on carbon emissions and green energy. (App focusing on improving carbon footprint-who are our customers? How do we appeal to these customers?) '),
(1009, 202, 346, 5, 4, 'Restructure our idea on carbon emissions and green energy. (What makes us unique and what are the rewards for customers altering their lifestyle for carbon footprint advantages?) '),
(1010, 202, 471, 1, 1, 'Restructure our idea on carbon emissions and green energy. (Public benefits and Economic benefits?)'),
(1011, 203, 302, 1, 1, 'Add to the Powerpoint Presentation including extended ideas for your chosen section: Value Proposition'),
(1012, 203, 321, 1, 1, 'Add to the Powerpoint Presentation including extended ideas for your chosen section: Our Problem and Problem Location'),
(1013, 203, 332, 4, 1, 'Add to the Powerpoint Presentation including extended ideas for your chosen section: Our Solution and Target Customers'),
(1014, 203, 346, 1, 4, 'Add to the Powerpoint Presentation including extended ideas for your chosen section: Competitors '),
(1015, 203, 471, 1, 1, 'Add to the Powerpoint Presentation including extended ideas for your chosen section: Business Canvas Model and Funding'),
(1016, 204, 302, 1, 1, 'Work on a script for your slides section and time yourself giving the talk, to fit within the template '),
(1017, 204, 321, 2, 1, 'Work on a script for your slides section and time yourself giving the talk, to fit within the template'),
(1018, 204, 332, 1, 2, 'Work on a script for your slides section and time yourself giving the talk, to fit within the template'),
(1019, 204, 346, 1, 1, 'Work on a script for your slides section and time yourself giving the talk, to fit within the template'),
(1020, 204, 471, 1, 1, 'Work on a script for your slides section and time yourself giving the talk, to fit within the template'),
(1021, 205, 302, 1, 1, 'Meet up online and practice the power-point run through'),
(1022, 205, 321, 5, 1, 'Meet up online and practice the power-point run through'),
(1023, 205, 332, 1, 1, 'Meet up online and practice the power-point run through'),
(1024, 205, 346, 1, 1, 'Meet up online and practice the power-point run through'),
(1025, 205, 471, 1, 1, 'Meet up online and practice the power-point run through'),
(1026, 206, 295, 5, 1, 'Research problems we may run into i.e. cost, waste and time'),
(1027, 206, 303, 1, 1, 'Research how to educate the public better on nuclear energy'),
(1028, 206, 335, 1, 1, 'Research the problem combatting the decrease in natural resources '),
(1029, 206, 431, 5, 1, 'Research the why the public fear with nuclear power'),
(1030, 206, 450, 1, 1, 'Research benefits to the economy for nuclear energy over natural resources'),
(1031, 207, 295, 1, 1, 'Restructure our idea on carbon emissions and green energy. (Focus on transport causing pollution.  Which city in England has the worst traffic pollution? Why?)'),
(1032, 207, 303, 1, 1, 'Restructure our idea on carbon emissions and green energy. (App focusing on improving carbon footprint-what will entice customers to do this?) '),
(1033, 207, 335, 1, 1, 'Restructure our idea on carbon emissions and green energy. (App focusing on improving carbon footprint-who are our customers? How do we appeal to these customers?) '),
(1034, 207, 431, 5, 1, 'Restructure our idea on carbon emissions and green energy. (What makes us unique and what are the rewards for customers altering their lifestyle for carbon footprint advantages?) '),
(1035, 207, 450, 5, 3, 'Restructure our idea on carbon emissions and green energy. (Public benefits and Economic benefits?)'),
(1036, 208, 295, 5, 1, 'Add to the Powerpoint Presentation including extended ideas for your chosen section: Value Proposition'),
(1037, 208, 303, 1, 1, 'Add to the Powerpoint Presentation including extended ideas for your chosen section: Our Problem and Problem Location'),
(1038, 208, 335, 1, 1, 'Add to the Powerpoint Presentation including extended ideas for your chosen section: Our Solution and Target Customers'),
(1039, 208, 431, 1, 1, 'Add to the Powerpoint Presentation including extended ideas for your chosen section: Competitors '),
(1040, 208, 450, 1, 1, 'Add to the Powerpoint Presentation including extended ideas for your chosen section: Business Canvas Model and Funding'),
(1041, 209, 295, 1, 1, 'Work on a script for your slides section and time yourself giving the talk, to fit within the template '),
(1042, 209, 303, 1, 1, 'Work on a script for your slides section and time yourself giving the talk, to fit within the template'),
(1043, 209, 335, 1, 1, 'Work on a script for your slides section and time yourself giving the talk, to fit within the template'),
(1044, 209, 431, 4, 1, 'Work on a script for your slides section and time yourself giving the talk, to fit within the template'),
(1045, 209, 450, 1, 1, 'Work on a script for your slides section and time yourself giving the talk, to fit within the template'),
(1046, 210, 295, 1, 1, 'Meet up online and practice the power-point run through'),
(1047, 210, 303, 1, 3, 'Meet up online and practice the power-point run through'),
(1048, 210, 335, 5, 3, 'Meet up online and practice the power-point run through'),
(1049, 210, 431, 1, 1, 'Meet up online and practice the power-point run through'),
(1050, 210, 450, 1, 4, 'Meet up online and practice the power-point run through'),
(1051, 211, 381, 1, 1, 'Research problems we may run into i.e. cost, waste and time'),
(1052, 211, 411, 1, 4, 'Research how to educate the public better on nuclear energy'),
(1053, 211, 507, 1, 1, 'Research the problem combatting the decrease in natural resources '),
(1054, 211, 520, 1, 1, 'Research the why the public fear with nuclear power'),
(1055, 211, 531, 1, 4, 'Research benefits to the economy for nuclear energy over natural resources'),
(1056, 212, 381, 1, 1, 'Restructure our idea on carbon emissions and green energy. (Focus on transport causing pollution.  Which city in England has the worst traffic pollution? Why?)'),
(1057, 212, 411, 1, 4, 'Restructure our idea on carbon emissions and green energy. (App focusing on improving carbon footprint-what will entice customers to do this?) '),
(1058, 212, 507, 1, 1, 'Restructure our idea on carbon emissions and green energy. (App focusing on improving carbon footprint-who are our customers? How do we appeal to these customers?) '),
(1059, 212, 520, 1, 1, 'Restructure our idea on carbon emissions and green energy. (What makes us unique and what are the rewards for customers altering their lifestyle for carbon footprint advantages?) '),
(1060, 212, 531, 4, 1, 'Restructure our idea on carbon emissions and green energy. (Public benefits and Economic benefits?)'),
(1061, 213, 381, 1, 1, 'Add to the Powerpoint Presentation including extended ideas for your chosen section: Value Proposition'),
(1062, 213, 411, 5, 1, 'Add to the Powerpoint Presentation including extended ideas for your chosen section: Our Problem and Problem Location'),
(1063, 213, 507, 5, 4, 'Add to the Powerpoint Presentation including extended ideas for your chosen section: Our Solution and Target Customers'),
(1064, 213, 520, 5, 1, 'Add to the Powerpoint Presentation including extended ideas for your chosen section: Competitors '),
(1065, 213, 531, 1, 1, 'Add to the Powerpoint Presentation including extended ideas for your chosen section: Business Canvas Model and Funding'),
(1066, 214, 381, 1, 2, 'Work on a script for your slides section and time yourself giving the talk, to fit within the template '),
(1067, 214, 411, 1, 4, 'Work on a script for your slides section and time yourself giving the talk, to fit within the template'),
(1068, 214, 507, 4, 4, 'Work on a script for your slides section and time yourself giving the talk, to fit within the template'),
(1069, 214, 520, 1, 1, 'Work on a script for your slides section and time yourself giving the talk, to fit within the template'),
(1070, 214, 531, 3, 4, 'Work on a script for your slides section and time yourself giving the talk, to fit within the template'),
(1071, 215, 381, 1, 1, 'Meet up online and practice the power-point run through'),
(1072, 215, 411, 4, 1, 'Meet up online and practice the power-point run through'),
(1073, 215, 507, 1, 1, 'Meet up online and practice the power-point run through'),
(1074, 215, 520, 5, 1, 'Meet up online and practice the power-point run through'),
(1075, 215, 531, 1, 1, 'Meet up online and practice the power-point run through'),
(1076, 216, 341, 4, 4, 'Research problems we may run into i.e. cost, waste and time'),
(1077, 216, 374, 1, 1, 'Research how to educate the public better on nuclear energy'),
(1078, 216, 397, 1, 4, 'Research the problem combatting the decrease in natural resources '),
(1079, 216, 420, 1, 1, 'Research the why the public fear with nuclear power'),
(1080, 216, 495, 1, 1, 'Research benefits to the economy for nuclear energy over natural resources'),
(1081, 217, 341, 1, 1, 'Restructure our idea on carbon emissions and green energy. (Focus on transport causing pollution.  Which city in England has the worst traffic pollution? Why?)'),
(1082, 217, 374, 4, 1, 'Restructure our idea on carbon emissions and green energy. (App focusing on improving carbon footprint-what will entice customers to do this?) '),
(1083, 217, 397, 1, 1, 'Restructure our idea on carbon emissions and green energy. (App focusing on improving carbon footprint-who are our customers? How do we appeal to these customers?) '),
(1084, 217, 420, 1, 2, 'Restructure our idea on carbon emissions and green energy. (What makes us unique and what are the rewards for customers altering their lifestyle for carbon footprint advantages?) '),
(1085, 217, 495, 5, 1, 'Restructure our idea on carbon emissions and green energy. (Public benefits and Economic benefits?)'),
(1086, 218, 341, 1, 4, 'Add to the Powerpoint Presentation including extended ideas for your chosen section: Value Proposition'),
(1087, 218, 374, 1, 1, 'Add to the Powerpoint Presentation including extended ideas for your chosen section: Our Problem and Problem Location'),
(1088, 218, 397, 1, 4, 'Add to the Powerpoint Presentation including extended ideas for your chosen section: Our Solution and Target Customers'),
(1089, 218, 420, 4, 2, 'Add to the Powerpoint Presentation including extended ideas for your chosen section: Competitors '),
(1090, 218, 495, 1, 1, 'Add to the Powerpoint Presentation including extended ideas for your chosen section: Business Canvas Model and Funding'),
(1091, 219, 341, 1, 4, 'Work on a script for your slides section and time yourself giving the talk, to fit within the template '),
(1092, 219, 374, 1, 1, 'Work on a script for your slides section and time yourself giving the talk, to fit within the template'),
(1093, 219, 397, 1, 2, 'Work on a script for your slides section and time yourself giving the talk, to fit within the template'),
(1094, 219, 420, 3, 1, 'Work on a script for your slides section and time yourself giving the talk, to fit within the template'),
(1095, 219, 495, 1, 1, 'Work on a script for your slides section and time yourself giving the talk, to fit within the template'),
(1096, 220, 341, 1, 1, 'Meet up online and practice the power-point run through'),
(1097, 220, 374, 1, 4, 'Meet up online and practice the power-point run through'),
(1098, 220, 397, 1, 1, 'Meet up online and practice the power-point run through'),
(1099, 220, 420, 1, 1, 'Meet up online and practice the power-point run through'),
(1100, 220, 495, 1, 4, 'Meet up online and practice the power-point run through'),
(1101, 221, 297, 1, 1, 'Research problems we may run into i.e. cost, waste and time'),
(1102, 221, 456, 1, 1, 'Research how to educate the public better on nuclear energy'),
(1103, 221, 490, 1, 1, 'Research the problem combatting the decrease in natural resources '),
(1104, 221, 511, 1, 1, 'Research the why the public fear with nuclear power'),
(1105, 221, 529, 1, 4, 'Research benefits to the economy for nuclear energy over natural resources'),
(1106, 222, 297, 4, 1, 'Restructure our idea on carbon emissions and green energy. (Focus on transport causing pollution.  Which city in England has the worst traffic pollution? Why?)'),
(1107, 222, 456, 1, 1, 'Restructure our idea on carbon emissions and green energy. (App focusing on improving carbon footprint-what will entice customers to do this?) '),
(1108, 222, 490, 1, 4, 'Restructure our idea on carbon emissions and green energy. (App focusing on improving carbon footprint-who are our customers? How do we appeal to these customers?) '),
(1109, 222, 511, 1, 4, 'Restructure our idea on carbon emissions and green energy. (What makes us unique and what are the rewards for customers altering their lifestyle for carbon footprint advantages?) '),
(1110, 222, 529, 1, 1, 'Restructure our idea on carbon emissions and green energy. (Public benefits and Economic benefits?)'),
(1111, 223, 297, 1, 1, 'Add to the Powerpoint Presentation including extended ideas for your chosen section: Value Proposition'),
(1112, 223, 456, 1, 1, 'Add to the Powerpoint Presentation including extended ideas for your chosen section: Our Problem and Problem Location'),
(1113, 223, 490, 1, 1, 'Add to the Powerpoint Presentation including extended ideas for your chosen section: Our Solution and Target Customers'),
(1114, 223, 511, 1, 1, 'Add to the Powerpoint Presentation including extended ideas for your chosen section: Competitors '),
(1115, 223, 529, 1, 1, 'Add to the Powerpoint Presentation including extended ideas for your chosen section: Business Canvas Model and Funding'),
(1116, 224, 297, 4, 4, 'Work on a script for your slides section and time yourself giving the talk, to fit within the template '),
(1117, 224, 456, 4, 3, 'Work on a script for your slides section and time yourself giving the talk, to fit within the template'),
(1118, 224, 490, 4, 4, 'Work on a script for your slides section and time yourself giving the talk, to fit within the template'),
(1119, 224, 511, 1, 1, 'Work on a script for your slides section and time yourself giving the talk, to fit within the template'),
(1120, 224, 529, 1, 1, 'Work on a script for your slides section and time yourself giving the talk, to fit within the template'),
(1121, 225, 297, 1, 1, 'Meet up online and practice the power-point run through'),
(1122, 225, 456, 4, 1, 'Meet up online and practice the power-point run through'),
(1123, 225, 490, 5, 4, 'Meet up online and practice the power-point run through'),
(1124, 225, 511, 1, 3, 'Meet up online and practice the power-point run through'),
(1125, 225, 529, 5, 4, 'Meet up online and practice the power-point run through'),
(1126, 226, 389, 1, 4, 'Research problems we may run into i.e. cost, waste and time'),
(1127, 226, 494, 1, 2, 'Research how to educate the public better on nuclear energy'),
(1128, 226, 508, 1, 4, 'Research the problem combatting the decrease in natural resources '),
(1129, 226, 513, 4, 4, 'Research the why the public fear with nuclear power'),
(1130, 226, 535, 1, 4, 'Research benefits to the economy for nuclear energy over natural resources'),
(1131, 227, 389, 2, 1, 'Restructure our idea on carbon emissions and green energy. (Focus on transport causing pollution.  Which city in England has the worst traffic pollution? Why?)'),
(1132, 227, 494, 2, 4, 'Restructure our idea on carbon emissions and green energy. (App focusing on improving carbon footprint-what will entice customers to do this?) '),
(1133, 227, 508, 1, 4, 'Restructure our idea on carbon emissions and green energy. (App focusing on improving carbon footprint-who are our customers? How do we appeal to these customers?) '),
(1134, 227, 513, 2, 1, 'Restructure our idea on carbon emissions and green energy. (What makes us unique and what are the rewards for customers altering their lifestyle for carbon footprint advantages?) '),
(1135, 227, 535, 1, 1, 'Restructure our idea on carbon emissions and green energy. (Public benefits and Economic benefits?)'),
(1136, 228, 389, 1, 1, 'Add to the Powerpoint Presentation including extended ideas for your chosen section: Value Proposition'),
(1137, 228, 494, 4, 1, 'Add to the Powerpoint Presentation including extended ideas for your chosen section: Our Problem and Problem Location'),
(1138, 228, 508, 1, 4, 'Add to the Powerpoint Presentation including extended ideas for your chosen section: Our Solution and Target Customers'),
(1139, 228, 513, 1, 1, 'Add to the Powerpoint Presentation including extended ideas for your chosen section: Competitors '),
(1140, 228, 535, 1, 2, 'Add to the Powerpoint Presentation including extended ideas for your chosen section: Business Canvas Model and Funding'),
(1141, 229, 389, 1, 1, 'Work on a script for your slides section and time yourself giving the talk, to fit within the template '),
(1142, 229, 494, 4, 1, 'Work on a script for your slides section and time yourself giving the talk, to fit within the template'),
(1143, 229, 508, 1, 1, 'Work on a script for your slides section and time yourself giving the talk, to fit within the template'),
(1144, 229, 513, 4, 1, 'Work on a script for your slides section and time yourself giving the talk, to fit within the template'),
(1145, 229, 535, 1, 1, 'Work on a script for your slides section and time yourself giving the talk, to fit within the template'),
(1146, 230, 389, 2, 1, 'Meet up online and practice the power-point run through'),
(1147, 230, 494, 1, 1, 'Meet up online and practice the power-point run through'),
(1148, 230, 508, 1, 3, 'Meet up online and practice the power-point run through'),
(1149, 230, 513, 1, 1, 'Meet up online and practice the power-point run through'),
(1150, 230, 535, 1, 4, 'Meet up online and practice the power-point run through'),
(1151, 231, 293, 1, 1, 'Research problems we may run into i.e. cost, waste and time'),
(1152, 231, 300, 1, 1, 'Research how to educate the public better on nuclear energy'),
(1153, 231, 312, 4, 1, 'Research the problem combatting the decrease in natural resources '),
(1154, 231, 437, 5, 2, 'Research the why the public fear with nuclear power'),
(1155, 231, 527, 1, 4, 'Research benefits to the economy for nuclear energy over natural resources'),
(1156, 232, 293, 1, 4, 'Restructure our idea on carbon emissions and green energy. (Focus on transport causing pollution.  Which city in England has the worst traffic pollution? Why?)'),
(1157, 232, 300, 4, 4, 'Restructure our idea on carbon emissions and green energy. (App focusing on improving carbon footprint-what will entice customers to do this?) '),
(1158, 232, 312, 1, 1, 'Restructure our idea on carbon emissions and green energy. (App focusing on improving carbon footprint-who are our customers? How do we appeal to these customers?) '),
(1159, 232, 437, 5, 1, 'Restructure our idea on carbon emissions and green energy. (What makes us unique and what are the rewards for customers altering their lifestyle for carbon footprint advantages?) '),
(1160, 232, 527, 3, 1, 'Restructure our idea on carbon emissions and green energy. (Public benefits and Economic benefits?)'),
(1161, 233, 293, 4, 2, 'Add to the Powerpoint Presentation including extended ideas for your chosen section: Value Proposition'),
(1162, 233, 300, 3, 3, 'Add to the Powerpoint Presentation including extended ideas for your chosen section: Our Problem and Problem Location'),
(1163, 233, 312, 1, 1, 'Add to the Powerpoint Presentation including extended ideas for your chosen section: Our Solution and Target Customers'),
(1164, 233, 437, 1, 4, 'Add to the Powerpoint Presentation including extended ideas for your chosen section: Competitors '),
(1165, 233, 527, 1, 4, 'Add to the Powerpoint Presentation including extended ideas for your chosen section: Business Canvas Model and Funding'),
(1166, 234, 293, 1, 1, 'Work on a script for your slides section and time yourself giving the talk, to fit within the template '),
(1167, 234, 300, 4, 1, 'Work on a script for your slides section and time yourself giving the talk, to fit within the template'),
(1168, 234, 312, 1, 3, 'Work on a script for your slides section and time yourself giving the talk, to fit within the template'),
(1169, 234, 437, 1, 3, 'Work on a script for your slides section and time yourself giving the talk, to fit within the template'),
(1170, 234, 527, 1, 1, 'Work on a script for your slides section and time yourself giving the talk, to fit within the template'),
(1171, 235, 293, 1, 2, 'Meet up online and practice the power-point run through'),
(1172, 235, 300, 5, 1, 'Meet up online and practice the power-point run through'),
(1173, 235, 312, 1, 1, 'Meet up online and practice the power-point run through'),
(1174, 235, 437, 1, 4, 'Meet up online and practice the power-point run through'),
(1175, 235, 527, 5, 1, 'Meet up online and practice the power-point run through'),
(1176, 236, 364, 4, 1, 'Research problems we may run into i.e. cost, waste and time'),
(1177, 236, 453, 2, 4, 'Research how to educate the public better on nuclear energy'),
(1178, 236, 463, 1, 1, 'Research the problem combatting the decrease in natural resources '),
(1179, 236, 506, 5, 1, 'Research the why the public fear with nuclear power'),
(1180, 236, 542, 1, 1, 'Research benefits to the economy for nuclear energy over natural resources'),
(1181, 237, 364, 1, 1, 'Restructure our idea on carbon emissions and green energy. (Focus on transport causing pollution.  Which city in England has the worst traffic pollution? Why?)'),
(1182, 237, 453, 1, 1, 'Restructure our idea on carbon emissions and green energy. (App focusing on improving carbon footprint-what will entice customers to do this?) '),
(1183, 237, 463, 1, 1, 'Restructure our idea on carbon emissions and green energy. (App focusing on improving carbon footprint-who are our customers? How do we appeal to these customers?) '),
(1184, 237, 506, 5, 4, 'Restructure our idea on carbon emissions and green energy. (What makes us unique and what are the rewards for customers altering their lifestyle for carbon footprint advantages?) '),
(1185, 237, 542, 5, 1, 'Restructure our idea on carbon emissions and green energy. (Public benefits and Economic benefits?)'),
(1186, 238, 364, 1, 2, 'Add to the Powerpoint Presentation including extended ideas for your chosen section: Value Proposition'),
(1187, 238, 453, 1, 3, 'Add to the Powerpoint Presentation including extended ideas for your chosen section: Our Problem and Problem Location'),
(1188, 238, 463, 4, 3, 'Add to the Powerpoint Presentation including extended ideas for your chosen section: Our Solution and Target Customers'),
(1189, 238, 506, 1, 2, 'Add to the Powerpoint Presentation including extended ideas for your chosen section: Competitors '),
(1190, 238, 542, 4, 1, 'Add to the Powerpoint Presentation including extended ideas for your chosen section: Business Canvas Model and Funding'),
(1191, 239, 364, 4, 1, 'Work on a script for your slides section and time yourself giving the talk, to fit within the template '),
(1192, 239, 453, 5, 4, 'Work on a script for your slides section and time yourself giving the talk, to fit within the template'),
(1193, 239, 463, 1, 1, 'Work on a script for your slides section and time yourself giving the talk, to fit within the template'),
(1194, 239, 506, 4, 1, 'Work on a script for your slides section and time yourself giving the talk, to fit within the template'),
(1195, 239, 542, 1, 1, 'Work on a script for your slides section and time yourself giving the talk, to fit within the template'),
(1196, 240, 364, 1, 3, 'Meet up online and practice the power-point run through'),
(1197, 240, 453, 1, 4, 'Meet up online and practice the power-point run through'),
(1198, 240, 463, 1, 1, 'Meet up online and practice the power-point run through'),
(1199, 240, 506, 1, 2, 'Meet up online and practice the power-point run through'),
(1200, 240, 542, 1, 4, 'Meet up online and practice the power-point run through'),
(1201, 241, 290, 4, 4, 'Research problems we may run into i.e. cost, waste and time'),
(1202, 241, 349, 1, 1, 'Research how to educate the public better on nuclear energy'),
(1203, 241, 392, 1, 2, 'Research the problem combatting the decrease in natural resources '),
(1204, 241, 479, 1, 4, 'Research the why the public fear with nuclear power'),
(1205, 241, 499, 4, 4, 'Research benefits to the economy for nuclear energy over natural resources'),
(1206, 242, 290, 1, 1, 'Restructure our idea on carbon emissions and green energy. (Focus on transport causing pollution.  Which city in England has the worst traffic pollution? Why?)'),
(1207, 242, 349, 1, 3, 'Restructure our idea on carbon emissions and green energy. (App focusing on improving carbon footprint-what will entice customers to do this?) '),
(1208, 242, 392, 4, 2, 'Restructure our idea on carbon emissions and green energy. (App focusing on improving carbon footprint-who are our customers? How do we appeal to these customers?) '),
(1209, 242, 479, 1, 2, 'Restructure our idea on carbon emissions and green energy. (What makes us unique and what are the rewards for customers altering their lifestyle for carbon footprint advantages?) '),
(1210, 242, 499, 1, 1, 'Restructure our idea on carbon emissions and green energy. (Public benefits and Economic benefits?)'),
(1211, 243, 290, 1, 2, 'Add to the Powerpoint Presentation including extended ideas for your chosen section: Value Proposition'),
(1212, 243, 349, 1, 4, 'Add to the Powerpoint Presentation including extended ideas for your chosen section: Our Problem and Problem Location'),
(1213, 243, 392, 2, 4, 'Add to the Powerpoint Presentation including extended ideas for your chosen section: Our Solution and Target Customers'),
(1214, 243, 479, 1, 1, 'Add to the Powerpoint Presentation including extended ideas for your chosen section: Competitors '),
(1215, 243, 499, 1, 1, 'Add to the Powerpoint Presentation including extended ideas for your chosen section: Business Canvas Model and Funding'),
(1216, 244, 290, 5, 1, 'Work on a script for your slides section and time yourself giving the talk, to fit within the template '),
(1217, 244, 349, 3, 1, 'Work on a script for your slides section and time yourself giving the talk, to fit within the template'),
(1218, 244, 392, 2, 1, 'Work on a script for your slides section and time yourself giving the talk, to fit within the template'),
(1219, 244, 479, 1, 1, 'Work on a script for your slides section and time yourself giving the talk, to fit within the template'),
(1220, 244, 499, 1, 1, 'Work on a script for your slides section and time yourself giving the talk, to fit within the template'),
(1221, 245, 290, 1, 4, 'Meet up online and practice the power-point run through'),
(1222, 245, 349, 1, 1, 'Meet up online and practice the power-point run through'),
(1223, 245, 392, 1, 1, 'Meet up online and practice the power-point run through'),
(1224, 245, 479, 3, 1, 'Meet up online and practice the power-point run through'),
(1225, 245, 499, 1, 1, 'Meet up online and practice the power-point run through'),
(1226, 246, 307, 2, 1, 'Research problems we may run into i.e. cost, waste and time'),
(1227, 246, 318, 1, 1, 'Research how to educate the public better on nuclear energy'),
(1228, 246, 328, 4, 2, 'Research the problem combatting the decrease in natural resources '),
(1229, 246, 347, 2, 1, 'Research the why the public fear with nuclear power'),
(1230, 246, 403, 3, 1, 'Research benefits to the economy for nuclear energy over natural resources'),
(1231, 247, 307, 1, 4, 'Restructure our idea on carbon emissions and green energy. (Focus on transport causing pollution.  Which city in England has the worst traffic pollution? Why?)'),
(1232, 247, 318, 5, 2, 'Restructure our idea on carbon emissions and green energy. (App focusing on improving carbon footprint-what will entice customers to do this?) '),
(1233, 247, 328, 1, 1, 'Restructure our idea on carbon emissions and green energy. (App focusing on improving carbon footprint-who are our customers? How do we appeal to these customers?) '),
(1234, 247, 347, 4, 1, 'Restructure our idea on carbon emissions and green energy. (What makes us unique and what are the rewards for customers altering their lifestyle for carbon footprint advantages?) '),
(1235, 247, 403, 5, 3, 'Restructure our idea on carbon emissions and green energy. (Public benefits and Economic benefits?)'),
(1236, 248, 307, 1, 1, 'Add to the Powerpoint Presentation including extended ideas for your chosen section: Value Proposition'),
(1237, 248, 318, 4, 1, 'Add to the Powerpoint Presentation including extended ideas for your chosen section: Our Problem and Problem Location'),
(1238, 248, 328, 1, 1, 'Add to the Powerpoint Presentation including extended ideas for your chosen section: Our Solution and Target Customers'),
(1239, 248, 347, 5, 1, 'Add to the Powerpoint Presentation including extended ideas for your chosen section: Competitors ');
INSERT INTO `Contributions` (`ContributionID`, `ContributionLogID`, `ContributionUserID`, `ContributionAttendanceID`, `ContributionCompletionID`, `ContributionFuturetasks`) VALUES
(1240, 248, 403, 4, 1, 'Add to the Powerpoint Presentation including extended ideas for your chosen section: Business Canvas Model and Funding'),
(1241, 249, 307, 1, 1, 'Work on a script for your slides section and time yourself giving the talk, to fit within the template '),
(1242, 249, 318, 4, 4, 'Work on a script for your slides section and time yourself giving the talk, to fit within the template'),
(1243, 249, 328, 1, 4, 'Work on a script for your slides section and time yourself giving the talk, to fit within the template'),
(1244, 249, 347, 3, 1, 'Work on a script for your slides section and time yourself giving the talk, to fit within the template'),
(1245, 249, 403, 1, 1, 'Work on a script for your slides section and time yourself giving the talk, to fit within the template'),
(1246, 250, 307, 1, 1, 'Meet up online and practice the power-point run through'),
(1247, 250, 318, 5, 3, 'Meet up online and practice the power-point run through'),
(1248, 250, 328, 1, 1, 'Meet up online and practice the power-point run through'),
(1249, 250, 347, 4, 1, 'Meet up online and practice the power-point run through'),
(1250, 250, 403, 1, 1, 'Meet up online and practice the power-point run through'),
(1251, 251, 281, 1, 3, 'Research problems we may run into i.e. cost, waste and time'),
(1252, 251, 331, 1, 4, 'Research how to educate the public better on nuclear energy'),
(1253, 251, 409, 1, 3, 'Research the problem combatting the decrease in natural resources '),
(1254, 251, 472, 1, 4, 'Research the why the public fear with nuclear power'),
(1255, 251, 478, 1, 4, 'Research benefits to the economy for nuclear energy over natural resources'),
(1256, 252, 281, 1, 1, 'Restructure our idea on carbon emissions and green energy. (Focus on transport causing pollution.  Which city in England has the worst traffic pollution? Why?)'),
(1257, 252, 331, 5, 4, 'Restructure our idea on carbon emissions and green energy. (App focusing on improving carbon footprint-what will entice customers to do this?) '),
(1258, 252, 409, 5, 4, 'Restructure our idea on carbon emissions and green energy. (App focusing on improving carbon footprint-who are our customers? How do we appeal to these customers?) '),
(1259, 252, 472, 1, 4, 'Restructure our idea on carbon emissions and green energy. (What makes us unique and what are the rewards for customers altering their lifestyle for carbon footprint advantages?) '),
(1260, 252, 478, 5, 1, 'Restructure our idea on carbon emissions and green energy. (Public benefits and Economic benefits?)'),
(1261, 253, 281, 5, 1, 'Add to the Powerpoint Presentation including extended ideas for your chosen section: Value Proposition'),
(1262, 253, 331, 1, 4, 'Add to the Powerpoint Presentation including extended ideas for your chosen section: Our Problem and Problem Location'),
(1263, 253, 409, 4, 4, 'Add to the Powerpoint Presentation including extended ideas for your chosen section: Our Solution and Target Customers'),
(1264, 253, 472, 1, 2, 'Add to the Powerpoint Presentation including extended ideas for your chosen section: Competitors '),
(1265, 253, 478, 1, 3, 'Add to the Powerpoint Presentation including extended ideas for your chosen section: Business Canvas Model and Funding'),
(1266, 254, 281, 1, 2, 'Work on a script for your slides section and time yourself giving the talk, to fit within the template '),
(1267, 254, 331, 4, 1, 'Work on a script for your slides section and time yourself giving the talk, to fit within the template'),
(1268, 254, 409, 1, 3, 'Work on a script for your slides section and time yourself giving the talk, to fit within the template'),
(1269, 254, 472, 5, 1, 'Work on a script for your slides section and time yourself giving the talk, to fit within the template'),
(1270, 254, 478, 1, 1, 'Work on a script for your slides section and time yourself giving the talk, to fit within the template'),
(1271, 255, 281, 1, 1, 'Meet up online and practice the power-point run through'),
(1272, 255, 331, 5, 2, 'Meet up online and practice the power-point run through'),
(1273, 255, 409, 1, 1, 'Meet up online and practice the power-point run through'),
(1274, 255, 472, 3, 1, 'Meet up online and practice the power-point run through'),
(1275, 255, 478, 4, 4, 'Meet up online and practice the power-point run through'),
(1276, 256, 313, 4, 4, 'Research problems we may run into i.e. cost, waste and time'),
(1277, 256, 330, 5, 2, 'Research how to educate the public better on nuclear energy'),
(1278, 256, 413, 2, 1, 'Research the problem combatting the decrease in natural resources '),
(1279, 256, 467, 1, 4, 'Research the why the public fear with nuclear power'),
(1280, 256, 510, 4, 1, 'Research benefits to the economy for nuclear energy over natural resources'),
(1281, 257, 313, 1, 4, 'Restructure our idea on carbon emissions and green energy. (Focus on transport causing pollution.  Which city in England has the worst traffic pollution? Why?)'),
(1282, 257, 330, 1, 1, 'Restructure our idea on carbon emissions and green energy. (App focusing on improving carbon footprint-what will entice customers to do this?) '),
(1283, 257, 413, 5, 1, 'Restructure our idea on carbon emissions and green energy. (App focusing on improving carbon footprint-who are our customers? How do we appeal to these customers?) '),
(1284, 257, 467, 4, 4, 'Restructure our idea on carbon emissions and green energy. (What makes us unique and what are the rewards for customers altering their lifestyle for carbon footprint advantages?) '),
(1285, 257, 510, 4, 1, 'Restructure our idea on carbon emissions and green energy. (Public benefits and Economic benefits?)'),
(1286, 258, 313, 1, 1, 'Add to the Powerpoint Presentation including extended ideas for your chosen section: Value Proposition'),
(1287, 258, 330, 2, 1, 'Add to the Powerpoint Presentation including extended ideas for your chosen section: Our Problem and Problem Location'),
(1288, 258, 413, 1, 1, 'Add to the Powerpoint Presentation including extended ideas for your chosen section: Our Solution and Target Customers'),
(1289, 258, 467, 5, 1, 'Add to the Powerpoint Presentation including extended ideas for your chosen section: Competitors '),
(1290, 258, 510, 1, 4, 'Add to the Powerpoint Presentation including extended ideas for your chosen section: Business Canvas Model and Funding'),
(1291, 259, 313, 5, 1, 'Work on a script for your slides section and time yourself giving the talk, to fit within the template '),
(1292, 259, 330, 1, 4, 'Work on a script for your slides section and time yourself giving the talk, to fit within the template'),
(1293, 259, 413, 4, 4, 'Work on a script for your slides section and time yourself giving the talk, to fit within the template'),
(1294, 259, 467, 1, 1, 'Work on a script for your slides section and time yourself giving the talk, to fit within the template'),
(1295, 259, 510, 3, 1, 'Work on a script for your slides section and time yourself giving the talk, to fit within the template'),
(1296, 260, 313, 1, 4, 'Meet up online and practice the power-point run through'),
(1297, 260, 330, 4, 1, 'Meet up online and practice the power-point run through'),
(1298, 260, 413, 1, 1, 'Meet up online and practice the power-point run through'),
(1299, 260, 467, 1, 1, 'Meet up online and practice the power-point run through'),
(1300, 260, 510, 1, 3, 'Meet up online and practice the power-point run through'),
(1301, 261, 383, 1, 1, 'Research problems we may run into i.e. cost, waste and time'),
(1302, 261, 423, 1, 1, 'Research how to educate the public better on nuclear energy'),
(1303, 261, 435, 1, 1, 'Research the problem combatting the decrease in natural resources '),
(1304, 261, 485, 1, 1, 'Research the why the public fear with nuclear power'),
(1305, 261, 516, 4, 1, 'Research benefits to the economy for nuclear energy over natural resources'),
(1306, 262, 383, 1, 1, 'Restructure our idea on carbon emissions and green energy. (Focus on transport causing pollution.  Which city in England has the worst traffic pollution? Why?)'),
(1307, 262, 423, 5, 1, 'Restructure our idea on carbon emissions and green energy. (App focusing on improving carbon footprint-what will entice customers to do this?) '),
(1308, 262, 435, 4, 4, 'Restructure our idea on carbon emissions and green energy. (App focusing on improving carbon footprint-who are our customers? How do we appeal to these customers?) '),
(1309, 262, 485, 1, 4, 'Restructure our idea on carbon emissions and green energy. (What makes us unique and what are the rewards for customers altering their lifestyle for carbon footprint advantages?) '),
(1310, 262, 516, 1, 1, 'Restructure our idea on carbon emissions and green energy. (Public benefits and Economic benefits?)'),
(1311, 263, 383, 5, 4, 'Add to the Powerpoint Presentation including extended ideas for your chosen section: Value Proposition'),
(1312, 263, 423, 1, 1, 'Add to the Powerpoint Presentation including extended ideas for your chosen section: Our Problem and Problem Location'),
(1313, 263, 435, 1, 1, 'Add to the Powerpoint Presentation including extended ideas for your chosen section: Our Solution and Target Customers'),
(1314, 263, 485, 5, 4, 'Add to the Powerpoint Presentation including extended ideas for your chosen section: Competitors '),
(1315, 263, 516, 1, 1, 'Add to the Powerpoint Presentation including extended ideas for your chosen section: Business Canvas Model and Funding'),
(1316, 264, 383, 5, 4, 'Work on a script for your slides section and time yourself giving the talk, to fit within the template '),
(1317, 264, 423, 4, 1, 'Work on a script for your slides section and time yourself giving the talk, to fit within the template'),
(1318, 264, 435, 2, 3, 'Work on a script for your slides section and time yourself giving the talk, to fit within the template'),
(1319, 264, 485, 1, 1, 'Work on a script for your slides section and time yourself giving the talk, to fit within the template'),
(1320, 264, 516, 1, 3, 'Work on a script for your slides section and time yourself giving the talk, to fit within the template'),
(1321, 265, 383, 1, 4, 'Meet up online and practice the power-point run through'),
(1322, 265, 423, 1, 1, 'Meet up online and practice the power-point run through'),
(1323, 265, 435, 5, 4, 'Meet up online and practice the power-point run through'),
(1324, 265, 485, 5, 1, 'Meet up online and practice the power-point run through'),
(1325, 265, 516, 1, 4, 'Meet up online and practice the power-point run through'),
(1326, 266, 286, 1, 1, 'Research problems we may run into i.e. cost, waste and time'),
(1327, 266, 310, 1, 4, 'Research how to educate the public better on nuclear energy'),
(1328, 266, 345, 4, 1, 'Research the problem combatting the decrease in natural resources '),
(1329, 266, 469, 1, 4, 'Research the why the public fear with nuclear power'),
(1330, 266, 514, 4, 4, 'Research benefits to the economy for nuclear energy over natural resources'),
(1331, 267, 286, 5, 1, 'Restructure our idea on carbon emissions and green energy. (Focus on transport causing pollution.  Which city in England has the worst traffic pollution? Why?)'),
(1332, 267, 310, 3, 4, 'Restructure our idea on carbon emissions and green energy. (App focusing on improving carbon footprint-what will entice customers to do this?) '),
(1333, 267, 345, 4, 2, 'Restructure our idea on carbon emissions and green energy. (App focusing on improving carbon footprint-who are our customers? How do we appeal to these customers?) '),
(1334, 267, 469, 2, 4, 'Restructure our idea on carbon emissions and green energy. (What makes us unique and what are the rewards for customers altering their lifestyle for carbon footprint advantages?) '),
(1335, 267, 514, 5, 1, 'Restructure our idea on carbon emissions and green energy. (Public benefits and Economic benefits?)'),
(1336, 268, 286, 1, 4, 'Add to the Powerpoint Presentation including extended ideas for your chosen section: Value Proposition'),
(1337, 268, 310, 1, 3, 'Add to the Powerpoint Presentation including extended ideas for your chosen section: Our Problem and Problem Location'),
(1338, 268, 345, 4, 1, 'Add to the Powerpoint Presentation including extended ideas for your chosen section: Our Solution and Target Customers'),
(1339, 268, 469, 4, 4, 'Add to the Powerpoint Presentation including extended ideas for your chosen section: Competitors '),
(1340, 268, 514, 4, 4, 'Add to the Powerpoint Presentation including extended ideas for your chosen section: Business Canvas Model and Funding'),
(1341, 269, 286, 1, 4, 'Work on a script for your slides section and time yourself giving the talk, to fit within the template '),
(1342, 269, 310, 4, 1, 'Work on a script for your slides section and time yourself giving the talk, to fit within the template'),
(1343, 269, 345, 1, 1, 'Work on a script for your slides section and time yourself giving the talk, to fit within the template'),
(1344, 269, 469, 1, 1, 'Work on a script for your slides section and time yourself giving the talk, to fit within the template'),
(1345, 269, 514, 4, 1, 'Work on a script for your slides section and time yourself giving the talk, to fit within the template'),
(1346, 270, 286, 5, 1, 'Meet up online and practice the power-point run through'),
(1347, 270, 310, 1, 1, 'Meet up online and practice the power-point run through'),
(1348, 270, 345, 1, 1, 'Meet up online and practice the power-point run through'),
(1349, 270, 469, 1, 1, 'Meet up online and practice the power-point run through'),
(1350, 270, 514, 1, 4, 'Meet up online and practice the power-point run through');

-- --------------------------------------------------------

--
-- Table structure for table `Experience`
--

CREATE TABLE `Experience` (
  `ExperienceID` int(11) NOT NULL,
  `ExperienceName` varchar(128) NOT NULL
) ENGINE=InnoDB DEFAULT CHARSET=utf8mb4 COLLATE=utf8mb4_general_ci;

--
-- Dumping data for table `Experience`
--

INSERT INTO `Experience` (`ExperienceID`, `ExperienceName`) VALUES
(1, 'Career Entry Level'),
(2, 'Experience: 2 - 3 years'),
(3, 'Experience: 5+ years');

-- --------------------------------------------------------

--
-- Table structure for table `Favourites`
--

CREATE TABLE `Favourites` (
  `FavouriteID` int(11) NOT NULL,
  `FavouriteLikerID` int(11) NOT NULL,
  `FavouriteLikedID` int(11) NOT NULL,
  `FavouriteCategory` varchar(64) NOT NULL
) ENGINE=InnoDB DEFAULT CHARSET=utf8mb4 COLLATE=utf8mb4_general_ci;

--
-- Dumping data for table `Favourites`
--

INSERT INTO `Favourites` (`FavouriteID`, `FavouriteLikerID`, `FavouriteLikedID`, `FavouriteCategory`) VALUES
(2, 277, 4, 'Assessments'),
(3, 277, 20, 'Assessments'),
(4, 277, 84, 'Groups'),
(1, 820, 84, 'Groups');

-- --------------------------------------------------------

--
-- Table structure for table `Formats`
--

CREATE TABLE `Formats` (
  `FormatID` int(11) NOT NULL,
  `FormatName` varchar(128) NOT NULL
) ENGINE=InnoDB DEFAULT CHARSET=utf8mb4 COLLATE=utf8mb4_general_ci;

--
-- Dumping data for table `Formats`
--

INSERT INTO `Formats` (`FormatID`, `FormatName`) VALUES
(1, 'Technical'),
(2, 'Non-technical');

-- --------------------------------------------------------

--
-- Table structure for table `Groupmembers`
--

CREATE TABLE `Groupmembers` (
  `GroupmemberID` int(11) NOT NULL,
  `GroupmemberUserID` int(11) DEFAULT NULL,
  `GroupmemberGroupID` int(11) DEFAULT NULL
) ENGINE=InnoDB DEFAULT CHARSET=utf8 COLLATE=utf8_unicode_ci;

--
-- Dumping data for table `Groupmembers`
--

INSERT INTO `Groupmembers` (`GroupmemberID`, `GroupmemberUserID`, `GroupmemberGroupID`) VALUES
(1, 275, 13),
(389, 275, 114),
(2, 276, 12),
(312, 276, 96),
(3, 277, 35),
(385, 277, 113),
(4, 279, 33),
(5, 280, 35),
(6, 281, 51),
(7, 282, 28),
(8, 283, 40),
(304, 283, 94),
(9, 284, 11),
(10, 285, 25),
(11, 286, 54),
(354, 286, 106),
(12, 287, 25),
(321, 287, 98),
(13, 288, 13),
(387, 288, 114),
(14, 289, 1),
(15, 290, 49),
(16, 291, 20),
(309, 291, 95),
(17, 292, 38),
(381, 292, 112),
(18, 293, 47),
(356, 293, 107),
(19, 294, 20),
(285, 294, 89),
(20, 295, 42),
(21, 296, 8),
(22, 297, 45),
(23, 298, 37),
(24, 299, 13),
(25, 300, 47),
(294, 300, 91),
(26, 301, 36),
(373, 301, 110),
(27, 302, 41),
(345, 302, 104),
(28, 303, 42),
(29, 304, 34),
(30, 305, 9),
(298, 305, 92),
(31, 306, 29),
(292, 306, 91),
(32, 307, 50),
(323, 307, 99),
(33, 308, 6),
(34, 309, 22),
(353, 309, 106),
(35, 310, 54),
(36, 311, 15),
(37, 312, 47),
(330, 312, 100),
(38, 313, 52),
(342, 313, 103),
(39, 314, 3),
(362, 314, 108),
(40, 315, 7),
(303, 315, 94),
(41, 316, 39),
(42, 317, 23),
(347, 317, 104),
(43, 318, 50),
(44, 319, 11),
(45, 320, 16),
(46, 321, 41),
(335, 321, 101),
(47, 322, 19),
(352, 322, 106),
(48, 323, 18),
(358, 323, 107),
(49, 324, 28),
(271, 324, 87),
(50, 325, 1),
(51, 326, 34),
(52, 327, 16),
(53, 328, 50),
(54, 329, 20),
(55, 330, 52),
(296, 330, 92),
(56, 331, 51),
(57, 332, 41),
(58, 333, 36),
(278, 333, 88),
(59, 334, 15),
(375, 334, 111),
(60, 335, 42),
(61, 336, 10),
(62, 337, 8),
(327, 337, 99),
(63, 338, 35),
(287, 338, 90),
(64, 339, 21),
(65, 340, 33),
(66, 341, 44),
(67, 342, 15),
(310, 342, 96),
(68, 343, 1),
(286, 343, 90),
(69, 344, 32),
(70, 345, 54),
(282, 345, 89),
(71, 346, 41),
(314, 346, 97),
(72, 347, 50),
(289, 347, 90),
(73, 348, 4),
(74, 349, 49),
(75, 350, 2),
(76, 351, 12),
(77, 352, 30),
(350, 352, 105),
(78, 353, 18),
(79, 354, 17),
(80, 355, 40),
(81, 356, 13),
(82, 357, 21),
(357, 357, 107),
(83, 358, 18),
(84, 359, 30),
(85, 360, 40),
(370, 360, 110),
(86, 361, 4),
(87, 362, 27),
(334, 362, 101),
(88, 363, 8),
(305, 363, 94),
(89, 364, 48),
(339, 364, 102),
(90, 365, 20),
(318, 365, 98),
(91, 366, 30),
(382, 366, 112),
(92, 367, 34),
(311, 367, 96),
(93, 368, 9),
(94, 369, 39),
(95, 370, 2),
(96, 371, 5),
(97, 372, 3),
(98, 373, 23),
(275, 373, 87),
(99, 374, 44),
(100, 375, 37),
(272, 375, 87),
(101, 376, 33),
(102, 377, 26),
(103, 378, 23),
(313, 378, 97),
(104, 379, 12),
(105, 380, 23),
(106, 381, 43),
(107, 382, 19),
(359, 382, 107),
(108, 383, 53),
(308, 383, 95),
(109, 384, 38),
(110, 385, 9),
(371, 385, 110),
(111, 386, 2),
(112, 387, 21),
(113, 388, 23),
(324, 388, 99),
(114, 389, 46),
(115, 390, 12),
(116, 391, 2),
(117, 392, 49),
(288, 392, 90),
(118, 393, 38),
(301, 393, 93),
(119, 394, 34),
(341, 394, 103),
(120, 395, 19),
(121, 396, 22),
(122, 397, 44),
(123, 398, 28),
(124, 399, 7),
(125, 400, 15),
(307, 400, 95),
(126, 401, 27),
(127, 402, 34),
(128, 403, 50),
(380, 403, 112),
(129, 404, 16),
(273, 404, 87),
(130, 405, 4),
(302, 405, 93),
(131, 406, 25),
(132, 407, 2),
(133, 408, 37),
(306, 408, 94),
(134, 409, 51),
(135, 410, 22),
(366, 410, 109),
(136, 411, 43),
(137, 412, 14),
(138, 413, 52),
(367, 413, 109),
(139, 414, 35),
(319, 414, 98),
(140, 415, 3),
(141, 416, 31),
(142, 417, 31),
(336, 417, 101),
(143, 418, 11),
(144, 419, 24),
(145, 420, 44),
(146, 421, 9),
(147, 422, 29),
(148, 423, 53),
(149, 424, 25),
(150, 425, 29),
(151, 426, 16),
(152, 427, 14),
(361, 427, 108),
(153, 428, 31),
(349, 428, 105),
(154, 429, 19),
(155, 430, 29),
(337, 430, 102),
(156, 431, 42),
(157, 432, 32),
(158, 433, 21),
(159, 434, 8),
(160, 435, 53),
(161, 436, 25),
(279, 436, 88),
(162, 437, 47),
(322, 437, 98),
(163, 438, 27),
(317, 438, 97),
(164, 439, 17),
(295, 439, 92),
(165, 440, 33),
(166, 441, 27),
(167, 442, 32),
(315, 442, 97),
(168, 443, 37),
(277, 443, 88),
(169, 444, 40),
(170, 445, 36),
(171, 446, 10),
(172, 447, 33),
(173, 448, 9),
(391, 448, 115),
(174, 449, 27),
(175, 450, 42),
(355, 450, 107),
(176, 451, 6),
(177, 452, 38),
(178, 453, 48),
(179, 454, 10),
(180, 455, 26),
(181, 456, 45),
(182, 457, 10),
(374, 457, 110),
(183, 458, 5),
(184, 459, 17),
(185, 460, 16),
(284, 460, 89),
(186, 461, 26),
(187, 462, 14),
(331, 462, 100),
(188, 463, 48),
(189, 464, 1),
(190, 465, 40),
(368, 465, 109),
(191, 466, 24),
(192, 467, 52),
(316, 467, 97),
(193, 468, 11),
(343, 468, 103),
(194, 469, 54),
(377, 469, 111),
(195, 470, 39),
(196, 471, 41),
(390, 471, 114),
(197, 472, 51),
(290, 472, 90),
(198, 473, 36),
(199, 474, 1),
(392, 474, 115),
(200, 476, 19),
(293, 476, 91),
(201, 477, 22),
(202, 478, 51),
(395, 478, 116),
(203, 479, 49),
(204, 480, 21),
(365, 480, 109),
(205, 481, 28),
(320, 481, 98),
(206, 482, 17),
(340, 482, 102),
(207, 483, 3),
(208, 484, 32),
(209, 485, 53),
(383, 485, 113),
(210, 486, 30),
(211, 487, 5),
(326, 487, 99),
(212, 488, 37),
(213, 489, 17),
(388, 489, 114),
(214, 490, 45),
(379, 490, 112),
(215, 491, 20),
(216, 492, 6),
(376, 492, 111),
(217, 493, 5),
(218, 494, 46),
(219, 495, 44),
(220, 496, 31),
(281, 496, 89),
(221, 497, 30),
(338, 497, 102),
(222, 498, 13),
(223, 499, 49),
(364, 499, 108),
(224, 500, 28),
(384, 500, 113),
(225, 501, 6),
(291, 501, 91),
(226, 502, 39),
(227, 503, 18),
(300, 503, 93),
(228, 504, 15),
(229, 505, 38),
(348, 505, 104),
(230, 506, 48),
(231, 507, 43),
(344, 507, 103),
(232, 508, 46),
(233, 509, 39),
(234, 510, 52),
(235, 511, 45),
(236, 512, 7),
(328, 512, 100),
(237, 513, 46),
(363, 513, 108),
(238, 514, 54),
(360, 514, 108),
(239, 515, 7),
(393, 515, 115),
(240, 516, 53),
(396, 516, 116),
(241, 517, 7),
(325, 517, 99),
(242, 518, 14),
(243, 519, 24),
(386, 519, 113),
(244, 520, 43),
(346, 520, 104),
(245, 521, 24),
(246, 522, 32),
(247, 523, 5),
(351, 523, 105),
(248, 524, 6),
(378, 524, 111),
(249, 525, 31),
(329, 525, 100),
(250, 526, 24),
(251, 527, 47),
(369, 527, 109),
(252, 528, 3),
(299, 528, 93),
(253, 529, 45),
(254, 530, 26),
(255, 531, 43),
(394, 531, 116),
(256, 532, 11),
(372, 532, 110),
(257, 533, 4),
(274, 533, 87),
(258, 534, 35),
(297, 534, 92),
(259, 535, 46),
(283, 535, 89),
(260, 536, 14),
(261, 537, 4),
(262, 538, 8),
(276, 538, 88),
(263, 539, 18),
(264, 540, 10),
(265, 541, 22),
(266, 542, 48),
(267, 543, 26),
(332, 543, 100),
(268, 544, 12),
(269, 545, 36),
(333, 545, 101),
(270, 546, 29),
(280, 546, 88);

-- --------------------------------------------------------

--
-- Table structure for table `Groups`
--

CREATE TABLE `Groups` (
  `GroupID` int(11) NOT NULL,
  `GroupName` varchar(64) NOT NULL,
  `GroupAssessmentID` int(11) DEFAULT NULL
) ENGINE=InnoDB DEFAULT CHARSET=utf8 COLLATE=utf8_unicode_ci;

--
-- Dumping data for table `Groups`
--

INSERT INTO `Groups` (`GroupID`, `GroupName`, `GroupAssessmentID`) VALUES
(1, 'Group A01', 10),
(2, 'Group A02', 10),
(3, 'Group A03', 10),
(4, 'Group A04', 10),
(5, 'Group A05', 10),
(6, 'Group A06', 10),
(7, 'Group A07', 10),
(8, 'Group A08', 10),
(9, 'Group A09', 10),
(10, 'Group A10', 10),
(11, 'Group A11', 10),
(12, 'Group A12', 10),
(13, 'Group A13', 10),
(14, 'Group A14', 10),
(15, 'Group A15', 10),
(16, 'Group A16', 10),
(17, 'Group A17', 10),
(18, 'Group A18', 10),
(19, 'Group B01', 10),
(20, 'Group B02', 10),
(21, 'Group B03', 10),
(22, 'Group B04', 10),
(23, 'Group B05', 10),
(24, 'Group B06', 10),
(25, 'Group B07', 10),
(26, 'Group B08', 10),
(27, 'Group B09', 10),
(28, 'Group B10', 10),
(29, 'Group B11', 10),
(30, 'Group B12', 10),
(31, 'Group B13', 10),
(32, 'Group B14', 10),
(33, 'Group B15', 10),
(34, 'Group B16', 10),
(35, 'Group B17', 10),
(36, 'Group B18', 10),
(37, 'Group C01', 10),
(38, 'Group C02', 10),
(39, 'Group C03', 10),
(40, 'Group C04', 10),
(41, 'Group C05', 10),
(42, 'Group C06', 10),
(43, 'Group C07', 10),
(44, 'Group C08', 10),
(45, 'Group C09', 10),
(46, 'Group C10', 10),
(47, 'Group C11', 10),
(48, 'Group C12', 10),
(49, 'Group C13', 10),
(50, 'Group C14', 10),
(51, 'Group C15', 10),
(52, 'Group C16', 10),
(53, 'Group C17', 10),
(54, 'Group C18', 10),
(87, 'Group A01', 13),
(88, 'Group A02', 13),
(89, 'Group A03', 13),
(90, 'Group A04', 13),
(91, 'Group A05', 13),
(92, 'Group A06', 13),
(93, 'Group A07', 13),
(94, 'Group A08', 13),
(95, 'Group A09', 13),
(96, 'Group A10', 13),
(97, 'Group B01', 13),
(98, 'Group B02', 13),
(99, 'Group B03', 13),
(100, 'Group B04', 13),
(101, 'Group B05', 13),
(102, 'Group B06', 13),
(103, 'Group B07', 13),
(104, 'Group B08', 13),
(105, 'Group B09', 13),
(106, 'Group B10', 13),
(107, 'Group C01', 13),
(108, 'Group C02', 13),
(109, 'Group C03', 13),
(110, 'Group C04', 13),
(111, 'Group C05', 13),
(112, 'Group C06', 13),
(113, 'Group C07', 13),
(114, 'Group C08', 13),
(115, 'Group C09', 13),
(116, 'Group C10', 13),
(117, 'delete', 1);

-- --------------------------------------------------------

--
-- Table structure for table `Jobtitles`
--

CREATE TABLE `Jobtitles` (
  `JobtitleID` int(11) NOT NULL,
  `JobtitleName` varchar(128) NOT NULL
) ENGINE=InnoDB DEFAULT CHARSET=utf8mb4 COLLATE=utf8mb4_general_ci;

--
-- Dumping data for table `Jobtitles`
--

INSERT INTO `Jobtitles` (`JobtitleID`, `JobtitleName`) VALUES
(1, 'Web Developer'),
(2, 'Senior Software Engineer'),
(3, 'Junior Software Engineer'),
(4, 'Data Analyst');

-- --------------------------------------------------------

--
-- Table structure for table `Likes`
--

CREATE TABLE `Likes` (
  `LikeID` int(11) NOT NULL,
  `LikerID` int(11) DEFAULT NULL,
  `LikeeID` int(11) DEFAULT NULL,
  `LikeAffinityID` int(11) DEFAULT NULL
) ENGINE=InnoDB DEFAULT CHARSET=utf8 COLLATE=utf8_unicode_ci;

--
-- Dumping data for table `Likes`
--

INSERT INTO `Likes` (`LikeID`, `LikerID`, `LikeeID`, `LikeAffinityID`) VALUES
(1, 275, 326, 1),
(2, 275, 445, 1),
(3, 275, 486, 2),
(4, 275, 465, 1),
(5, 275, 357, 1),
(6, 275, 368, 2),
(7, 275, 371, 1),
(8, 275, 379, 1),
(9, 276, 546, 1),
(10, 276, 397, 1),
(11, 276, 466, 2),
(12, 276, 412, 1),
(13, 276, 363, 1),
(14, 276, 424, 1),
(15, 276, 304, 1),
(16, 276, 496, 1),
(17, 277, 527, 1),
(18, 277, 287, 1),
(19, 277, 467, 1),
(20, 277, 534, 2),
(21, 277, 515, 1),
(22, 277, 276, 1),
(23, 277, 505, 1),
(24, 277, 292, 1),
(25, 278, 527, 1),
(26, 278, 438, 1),
(27, 278, 325, 1),
(28, 278, 287, 1),
(29, 278, 480, 1),
(30, 278, 334, 1),
(31, 278, 401, 1),
(32, 278, 495, 1),
(33, 279, 437, 1),
(34, 279, 418, 1),
(35, 279, 388, 1),
(36, 279, 535, 1),
(37, 279, 314, 1),
(38, 279, 334, 1),
(39, 279, 471, 2),
(40, 279, 436, 1),
(41, 280, 519, 1),
(42, 280, 540, 1),
(43, 280, 514, 1),
(44, 280, 482, 1),
(45, 280, 507, 1),
(46, 280, 432, 1),
(47, 280, 485, 1),
(48, 280, 429, 1),
(49, 281, 318, 1),
(50, 281, 387, 1),
(51, 281, 351, 1),
(52, 281, 487, 1),
(53, 281, 415, 2),
(54, 281, 335, 1),
(55, 281, 530, 2),
(56, 281, 319, 1),
(57, 282, 521, 1),
(58, 282, 300, 2),
(59, 282, 446, 2),
(60, 282, 297, 1),
(61, 282, 529, 1),
(62, 282, 338, 1),
(63, 282, 306, 1),
(64, 282, 310, 1),
(65, 283, 411, 1),
(67, 283, 435, 1),
(68, 283, 450, 1),
(69, 283, 424, 1),
(70, 283, 280, 1),
(71, 283, 296, 1),
(72, 283, 312, 2),
(73, 284, 464, 1),
(74, 284, 339, 1),
(75, 284, 518, 1),
(76, 284, 369, 1),
(77, 284, 310, 2),
(78, 284, 380, 1),
(79, 284, 331, 1),
(80, 284, 328, 1),
(81, 285, 537, 2),
(82, 285, 478, 1),
(83, 285, 482, 2),
(84, 285, 468, 1),
(85, 285, 303, 2),
(86, 285, 513, 1),
(87, 285, 427, 1),
(88, 285, 289, 1),
(89, 286, 326, 1),
(90, 286, 468, 1),
(91, 286, 471, 1),
(92, 286, 500, 1),
(93, 286, 303, 2),
(94, 286, 352, 1),
(95, 286, 541, 1),
(96, 286, 488, 1),
(97, 287, 410, 2),
(98, 287, 408, 1),
(99, 287, 301, 1),
(100, 287, 464, 1),
(101, 287, 392, 2),
(102, 287, 422, 2),
(103, 287, 286, 1),
(104, 287, 520, 1),
(105, 288, 284, 1),
(106, 288, 465, 1),
(107, 288, 397, 1),
(108, 288, 432, 1),
(109, 288, 393, 1),
(110, 288, 374, 1),
(111, 288, 505, 1),
(112, 288, 492, 1),
(113, 289, 377, 1),
(114, 289, 339, 1),
(115, 289, 440, 2),
(116, 289, 366, 1),
(117, 289, 342, 1),
(118, 289, 315, 1),
(119, 289, 292, 1),
(120, 289, 369, 1),
(121, 290, 476, 1),
(122, 290, 541, 1),
(123, 290, 309, 1),
(124, 290, 385, 1),
(125, 290, 332, 1),
(126, 290, 446, 1),
(127, 290, 411, 1),
(128, 290, 299, 1),
(129, 291, 286, 1),
(130, 291, 488, 1),
(131, 291, 392, 1),
(132, 291, 378, 1),
(133, 291, 528, 1),
(134, 291, 358, 1),
(135, 291, 445, 2),
(136, 291, 452, 1),
(137, 292, 470, 1),
(138, 292, 532, 1),
(139, 292, 476, 1),
(140, 292, 308, 1),
(141, 292, 458, 1),
(142, 292, 499, 1),
(143, 292, 317, 1),
(144, 292, 500, 1),
(145, 293, 539, 1),
(146, 293, 456, 1),
(147, 293, 356, 1),
(148, 293, 511, 1),
(149, 293, 494, 1),
(150, 293, 283, 1),
(151, 293, 373, 1),
(152, 293, 297, 2),
(153, 294, 325, 1),
(154, 294, 428, 1),
(155, 294, 420, 1),
(156, 294, 351, 1),
(157, 294, 464, 2),
(158, 294, 378, 1),
(159, 294, 515, 1),
(160, 294, 370, 1),
(161, 295, 364, 1),
(162, 295, 341, 1),
(163, 295, 398, 1),
(164, 295, 365, 1),
(165, 295, 408, 1),
(166, 295, 486, 1),
(167, 295, 355, 1),
(168, 295, 381, 1),
(169, 296, 464, 1),
(170, 296, 283, 1),
(171, 296, 282, 1),
(172, 296, 546, 2),
(173, 296, 475, 2),
(174, 296, 447, 1),
(175, 296, 434, 1),
(176, 296, 321, 1),
(177, 297, 374, 1),
(178, 297, 440, 1),
(179, 297, 520, 1),
(180, 297, 308, 2),
(181, 297, 325, 1),
(182, 297, 379, 1),
(183, 297, 486, 2),
(184, 297, 320, 1),
(185, 298, 498, 1),
(186, 298, 543, 1),
(187, 298, 526, 1),
(188, 298, 419, 1),
(189, 298, 323, 1),
(190, 298, 276, 1),
(191, 298, 338, 1),
(192, 298, 285, 1),
(193, 299, 316, 1),
(194, 299, 526, 1),
(195, 299, 505, 1),
(196, 299, 529, 1),
(197, 299, 517, 2),
(198, 299, 296, 1),
(199, 299, 399, 2),
(200, 299, 486, 1),
(201, 300, 369, 1),
(202, 300, 364, 1),
(203, 300, 476, 1),
(204, 300, 288, 1),
(205, 300, 484, 1),
(206, 300, 342, 2),
(207, 300, 376, 1),
(208, 300, 419, 1),
(209, 301, 280, 1),
(210, 301, 412, 2),
(211, 301, 367, 1),
(212, 301, 402, 1),
(213, 301, 509, 1),
(214, 301, 290, 2),
(215, 301, 490, 1),
(216, 301, 282, 1),
(217, 302, 283, 1),
(218, 302, 446, 1),
(219, 302, 479, 1),
(220, 302, 332, 1),
(221, 302, 276, 1),
(222, 302, 288, 1),
(223, 302, 496, 1),
(224, 302, 471, 1),
(225, 303, 527, 1),
(226, 303, 321, 1),
(227, 303, 346, 1),
(228, 303, 388, 1),
(229, 303, 309, 2),
(230, 303, 509, 2),
(231, 303, 341, 1),
(232, 303, 290, 1),
(233, 304, 440, 2),
(234, 304, 519, 1),
(235, 304, 420, 1),
(236, 304, 492, 2),
(237, 304, 366, 1),
(238, 304, 371, 1),
(239, 304, 416, 1),
(240, 304, 288, 2),
(241, 305, 426, 1),
(242, 305, 322, 1),
(243, 305, 443, 1),
(244, 305, 277, 1),
(245, 305, 374, 1),
(246, 305, 478, 1),
(247, 305, 367, 1),
(248, 305, 418, 1),
(249, 306, 446, 1),
(250, 306, 516, 1),
(251, 306, 480, 2),
(252, 306, 544, 1),
(253, 306, 526, 1),
(254, 306, 394, 1),
(255, 306, 352, 1),
(256, 306, 457, 1),
(257, 307, 407, 1),
(258, 307, 500, 1),
(259, 307, 459, 1),
(260, 307, 480, 2),
(261, 307, 396, 1),
(262, 307, 524, 1),
(263, 307, 283, 1),
(264, 307, 404, 1),
(265, 308, 347, 1),
(266, 308, 291, 1),
(267, 308, 499, 1),
(268, 308, 443, 1),
(269, 308, 533, 1),
(270, 308, 515, 1),
(271, 308, 415, 1),
(272, 308, 299, 1),
(273, 309, 393, 1),
(274, 309, 308, 1),
(275, 309, 538, 1),
(276, 309, 310, 1),
(277, 309, 503, 2),
(278, 309, 409, 1),
(279, 309, 327, 1),
(280, 309, 375, 1),
(281, 310, 479, 1),
(282, 310, 437, 1),
(283, 310, 395, 2),
(284, 310, 389, 1),
(285, 310, 454, 1),
(286, 310, 538, 1),
(287, 310, 374, 1),
(288, 310, 533, 1),
(289, 311, 279, 1),
(290, 311, 386, 1),
(291, 311, 353, 1),
(292, 311, 403, 2),
(293, 311, 503, 1),
(294, 311, 370, 1),
(295, 311, 541, 1),
(296, 311, 524, 1),
(297, 312, 333, 1),
(298, 312, 406, 1),
(299, 312, 523, 1),
(300, 312, 392, 1),
(301, 312, 516, 1),
(302, 312, 535, 1),
(303, 312, 391, 1),
(304, 312, 506, 1),
(305, 313, 401, 1),
(306, 313, 308, 1),
(307, 313, 536, 1),
(308, 313, 359, 1),
(309, 313, 477, 1),
(310, 313, 280, 1),
(311, 313, 292, 1),
(312, 313, 481, 1),
(313, 314, 335, 1),
(314, 314, 341, 1),
(315, 314, 398, 1),
(316, 314, 543, 1),
(317, 314, 486, 1),
(318, 314, 316, 1),
(319, 314, 535, 2),
(320, 314, 345, 1),
(321, 315, 491, 1),
(322, 315, 497, 2),
(323, 315, 332, 1),
(324, 315, 343, 1),
(325, 315, 303, 1),
(326, 315, 313, 1),
(327, 315, 537, 1),
(328, 315, 444, 1),
(329, 316, 353, 1),
(330, 316, 359, 1),
(331, 316, 441, 1),
(332, 316, 479, 1),
(333, 316, 511, 1),
(334, 316, 303, 1),
(335, 316, 281, 1),
(336, 316, 387, 2),
(337, 317, 278, 1),
(338, 317, 526, 1),
(339, 317, 521, 1),
(340, 317, 301, 1),
(341, 317, 383, 2),
(342, 317, 506, 2),
(343, 317, 322, 1),
(344, 317, 381, 1),
(345, 318, 423, 1),
(346, 318, 424, 1),
(347, 318, 472, 1),
(348, 318, 389, 1),
(349, 318, 409, 1),
(350, 318, 370, 1),
(351, 318, 309, 1),
(352, 318, 523, 1),
(353, 319, 396, 1),
(354, 319, 456, 1),
(355, 319, 447, 1),
(356, 319, 298, 1),
(357, 319, 527, 1),
(358, 319, 288, 1),
(359, 319, 317, 1),
(360, 319, 393, 1),
(361, 320, 534, 1),
(362, 320, 329, 1),
(363, 320, 434, 1),
(364, 320, 490, 1),
(365, 320, 454, 1),
(366, 320, 460, 1),
(367, 320, 384, 2),
(368, 320, 314, 1),
(369, 321, 285, 2),
(370, 321, 501, 1),
(371, 321, 283, 2),
(372, 321, 378, 1),
(373, 321, 368, 1),
(374, 321, 366, 1),
(375, 321, 389, 1),
(376, 321, 467, 1),
(377, 322, 544, 2),
(378, 322, 448, 1),
(379, 322, 527, 1),
(380, 322, 530, 1),
(381, 322, 478, 1),
(382, 322, 369, 1),
(383, 322, 483, 1),
(384, 322, 466, 1),
(385, 323, 301, 1),
(386, 323, 342, 1),
(387, 323, 364, 1),
(388, 323, 433, 1),
(389, 323, 307, 1),
(390, 323, 292, 1),
(391, 323, 324, 1),
(392, 323, 276, 1),
(393, 324, 327, 1),
(394, 324, 305, 1),
(395, 324, 388, 1),
(396, 324, 442, 1),
(397, 324, 505, 1),
(398, 324, 383, 1),
(399, 324, 426, 1),
(400, 324, 495, 1),
(401, 325, 417, 1),
(402, 325, 422, 1),
(403, 325, 301, 1),
(404, 325, 452, 1),
(405, 325, 537, 1),
(406, 325, 398, 1),
(407, 325, 414, 1),
(408, 325, 334, 1),
(409, 326, 540, 1),
(410, 326, 373, 1),
(411, 326, 289, 1),
(412, 326, 452, 1),
(413, 326, 288, 1),
(414, 326, 509, 1),
(415, 326, 453, 1),
(416, 326, 329, 1),
(417, 327, 391, 1),
(418, 327, 429, 1),
(419, 327, 362, 1),
(420, 327, 311, 1),
(421, 327, 319, 1),
(422, 327, 511, 1),
(423, 327, 353, 1),
(424, 327, 498, 1),
(425, 328, 486, 1),
(426, 328, 537, 2),
(427, 328, 289, 1),
(428, 328, 432, 1),
(429, 328, 526, 1),
(430, 328, 531, 1),
(431, 328, 306, 1),
(432, 328, 403, 1),
(433, 329, 381, 1),
(434, 329, 528, 1),
(435, 329, 545, 1),
(436, 329, 296, 1),
(437, 329, 457, 2),
(438, 329, 327, 1),
(439, 329, 455, 1),
(440, 329, 345, 1),
(441, 330, 407, 1),
(442, 330, 375, 1),
(443, 330, 286, 1),
(444, 330, 412, 2),
(445, 330, 305, 1),
(446, 330, 405, 1),
(447, 330, 464, 1),
(448, 330, 417, 1),
(449, 331, 499, 1),
(450, 331, 409, 1),
(451, 331, 449, 1),
(452, 331, 395, 1),
(453, 331, 380, 1),
(454, 331, 287, 1),
(455, 331, 426, 1),
(456, 331, 361, 1),
(457, 332, 379, 1),
(458, 332, 345, 1),
(459, 332, 319, 1),
(460, 332, 311, 1),
(461, 332, 356, 1),
(462, 332, 439, 1),
(463, 332, 408, 1),
(464, 332, 283, 1),
(465, 333, 371, 1),
(466, 333, 507, 1),
(467, 333, 435, 1),
(468, 333, 318, 1),
(469, 333, 472, 1),
(470, 333, 376, 1),
(471, 333, 306, 1),
(472, 333, 397, 1),
(473, 334, 448, 1),
(474, 334, 359, 1),
(475, 334, 529, 2),
(476, 334, 515, 1),
(477, 334, 350, 1),
(478, 334, 293, 1),
(479, 334, 501, 1),
(480, 334, 344, 2),
(481, 335, 350, 1),
(482, 335, 354, 2),
(483, 335, 374, 1),
(484, 335, 543, 2),
(485, 335, 358, 1),
(486, 335, 404, 1),
(487, 335, 388, 1),
(488, 335, 458, 1),
(489, 336, 294, 1),
(490, 336, 505, 1),
(491, 336, 286, 1),
(492, 336, 304, 1),
(493, 336, 328, 1),
(494, 336, 435, 1),
(495, 336, 538, 1),
(496, 336, 477, 1),
(497, 337, 310, 1),
(498, 337, 496, 1),
(499, 337, 532, 2),
(500, 337, 311, 1),
(501, 337, 485, 2),
(502, 337, 488, 1),
(503, 337, 442, 1),
(504, 337, 323, 1),
(505, 338, 455, 1),
(506, 338, 279, 2),
(507, 338, 324, 1),
(508, 338, 471, 1),
(509, 338, 305, 1),
(510, 338, 281, 1),
(511, 338, 541, 2),
(512, 338, 488, 1),
(513, 339, 355, 1),
(514, 339, 455, 1),
(515, 339, 373, 1),
(516, 339, 318, 1),
(517, 339, 403, 1),
(518, 339, 278, 1),
(519, 339, 297, 1),
(520, 339, 334, 1),
(521, 340, 449, 1),
(522, 340, 539, 2),
(523, 340, 522, 1),
(524, 340, 531, 1),
(525, 340, 456, 1),
(526, 340, 327, 1),
(527, 340, 295, 1),
(528, 340, 321, 1),
(529, 341, 358, 2),
(530, 341, 531, 1),
(531, 341, 298, 1),
(532, 341, 500, 1),
(533, 341, 281, 1),
(534, 341, 287, 1),
(535, 341, 335, 1),
(536, 341, 494, 1),
(537, 342, 518, 1),
(538, 342, 455, 1),
(539, 342, 473, 1),
(540, 342, 402, 1),
(541, 342, 486, 1),
(542, 342, 510, 1),
(543, 342, 544, 1),
(544, 342, 284, 1),
(545, 343, 341, 1),
(546, 343, 284, 1),
(547, 343, 477, 2),
(548, 343, 430, 1),
(549, 343, 543, 1),
(550, 343, 491, 1),
(551, 343, 502, 1),
(552, 343, 533, 1),
(553, 344, 341, 1),
(554, 344, 484, 1),
(555, 344, 411, 1),
(556, 344, 322, 2),
(557, 344, 459, 1),
(558, 344, 441, 1),
(559, 344, 363, 1),
(560, 344, 314, 1),
(561, 345, 287, 1),
(562, 345, 413, 1),
(563, 345, 295, 1),
(564, 345, 317, 1),
(565, 345, 391, 1),
(566, 345, 380, 1),
(567, 345, 364, 1),
(568, 345, 398, 1),
(569, 346, 456, 1),
(570, 346, 424, 1),
(571, 346, 432, 1),
(572, 346, 331, 1),
(573, 346, 386, 1),
(574, 346, 326, 1),
(575, 346, 291, 1),
(576, 346, 501, 1),
(577, 347, 396, 1),
(578, 347, 492, 2),
(579, 347, 444, 2),
(580, 347, 302, 2),
(581, 347, 439, 1),
(582, 347, 459, 2),
(583, 347, 507, 1),
(584, 347, 328, 1),
(585, 348, 482, 2),
(586, 348, 297, 1),
(587, 348, 453, 1),
(588, 348, 283, 1),
(589, 348, 325, 2),
(590, 348, 458, 1),
(591, 348, 278, 1),
(592, 348, 462, 1),
(593, 349, 401, 2),
(594, 349, 477, 1),
(595, 349, 432, 1),
(596, 349, 380, 1),
(597, 349, 321, 1),
(598, 349, 488, 1),
(599, 349, 439, 1),
(600, 349, 364, 1),
(601, 350, 499, 1),
(602, 350, 298, 1),
(603, 350, 474, 2),
(604, 350, 354, 1),
(605, 350, 280, 1),
(606, 350, 327, 1),
(607, 350, 462, 1),
(608, 350, 297, 1),
(609, 351, 310, 1),
(610, 351, 500, 2),
(611, 351, 313, 2),
(612, 351, 507, 2),
(613, 351, 298, 1),
(614, 351, 396, 1),
(615, 351, 454, 1),
(616, 351, 490, 1),
(617, 352, 367, 1),
(618, 352, 520, 1),
(619, 352, 445, 1),
(620, 352, 385, 2),
(621, 352, 374, 1),
(622, 352, 505, 1),
(623, 352, 480, 2),
(624, 352, 371, 1),
(625, 353, 514, 1),
(626, 353, 508, 1),
(627, 353, 319, 1),
(628, 353, 393, 1),
(629, 353, 396, 1),
(630, 353, 376, 1),
(631, 353, 377, 2),
(632, 353, 383, 1),
(633, 354, 336, 1),
(634, 354, 412, 1),
(635, 354, 350, 1),
(636, 354, 331, 1),
(637, 354, 324, 1),
(638, 354, 394, 1),
(639, 354, 338, 1),
(640, 354, 459, 1),
(641, 355, 496, 1),
(642, 355, 416, 1),
(643, 355, 470, 1),
(644, 355, 297, 2),
(645, 355, 361, 1),
(646, 355, 505, 1),
(647, 355, 511, 1),
(648, 355, 344, 1),
(649, 356, 465, 1),
(650, 356, 405, 1),
(651, 356, 409, 1),
(652, 356, 534, 2),
(653, 356, 450, 1),
(654, 356, 343, 1),
(655, 356, 448, 1),
(656, 356, 370, 2),
(657, 357, 321, 1),
(658, 357, 389, 1),
(659, 357, 327, 1),
(660, 357, 414, 1),
(661, 357, 505, 1),
(662, 357, 500, 1),
(663, 357, 404, 2),
(664, 357, 333, 1),
(665, 358, 519, 1),
(666, 358, 297, 1),
(667, 358, 488, 1),
(668, 358, 504, 1),
(669, 358, 517, 1),
(670, 358, 540, 2),
(671, 358, 532, 1),
(672, 358, 505, 1),
(673, 359, 390, 1),
(674, 359, 539, 1),
(675, 359, 427, 1),
(676, 359, 441, 1),
(677, 359, 530, 2),
(678, 359, 517, 1),
(679, 359, 310, 1),
(680, 359, 415, 1),
(681, 360, 530, 1),
(682, 360, 470, 1),
(683, 360, 459, 1),
(684, 360, 407, 1),
(685, 360, 392, 1),
(686, 360, 310, 1),
(687, 360, 464, 1),
(688, 360, 432, 1),
(689, 361, 470, 1),
(690, 361, 353, 1),
(691, 361, 537, 1),
(692, 361, 351, 1),
(693, 361, 277, 1),
(694, 361, 314, 1),
(695, 361, 383, 1),
(696, 361, 389, 1),
(697, 362, 434, 2),
(698, 362, 398, 1),
(699, 362, 368, 1),
(700, 362, 512, 1),
(701, 362, 333, 2),
(702, 362, 424, 1),
(703, 362, 385, 1),
(704, 362, 464, 1),
(705, 363, 424, 1),
(706, 363, 365, 1),
(707, 363, 461, 1),
(708, 363, 390, 1),
(709, 363, 357, 1),
(710, 363, 487, 1),
(711, 363, 516, 1),
(712, 363, 349, 1),
(713, 364, 477, 1),
(714, 364, 428, 2),
(715, 364, 290, 1),
(716, 364, 375, 1),
(717, 364, 435, 1),
(718, 364, 302, 1),
(719, 364, 275, 1),
(720, 364, 421, 1),
(721, 365, 369, 1),
(722, 365, 498, 2),
(723, 365, 312, 1),
(724, 365, 508, 1),
(725, 365, 296, 1),
(726, 365, 473, 1),
(727, 365, 363, 1),
(728, 365, 501, 1),
(729, 366, 446, 1),
(730, 366, 290, 1),
(731, 366, 384, 2),
(732, 366, 490, 1),
(733, 366, 289, 1),
(734, 366, 471, 1),
(735, 366, 318, 1),
(736, 366, 437, 1),
(737, 367, 298, 1),
(738, 367, 529, 1),
(739, 367, 396, 1),
(740, 367, 357, 1),
(741, 367, 434, 1),
(742, 367, 492, 1),
(743, 367, 406, 1),
(744, 367, 435, 1),
(745, 368, 468, 1),
(746, 368, 465, 1),
(747, 368, 398, 1),
(748, 368, 425, 1),
(749, 368, 455, 1),
(750, 368, 429, 1),
(751, 368, 314, 1),
(752, 368, 538, 1),
(753, 369, 517, 1),
(754, 369, 298, 1),
(755, 369, 463, 1),
(756, 369, 511, 1),
(757, 369, 468, 1),
(758, 369, 426, 1),
(759, 369, 351, 1),
(760, 369, 478, 1),
(761, 370, 421, 2),
(762, 370, 393, 1),
(763, 370, 537, 2),
(764, 370, 459, 1),
(765, 370, 338, 1),
(766, 370, 340, 1),
(767, 370, 425, 1),
(768, 370, 516, 1),
(769, 371, 466, 1),
(770, 371, 426, 2),
(771, 371, 531, 1),
(772, 371, 403, 2),
(773, 371, 529, 2),
(774, 371, 342, 1),
(775, 371, 432, 1),
(776, 371, 282, 1),
(777, 372, 297, 1),
(778, 372, 292, 1),
(779, 372, 450, 1),
(780, 372, 329, 1),
(781, 372, 301, 1),
(782, 372, 507, 1),
(783, 372, 428, 1),
(784, 372, 427, 1),
(785, 373, 376, 1),
(786, 373, 341, 1),
(787, 373, 310, 1),
(788, 373, 330, 1),
(789, 373, 465, 1),
(790, 373, 381, 1),
(791, 373, 299, 1),
(792, 373, 335, 1),
(793, 374, 334, 1),
(794, 374, 477, 1),
(795, 374, 355, 1),
(796, 374, 442, 1),
(797, 374, 462, 2),
(798, 374, 367, 2),
(799, 374, 291, 1),
(800, 374, 281, 2),
(801, 375, 341, 2),
(802, 375, 495, 1),
(803, 375, 369, 1),
(804, 375, 531, 2),
(805, 375, 460, 2),
(806, 375, 536, 1),
(807, 375, 322, 1),
(808, 375, 350, 1),
(809, 376, 305, 1),
(810, 376, 293, 2),
(811, 376, 474, 1),
(812, 376, 463, 1),
(813, 376, 466, 1),
(814, 376, 340, 1),
(815, 376, 388, 1),
(816, 376, 347, 1),
(817, 377, 401, 1),
(818, 377, 531, 1),
(819, 377, 438, 1),
(820, 377, 295, 1),
(821, 377, 433, 2),
(822, 377, 410, 2),
(823, 377, 485, 2),
(824, 377, 340, 1),
(825, 378, 526, 1),
(826, 378, 498, 1),
(827, 378, 373, 1),
(828, 378, 324, 1),
(829, 378, 482, 2),
(830, 378, 295, 1),
(831, 378, 449, 1),
(832, 378, 516, 1),
(833, 379, 474, 1),
(834, 379, 372, 1),
(835, 379, 342, 1),
(836, 379, 319, 1),
(837, 379, 285, 1),
(838, 379, 539, 1),
(839, 379, 492, 1),
(840, 379, 527, 1),
(841, 380, 324, 1),
(842, 380, 315, 1),
(843, 380, 519, 1),
(844, 380, 297, 1),
(845, 380, 377, 1),
(846, 380, 365, 2),
(847, 380, 511, 2),
(848, 380, 483, 1),
(849, 381, 484, 2),
(850, 381, 405, 1),
(851, 381, 314, 1),
(852, 381, 300, 1),
(853, 381, 358, 1),
(854, 381, 275, 1),
(855, 381, 514, 1),
(856, 381, 444, 1),
(857, 382, 438, 1),
(858, 382, 524, 2),
(859, 382, 392, 1),
(860, 382, 328, 1),
(861, 382, 487, 1),
(862, 382, 282, 1),
(863, 382, 334, 1),
(864, 382, 520, 1),
(865, 383, 477, 1),
(866, 383, 391, 1),
(867, 383, 394, 1),
(868, 383, 374, 1),
(869, 383, 425, 1),
(870, 383, 459, 1),
(871, 383, 405, 2),
(872, 383, 478, 1),
(873, 384, 285, 2),
(874, 384, 476, 2),
(875, 384, 439, 2),
(876, 384, 292, 1),
(877, 384, 485, 1),
(878, 384, 366, 1),
(879, 384, 438, 1),
(880, 384, 403, 2),
(881, 385, 320, 1),
(882, 385, 400, 1),
(883, 385, 374, 1),
(884, 385, 390, 1),
(885, 385, 486, 1),
(886, 385, 419, 1),
(887, 385, 428, 1),
(888, 385, 466, 1),
(889, 386, 334, 1),
(890, 386, 530, 1),
(891, 386, 346, 1),
(892, 386, 313, 1),
(893, 386, 290, 1),
(894, 386, 368, 1),
(895, 386, 353, 1),
(896, 386, 545, 1),
(897, 387, 309, 1),
(898, 387, 400, 1),
(899, 387, 314, 1),
(900, 387, 453, 2),
(901, 387, 471, 1),
(902, 387, 364, 1),
(903, 387, 335, 2),
(904, 387, 389, 1),
(905, 388, 453, 1),
(906, 388, 396, 2),
(907, 388, 452, 1),
(908, 388, 509, 1),
(909, 388, 314, 2),
(910, 388, 488, 2),
(911, 388, 421, 1),
(912, 388, 425, 1),
(913, 389, 405, 1),
(914, 389, 352, 2),
(915, 389, 415, 1),
(916, 389, 543, 1),
(917, 389, 360, 1),
(918, 389, 435, 1),
(919, 389, 302, 2),
(920, 389, 490, 1),
(921, 390, 334, 1),
(922, 390, 352, 1),
(923, 390, 349, 1),
(924, 390, 504, 1),
(925, 390, 373, 1),
(926, 390, 492, 1),
(927, 390, 309, 1),
(928, 390, 301, 2),
(929, 391, 528, 1),
(930, 391, 527, 1),
(931, 391, 445, 1),
(932, 391, 295, 1),
(933, 391, 342, 1),
(934, 391, 309, 2),
(935, 391, 518, 1),
(936, 391, 312, 1),
(937, 392, 543, 2),
(938, 392, 522, 1),
(939, 392, 531, 1),
(940, 392, 428, 1),
(941, 392, 540, 1),
(942, 392, 430, 1),
(943, 392, 365, 2),
(944, 392, 501, 2),
(945, 393, 388, 1),
(946, 393, 418, 1),
(947, 393, 439, 1),
(948, 393, 275, 1),
(949, 393, 371, 1),
(950, 393, 395, 1),
(951, 393, 362, 2),
(952, 393, 337, 1),
(953, 394, 373, 1),
(954, 394, 438, 1),
(955, 394, 384, 1),
(956, 394, 416, 1),
(957, 394, 338, 1),
(958, 394, 415, 1),
(959, 394, 299, 1),
(960, 394, 520, 1),
(961, 395, 369, 1),
(962, 395, 403, 1),
(963, 395, 494, 1),
(964, 395, 507, 1),
(965, 395, 280, 1),
(966, 395, 304, 1),
(967, 395, 281, 1),
(968, 395, 374, 1),
(969, 396, 373, 1),
(970, 396, 360, 1),
(971, 396, 294, 1),
(972, 396, 527, 2),
(973, 396, 333, 2),
(974, 396, 441, 1),
(975, 396, 329, 1),
(976, 396, 422, 1),
(977, 397, 301, 1),
(978, 397, 537, 1),
(979, 397, 360, 1),
(980, 397, 466, 1),
(981, 397, 300, 1),
(982, 397, 382, 1),
(983, 397, 313, 1),
(984, 397, 527, 1),
(985, 398, 392, 1),
(986, 398, 340, 2),
(987, 398, 409, 1),
(988, 398, 378, 1),
(989, 398, 403, 1),
(990, 398, 326, 1),
(991, 398, 382, 2),
(992, 398, 460, 1),
(993, 399, 546, 1),
(994, 399, 414, 1),
(995, 399, 482, 1),
(996, 399, 317, 1),
(997, 399, 375, 1),
(998, 399, 485, 1),
(999, 399, 543, 1),
(1000, 399, 334, 1),
(1001, 400, 433, 1),
(1002, 400, 352, 1),
(1003, 400, 351, 1),
(1004, 400, 331, 2),
(1005, 400, 476, 1),
(1006, 400, 329, 1),
(1007, 400, 401, 1),
(1008, 400, 285, 1),
(1009, 401, 420, 1),
(1010, 401, 296, 1),
(1011, 401, 462, 1),
(1012, 401, 532, 1),
(1013, 401, 507, 2),
(1014, 401, 407, 2),
(1015, 401, 424, 2),
(1016, 401, 352, 1),
(1017, 402, 302, 1),
(1018, 402, 449, 1),
(1019, 402, 413, 1),
(1020, 402, 326, 1),
(1021, 402, 331, 1),
(1022, 402, 316, 1),
(1023, 402, 545, 1),
(1024, 402, 501, 1),
(1025, 403, 297, 1),
(1026, 403, 363, 1),
(1027, 403, 309, 1),
(1028, 403, 516, 2),
(1029, 403, 480, 1),
(1030, 403, 382, 1),
(1031, 403, 442, 1),
(1032, 403, 544, 2),
(1033, 404, 480, 1),
(1034, 404, 394, 1),
(1035, 404, 402, 1),
(1036, 404, 304, 1),
(1037, 404, 482, 1),
(1038, 404, 332, 1),
(1039, 404, 505, 2),
(1040, 404, 474, 1),
(1041, 405, 368, 1),
(1042, 405, 330, 1),
(1043, 405, 343, 1),
(1044, 405, 344, 1),
(1045, 405, 428, 1),
(1046, 405, 497, 1),
(1047, 405, 370, 1),
(1048, 405, 478, 1),
(1049, 406, 491, 1),
(1050, 406, 425, 1),
(1051, 406, 457, 1),
(1052, 406, 359, 1),
(1053, 406, 466, 1),
(1054, 406, 398, 1),
(1055, 406, 419, 1),
(1056, 406, 304, 1),
(1057, 407, 543, 1),
(1058, 407, 344, 1),
(1059, 407, 417, 1),
(1060, 407, 502, 1),
(1061, 407, 514, 1),
(1062, 407, 523, 1),
(1063, 407, 311, 1),
(1064, 407, 424, 1),
(1065, 408, 373, 1),
(1066, 408, 379, 1),
(1067, 408, 511, 1),
(1068, 408, 339, 1),
(1069, 408, 417, 1),
(1070, 408, 279, 1),
(1071, 408, 319, 1),
(1072, 408, 514, 2),
(1073, 409, 327, 1),
(1074, 409, 300, 1),
(1075, 409, 463, 1),
(1076, 409, 383, 1),
(1077, 409, 522, 1),
(1078, 409, 401, 1),
(1079, 409, 316, 2),
(1080, 409, 533, 1),
(1081, 410, 318, 1),
(1082, 410, 316, 1),
(1083, 410, 420, 1),
(1084, 410, 464, 1),
(1085, 410, 295, 1),
(1086, 410, 311, 2),
(1087, 410, 459, 1),
(1088, 410, 326, 1),
(1089, 411, 289, 1),
(1090, 411, 324, 1),
(1091, 411, 469, 1),
(1092, 411, 421, 1),
(1093, 411, 292, 2),
(1094, 411, 494, 1),
(1095, 411, 506, 1),
(1096, 411, 343, 2),
(1097, 412, 481, 1),
(1098, 412, 290, 1),
(1099, 412, 406, 1),
(1100, 412, 489, 1),
(1101, 412, 298, 1),
(1102, 412, 282, 1),
(1103, 412, 526, 1),
(1104, 412, 340, 1),
(1105, 413, 511, 1),
(1106, 413, 320, 1),
(1107, 413, 400, 1),
(1108, 413, 430, 1),
(1109, 413, 312, 2),
(1110, 413, 280, 1),
(1111, 413, 519, 2),
(1112, 413, 473, 2),
(1113, 414, 313, 2),
(1114, 414, 510, 1),
(1115, 414, 389, 2),
(1116, 414, 466, 1),
(1117, 414, 429, 1),
(1118, 414, 472, 1),
(1119, 414, 434, 1),
(1120, 414, 532, 1),
(1121, 415, 298, 1),
(1122, 415, 288, 2),
(1123, 415, 504, 1),
(1124, 415, 423, 1),
(1125, 415, 404, 1),
(1126, 415, 491, 1),
(1127, 415, 412, 1),
(1128, 415, 522, 1),
(1129, 416, 369, 1),
(1130, 416, 499, 1),
(1131, 416, 347, 1),
(1132, 416, 397, 1),
(1133, 416, 345, 1),
(1134, 416, 473, 1),
(1135, 416, 392, 1),
(1136, 416, 331, 1),
(1137, 417, 372, 1),
(1138, 417, 488, 1),
(1139, 417, 326, 1),
(1140, 417, 379, 2),
(1141, 417, 299, 1),
(1142, 417, 500, 1),
(1143, 417, 519, 2),
(1144, 417, 445, 1),
(1145, 418, 515, 1),
(1146, 418, 513, 1),
(1147, 418, 470, 1),
(1148, 418, 413, 1),
(1149, 418, 389, 2),
(1150, 418, 492, 1),
(1151, 418, 415, 1),
(1152, 418, 331, 1),
(1153, 419, 444, 1),
(1154, 419, 542, 2),
(1155, 419, 543, 1),
(1156, 419, 322, 2),
(1157, 419, 489, 1),
(1158, 419, 389, 1),
(1159, 419, 513, 1),
(1160, 419, 314, 1),
(1161, 420, 299, 1),
(1162, 420, 401, 2),
(1163, 420, 443, 1),
(1164, 420, 386, 1),
(1165, 420, 323, 1),
(1166, 420, 339, 1),
(1167, 420, 297, 1),
(1168, 420, 514, 1),
(1169, 421, 539, 1),
(1170, 421, 498, 1),
(1171, 421, 465, 1),
(1172, 421, 471, 1),
(1173, 421, 447, 1),
(1174, 421, 363, 1),
(1175, 421, 414, 1),
(1176, 421, 278, 2),
(1177, 422, 516, 1),
(1178, 422, 351, 1),
(1179, 422, 282, 1),
(1180, 422, 348, 1),
(1181, 422, 398, 1),
(1182, 422, 307, 1),
(1183, 422, 538, 1),
(1184, 422, 482, 1),
(1185, 423, 362, 1),
(1186, 423, 300, 1),
(1187, 423, 527, 1),
(1188, 423, 302, 1),
(1189, 423, 394, 1),
(1190, 423, 543, 1),
(1191, 423, 526, 1),
(1192, 423, 440, 1),
(1193, 424, 350, 1),
(1194, 424, 317, 1),
(1195, 424, 337, 1),
(1196, 424, 367, 1),
(1197, 424, 295, 1),
(1198, 424, 423, 1),
(1199, 424, 459, 1),
(1200, 424, 384, 1),
(1201, 425, 409, 1),
(1202, 425, 461, 1),
(1203, 425, 507, 1),
(1204, 425, 407, 1),
(1205, 425, 472, 2),
(1206, 425, 454, 1),
(1207, 425, 364, 1),
(1208, 425, 376, 1),
(1209, 426, 344, 1),
(1210, 426, 433, 1),
(1211, 426, 287, 1),
(1212, 426, 357, 1),
(1213, 426, 355, 1),
(1214, 426, 531, 1),
(1215, 426, 428, 1),
(1216, 426, 486, 1),
(1217, 427, 413, 1),
(1218, 427, 387, 1),
(1219, 427, 401, 1),
(1220, 427, 495, 1),
(1221, 427, 410, 1),
(1222, 427, 429, 1),
(1223, 427, 510, 2),
(1224, 427, 280, 1),
(1225, 428, 517, 1),
(1226, 428, 426, 1),
(1227, 428, 411, 2),
(1228, 428, 380, 2),
(1229, 428, 396, 1),
(1230, 428, 521, 2),
(1231, 428, 480, 1),
(1232, 428, 343, 1),
(1233, 429, 487, 1),
(1234, 429, 500, 1),
(1235, 429, 307, 1),
(1236, 429, 451, 1),
(1237, 429, 330, 1),
(1238, 429, 410, 1),
(1239, 429, 398, 1),
(1240, 429, 445, 1),
(1241, 430, 307, 1),
(1242, 430, 353, 1),
(1243, 430, 526, 1),
(1244, 430, 447, 1),
(1245, 430, 325, 1),
(1246, 430, 299, 1),
(1247, 430, 537, 1),
(1248, 430, 292, 1),
(1249, 431, 399, 1),
(1250, 431, 485, 1),
(1251, 431, 353, 1),
(1252, 431, 383, 2),
(1253, 431, 303, 1),
(1254, 431, 494, 1),
(1255, 431, 293, 1),
(1256, 431, 482, 1),
(1257, 432, 312, 1),
(1258, 432, 494, 1),
(1259, 432, 281, 1),
(1260, 432, 447, 1),
(1261, 432, 399, 1),
(1262, 432, 439, 2),
(1263, 432, 513, 1),
(1264, 432, 473, 1),
(1265, 433, 352, 1),
(1266, 433, 455, 1),
(1267, 433, 494, 1),
(1268, 433, 380, 2),
(1269, 433, 276, 1),
(1270, 433, 467, 1),
(1271, 433, 331, 1),
(1272, 433, 280, 1),
(1273, 434, 426, 1),
(1274, 434, 497, 1),
(1275, 434, 317, 1),
(1276, 434, 369, 1),
(1277, 434, 296, 1),
(1278, 434, 281, 1),
(1279, 434, 354, 1),
(1280, 434, 361, 1),
(1281, 435, 313, 1),
(1282, 435, 397, 1),
(1283, 435, 373, 2),
(1284, 435, 509, 1),
(1285, 435, 513, 1),
(1286, 435, 297, 2),
(1287, 435, 380, 1),
(1288, 435, 351, 2),
(1289, 436, 389, 1),
(1290, 436, 479, 1),
(1291, 436, 337, 1),
(1292, 436, 484, 1),
(1293, 436, 402, 2),
(1294, 436, 493, 2),
(1295, 436, 348, 1),
(1296, 436, 521, 1),
(1297, 437, 439, 1),
(1298, 437, 302, 1),
(1299, 437, 296, 1),
(1300, 437, 522, 1),
(1301, 437, 337, 2),
(1302, 437, 413, 2),
(1303, 437, 509, 1),
(1304, 437, 287, 1),
(1305, 438, 478, 1),
(1306, 438, 398, 2),
(1307, 438, 371, 1),
(1308, 438, 343, 1),
(1309, 438, 401, 2),
(1310, 438, 529, 2),
(1311, 438, 493, 1),
(1312, 438, 426, 2),
(1313, 439, 373, 1),
(1314, 439, 278, 2),
(1315, 439, 405, 1),
(1316, 439, 372, 1),
(1317, 439, 420, 2),
(1318, 439, 424, 1),
(1319, 439, 459, 1),
(1320, 439, 316, 2),
(1321, 440, 298, 1),
(1322, 440, 436, 1),
(1323, 440, 462, 2),
(1324, 440, 483, 1),
(1325, 440, 477, 1),
(1326, 440, 542, 1),
(1327, 440, 281, 1),
(1328, 440, 338, 1),
(1329, 441, 337, 1),
(1330, 441, 544, 1),
(1331, 441, 453, 1),
(1332, 441, 279, 1),
(1333, 441, 307, 1),
(1334, 441, 542, 1),
(1335, 441, 344, 1),
(1336, 441, 433, 1),
(1337, 442, 539, 1),
(1338, 442, 437, 1),
(1339, 442, 282, 2),
(1340, 442, 385, 1),
(1341, 442, 307, 1),
(1342, 442, 318, 1),
(1343, 442, 393, 1),
(1344, 442, 416, 1),
(1345, 443, 479, 1),
(1346, 443, 508, 1),
(1347, 443, 412, 2),
(1348, 443, 491, 1),
(1349, 443, 399, 1),
(1350, 443, 470, 1),
(1351, 443, 515, 1),
(1352, 443, 366, 1),
(1353, 444, 387, 2),
(1354, 444, 485, 1),
(1355, 444, 534, 1),
(1356, 444, 317, 1),
(1357, 444, 471, 1),
(1358, 444, 500, 1),
(1359, 444, 491, 2),
(1360, 444, 501, 1),
(1361, 445, 540, 2),
(1362, 445, 485, 1),
(1363, 445, 474, 1),
(1364, 445, 469, 2),
(1365, 445, 523, 1),
(1366, 445, 427, 1),
(1367, 445, 503, 2),
(1368, 445, 398, 1),
(1369, 446, 427, 1),
(1370, 446, 492, 2),
(1371, 446, 533, 1),
(1372, 446, 292, 1),
(1373, 446, 404, 1),
(1374, 446, 443, 1),
(1375, 446, 422, 1),
(1376, 446, 281, 1),
(1377, 447, 415, 2),
(1378, 447, 526, 1),
(1379, 447, 377, 1),
(1380, 447, 300, 1),
(1381, 447, 459, 1),
(1382, 447, 530, 1),
(1383, 447, 464, 1),
(1384, 447, 491, 1),
(1385, 448, 329, 1),
(1386, 448, 289, 1),
(1387, 448, 279, 1),
(1388, 448, 328, 1),
(1389, 448, 399, 1),
(1390, 448, 496, 1),
(1391, 448, 450, 1),
(1392, 448, 426, 1),
(1393, 449, 539, 1),
(1394, 449, 542, 1),
(1395, 449, 396, 1),
(1396, 449, 369, 1),
(1397, 449, 436, 1),
(1398, 449, 488, 1),
(1399, 449, 323, 1),
(1400, 449, 304, 1),
(1401, 450, 350, 1),
(1402, 450, 395, 1),
(1403, 450, 529, 1),
(1404, 450, 496, 2),
(1405, 450, 336, 1),
(1406, 450, 511, 1),
(1407, 450, 534, 1),
(1408, 450, 402, 2),
(1409, 451, 501, 1),
(1410, 451, 514, 1),
(1411, 451, 311, 1),
(1412, 451, 336, 1),
(1413, 451, 282, 1),
(1414, 451, 464, 1),
(1415, 451, 342, 1),
(1416, 451, 506, 1),
(1417, 452, 430, 1),
(1418, 452, 341, 1),
(1419, 452, 472, 2),
(1420, 452, 529, 2),
(1421, 452, 404, 1),
(1422, 452, 376, 1),
(1423, 452, 282, 2),
(1424, 452, 348, 1),
(1425, 453, 298, 1),
(1426, 453, 299, 2),
(1427, 453, 485, 1),
(1428, 453, 440, 1),
(1429, 453, 355, 1),
(1430, 453, 321, 1),
(1431, 453, 319, 1),
(1432, 453, 415, 1),
(1433, 454, 428, 1),
(1434, 454, 484, 2),
(1435, 454, 477, 1),
(1436, 454, 542, 2),
(1437, 454, 504, 1),
(1438, 454, 439, 1),
(1439, 454, 399, 1),
(1440, 454, 490, 1),
(1441, 455, 351, 2),
(1442, 455, 524, 1),
(1443, 455, 422, 1),
(1444, 455, 352, 1),
(1445, 455, 313, 1),
(1446, 455, 451, 1),
(1447, 455, 498, 1),
(1448, 455, 367, 2),
(1449, 456, 395, 1),
(1450, 456, 453, 2),
(1451, 456, 420, 1),
(1452, 456, 528, 1),
(1453, 456, 534, 1),
(1454, 456, 493, 1),
(1455, 456, 333, 1),
(1456, 456, 516, 1),
(1457, 457, 421, 2),
(1458, 457, 382, 1),
(1459, 457, 343, 1),
(1460, 457, 312, 1),
(1461, 457, 400, 1),
(1462, 457, 413, 1),
(1463, 457, 399, 1),
(1464, 457, 530, 1),
(1465, 458, 379, 1),
(1466, 458, 362, 1),
(1467, 458, 285, 1),
(1468, 458, 429, 1),
(1469, 458, 528, 1),
(1470, 458, 414, 2),
(1471, 458, 384, 1),
(1472, 458, 480, 1),
(1473, 459, 381, 1),
(1474, 459, 390, 1),
(1475, 459, 441, 1),
(1476, 459, 398, 1),
(1477, 459, 382, 1),
(1478, 459, 306, 1),
(1479, 459, 435, 1),
(1480, 459, 515, 1),
(1481, 460, 385, 1),
(1482, 460, 381, 1),
(1483, 460, 517, 2),
(1484, 460, 491, 1),
(1485, 460, 532, 1),
(1486, 460, 503, 1),
(1487, 460, 481, 1),
(1488, 460, 440, 1),
(1489, 461, 378, 1),
(1490, 461, 435, 1),
(1491, 461, 447, 2),
(1492, 461, 454, 2),
(1493, 461, 359, 1),
(1494, 461, 318, 1),
(1495, 461, 375, 2),
(1496, 461, 497, 1),
(1497, 462, 380, 2),
(1498, 462, 513, 1),
(1499, 462, 450, 1),
(1500, 462, 384, 1),
(1501, 462, 407, 2),
(1502, 462, 305, 2),
(1503, 462, 293, 1),
(1504, 462, 319, 1),
(1505, 463, 410, 1),
(1506, 463, 382, 1),
(1507, 463, 396, 1),
(1508, 463, 394, 1),
(1509, 463, 501, 1),
(1510, 463, 495, 1),
(1511, 463, 302, 2),
(1512, 463, 297, 2),
(1513, 464, 451, 1),
(1514, 464, 446, 2),
(1515, 464, 347, 1),
(1516, 464, 457, 1),
(1517, 464, 505, 1),
(1518, 464, 511, 1),
(1519, 464, 443, 1),
(1520, 464, 374, 1),
(1521, 465, 396, 1),
(1522, 465, 354, 1),
(1523, 465, 479, 1),
(1524, 465, 422, 1),
(1525, 465, 545, 1),
(1526, 465, 508, 1),
(1527, 465, 458, 1),
(1528, 465, 363, 1),
(1529, 466, 312, 1),
(1530, 466, 411, 1),
(1531, 466, 335, 1),
(1532, 466, 359, 1),
(1533, 466, 459, 1),
(1534, 466, 470, 1),
(1535, 466, 369, 2),
(1536, 466, 372, 1),
(1537, 467, 434, 1),
(1538, 467, 466, 1),
(1539, 467, 491, 1),
(1540, 467, 347, 1),
(1541, 467, 474, 1),
(1542, 467, 312, 1),
(1543, 467, 520, 1),
(1544, 467, 318, 1),
(1545, 468, 383, 1),
(1546, 468, 476, 1),
(1547, 468, 524, 1),
(1548, 468, 503, 1),
(1549, 468, 537, 1),
(1550, 468, 432, 1),
(1551, 468, 487, 1),
(1552, 468, 424, 1),
(1553, 469, 544, 1),
(1554, 469, 329, 1),
(1555, 469, 504, 2),
(1556, 469, 520, 2),
(1557, 469, 427, 2),
(1558, 469, 348, 1),
(1559, 469, 286, 1),
(1560, 469, 284, 1),
(1561, 470, 277, 2),
(1562, 470, 539, 1),
(1563, 470, 519, 1),
(1564, 470, 351, 1),
(1565, 470, 296, 1),
(1566, 470, 309, 1),
(1567, 470, 527, 1),
(1568, 470, 373, 1),
(1569, 471, 351, 1),
(1570, 471, 338, 1),
(1571, 471, 476, 1),
(1572, 471, 454, 1),
(1573, 471, 290, 1),
(1574, 471, 365, 1),
(1575, 471, 497, 1),
(1576, 471, 489, 1),
(1577, 472, 458, 1),
(1578, 472, 413, 1),
(1579, 472, 445, 1),
(1580, 472, 277, 1),
(1581, 472, 328, 1),
(1582, 472, 519, 1),
(1583, 472, 341, 1),
(1584, 472, 405, 1),
(1585, 473, 354, 2),
(1586, 473, 277, 2),
(1587, 473, 298, 1),
(1588, 473, 399, 1),
(1589, 473, 435, 1),
(1590, 473, 398, 2),
(1591, 473, 430, 1),
(1592, 473, 370, 1),
(1593, 474, 352, 1),
(1594, 474, 479, 1),
(1595, 474, 491, 2),
(1596, 474, 517, 1),
(1597, 474, 345, 1),
(1598, 474, 478, 1),
(1599, 474, 471, 1),
(1600, 474, 369, 1),
(1601, 475, 490, 1),
(1602, 475, 474, 1),
(1603, 475, 327, 1),
(1604, 475, 428, 2),
(1605, 475, 531, 1),
(1606, 475, 302, 1),
(1607, 475, 524, 1),
(1608, 475, 480, 1),
(1609, 476, 345, 1),
(1610, 476, 451, 1),
(1611, 476, 453, 1),
(1612, 476, 402, 1),
(1613, 476, 475, 1),
(1614, 476, 495, 2),
(1615, 476, 529, 1),
(1616, 476, 497, 1),
(1617, 477, 542, 1),
(1618, 477, 296, 1),
(1619, 477, 329, 2),
(1620, 477, 511, 1),
(1621, 477, 341, 1),
(1622, 477, 457, 2),
(1623, 477, 324, 2),
(1624, 477, 423, 1),
(1625, 478, 322, 1),
(1626, 478, 332, 1),
(1627, 478, 399, 2),
(1628, 478, 431, 1),
(1629, 478, 421, 1),
(1630, 478, 306, 1),
(1631, 478, 513, 1),
(1632, 478, 357, 1),
(1633, 479, 532, 1),
(1634, 479, 518, 1),
(1635, 479, 403, 1),
(1636, 479, 283, 2),
(1637, 479, 372, 1),
(1638, 479, 299, 1),
(1639, 479, 321, 1),
(1640, 479, 386, 1),
(1641, 480, 531, 2),
(1642, 480, 302, 1),
(1643, 480, 328, 1),
(1644, 480, 401, 1),
(1645, 480, 336, 1),
(1646, 480, 330, 1),
(1647, 480, 378, 1),
(1648, 480, 422, 1),
(1649, 481, 410, 1),
(1650, 481, 287, 1),
(1651, 481, 508, 1),
(1652, 481, 311, 1),
(1653, 481, 318, 1),
(1654, 481, 540, 2),
(1655, 481, 350, 1),
(1656, 481, 389, 1),
(1657, 482, 391, 1),
(1658, 482, 318, 1),
(1659, 482, 527, 2),
(1660, 482, 424, 1),
(1661, 482, 332, 1),
(1662, 482, 509, 1),
(1663, 482, 306, 1),
(1664, 482, 387, 2),
(1665, 483, 334, 1),
(1666, 483, 516, 2),
(1667, 483, 289, 1),
(1668, 483, 380, 1),
(1669, 483, 494, 1),
(1670, 483, 502, 1),
(1671, 483, 543, 1),
(1672, 483, 277, 1),
(1673, 484, 382, 1),
(1674, 484, 307, 1),
(1675, 484, 414, 1),
(1676, 484, 442, 2),
(1677, 484, 427, 1),
(1678, 484, 326, 1),
(1679, 484, 508, 2),
(1680, 484, 430, 1),
(1681, 485, 523, 1),
(1682, 485, 382, 1),
(1683, 485, 292, 1),
(1684, 485, 546, 2),
(1685, 485, 486, 1),
(1686, 485, 492, 1),
(1687, 485, 315, 1),
(1688, 485, 372, 1),
(1689, 486, 385, 1),
(1690, 486, 484, 1),
(1691, 486, 428, 2),
(1692, 486, 538, 1),
(1693, 486, 492, 1),
(1694, 486, 379, 1),
(1695, 486, 383, 1),
(1696, 486, 472, 1),
(1697, 487, 373, 1),
(1698, 487, 458, 1),
(1699, 487, 519, 1),
(1700, 487, 327, 1),
(1701, 487, 347, 1),
(1702, 487, 398, 1),
(1703, 487, 412, 2),
(1704, 487, 446, 1),
(1705, 488, 288, 2),
(1706, 488, 486, 1),
(1707, 488, 493, 1),
(1708, 488, 511, 2),
(1709, 488, 495, 1),
(1710, 488, 470, 1),
(1711, 488, 537, 2),
(1712, 488, 413, 1),
(1713, 489, 500, 1),
(1714, 489, 275, 1),
(1715, 489, 458, 1),
(1716, 489, 305, 1),
(1717, 489, 371, 1),
(1718, 489, 446, 2),
(1719, 489, 317, 1),
(1720, 489, 406, 1),
(1721, 490, 365, 2),
(1722, 490, 452, 1),
(1723, 490, 347, 1),
(1724, 490, 446, 1),
(1725, 490, 467, 1),
(1726, 490, 545, 1),
(1727, 490, 344, 2),
(1728, 490, 321, 1),
(1729, 491, 332, 1),
(1730, 491, 480, 1),
(1731, 491, 300, 1),
(1732, 491, 322, 2),
(1733, 491, 489, 1),
(1734, 491, 314, 1),
(1735, 491, 323, 1),
(1736, 491, 477, 1),
(1737, 492, 542, 1),
(1738, 492, 294, 2),
(1739, 492, 522, 1),
(1740, 492, 276, 1),
(1741, 492, 336, 1),
(1742, 492, 497, 1),
(1743, 492, 337, 1),
(1744, 492, 446, 1),
(1745, 493, 296, 1),
(1746, 493, 546, 2),
(1747, 493, 286, 1),
(1748, 493, 448, 1),
(1749, 493, 392, 1),
(1750, 493, 465, 1),
(1751, 493, 478, 1),
(1752, 493, 373, 1),
(1753, 494, 488, 1),
(1754, 494, 523, 1),
(1755, 494, 373, 1),
(1756, 494, 499, 1),
(1757, 494, 473, 1),
(1758, 494, 435, 2),
(1759, 494, 277, 2),
(1760, 494, 281, 2),
(1761, 495, 369, 1),
(1762, 495, 332, 1),
(1763, 495, 525, 1),
(1764, 495, 519, 1),
(1765, 495, 321, 1),
(1766, 495, 383, 1),
(1767, 495, 312, 2),
(1768, 495, 299, 1),
(1769, 496, 541, 1),
(1770, 496, 315, 1),
(1771, 496, 430, 1),
(1772, 496, 307, 1),
(1773, 496, 314, 1),
(1774, 496, 325, 1),
(1775, 496, 338, 1),
(1776, 496, 456, 1),
(1777, 497, 365, 1),
(1778, 497, 471, 1),
(1779, 497, 433, 1),
(1780, 497, 479, 1),
(1781, 497, 366, 1),
(1782, 497, 411, 1),
(1783, 497, 295, 2),
(1784, 497, 531, 1),
(1785, 498, 507, 1),
(1786, 498, 440, 1),
(1787, 498, 385, 1),
(1788, 498, 352, 1),
(1789, 498, 291, 1),
(1790, 498, 312, 1),
(1791, 498, 387, 1),
(1792, 498, 520, 1),
(1793, 499, 477, 1),
(1794, 499, 509, 1),
(1795, 499, 306, 1),
(1796, 499, 289, 1),
(1797, 499, 292, 1),
(1798, 499, 286, 1),
(1799, 499, 524, 2),
(1800, 499, 541, 1),
(1801, 500, 537, 1),
(1802, 500, 338, 1),
(1803, 500, 366, 1),
(1804, 500, 442, 1),
(1805, 500, 299, 1),
(1806, 500, 528, 1),
(1807, 500, 433, 1),
(1808, 500, 410, 1),
(1809, 501, 292, 1),
(1810, 501, 335, 1),
(1811, 501, 528, 1),
(1812, 501, 490, 1),
(1813, 501, 452, 1),
(1814, 501, 444, 1),
(1815, 501, 522, 1),
(1816, 501, 432, 1),
(1817, 502, 370, 1),
(1818, 502, 394, 1),
(1819, 502, 482, 1),
(1820, 502, 454, 1),
(1821, 502, 282, 1),
(1822, 502, 383, 1),
(1823, 502, 446, 1),
(1824, 502, 330, 1),
(1825, 503, 357, 1),
(1826, 503, 530, 2),
(1827, 503, 449, 1),
(1828, 503, 498, 1),
(1829, 503, 282, 1),
(1830, 503, 484, 1),
(1831, 503, 458, 1),
(1832, 503, 421, 2),
(1833, 504, 387, 1),
(1834, 504, 292, 1),
(1835, 504, 534, 1),
(1836, 504, 348, 2),
(1837, 504, 363, 1),
(1838, 504, 306, 2),
(1839, 504, 357, 1),
(1840, 504, 446, 1),
(1841, 505, 455, 1),
(1842, 505, 454, 2),
(1843, 505, 399, 1),
(1844, 505, 459, 1),
(1845, 505, 509, 1),
(1846, 505, 292, 1),
(1847, 505, 323, 1),
(1848, 505, 522, 1),
(1849, 506, 465, 1),
(1850, 506, 333, 1),
(1851, 506, 417, 1),
(1852, 506, 511, 1),
(1853, 506, 446, 2),
(1854, 506, 288, 1),
(1855, 506, 298, 1),
(1856, 506, 291, 1),
(1857, 507, 419, 1),
(1858, 507, 490, 1),
(1859, 507, 399, 1),
(1860, 507, 433, 2),
(1861, 507, 538, 1),
(1862, 507, 546, 1),
(1863, 507, 526, 2),
(1864, 507, 519, 1),
(1865, 508, 292, 2),
(1866, 508, 519, 1),
(1867, 508, 491, 1),
(1868, 508, 515, 1),
(1869, 508, 470, 1),
(1870, 508, 456, 1),
(1871, 508, 285, 1),
(1872, 508, 288, 2),
(1873, 509, 449, 2),
(1874, 509, 319, 1),
(1875, 509, 306, 2),
(1876, 509, 497, 1),
(1877, 509, 288, 1),
(1878, 509, 381, 1),
(1879, 509, 361, 1),
(1880, 509, 314, 1),
(1881, 510, 423, 1),
(1882, 510, 317, 1),
(1883, 510, 505, 1),
(1884, 510, 438, 1),
(1885, 510, 419, 1),
(1886, 510, 313, 1),
(1887, 510, 401, 1),
(1888, 510, 418, 1),
(1889, 511, 395, 1),
(1890, 511, 456, 2),
(1891, 511, 447, 2),
(1892, 511, 494, 1),
(1893, 511, 521, 1),
(1894, 511, 359, 1),
(1895, 511, 513, 2),
(1896, 511, 472, 1),
(1897, 512, 496, 2),
(1898, 512, 447, 1),
(1899, 512, 478, 1),
(1900, 512, 445, 1),
(1901, 512, 362, 1),
(1902, 512, 438, 1),
(1903, 512, 493, 1),
(1904, 512, 345, 1),
(1905, 513, 362, 1),
(1906, 513, 445, 1),
(1907, 513, 522, 1),
(1908, 513, 325, 1),
(1909, 513, 458, 1),
(1910, 513, 463, 1),
(1911, 513, 526, 1),
(1912, 513, 537, 1),
(1913, 514, 493, 1),
(1914, 514, 393, 1),
(1915, 514, 402, 1),
(1916, 514, 367, 1),
(1917, 514, 337, 1),
(1918, 514, 544, 1),
(1919, 514, 397, 1),
(1920, 514, 285, 1),
(1921, 515, 276, 1),
(1922, 515, 340, 1),
(1923, 515, 546, 1),
(1924, 515, 279, 1),
(1925, 515, 471, 2),
(1926, 515, 300, 1),
(1927, 515, 438, 1),
(1928, 515, 290, 1),
(1929, 516, 384, 1),
(1930, 516, 414, 1),
(1931, 516, 518, 1),
(1932, 516, 532, 1),
(1933, 516, 398, 2),
(1934, 516, 468, 1),
(1935, 516, 382, 1),
(1936, 516, 277, 1),
(1937, 517, 485, 1),
(1938, 517, 525, 1),
(1939, 517, 544, 1),
(1940, 517, 439, 1),
(1941, 517, 456, 2),
(1942, 517, 376, 1),
(1943, 517, 464, 1),
(1944, 517, 355, 1),
(1945, 518, 373, 1),
(1946, 518, 362, 1),
(1947, 518, 427, 1),
(1948, 518, 410, 1),
(1949, 518, 443, 2),
(1950, 518, 326, 2),
(1951, 518, 422, 1),
(1952, 518, 501, 2),
(1953, 519, 410, 1),
(1954, 519, 292, 2),
(1955, 519, 512, 1),
(1956, 519, 440, 1),
(1957, 519, 427, 1),
(1958, 519, 503, 1),
(1959, 519, 527, 1),
(1960, 519, 494, 1),
(1961, 520, 430, 1),
(1962, 520, 297, 1),
(1963, 520, 495, 2),
(1964, 520, 327, 1),
(1965, 520, 353, 1),
(1966, 520, 483, 1),
(1967, 520, 351, 1),
(1968, 520, 542, 1),
(1969, 521, 323, 1),
(1970, 521, 291, 1),
(1971, 521, 540, 1),
(1972, 521, 354, 1),
(1973, 521, 349, 1),
(1974, 521, 288, 1),
(1975, 521, 399, 1),
(1976, 521, 437, 1),
(1977, 522, 446, 1),
(1978, 522, 447, 1),
(1979, 522, 366, 1),
(1980, 522, 371, 2),
(1981, 522, 521, 1),
(1982, 522, 350, 1),
(1983, 522, 439, 1),
(1984, 522, 333, 1),
(1985, 523, 384, 1),
(1986, 523, 501, 1),
(1987, 523, 332, 1),
(1988, 523, 511, 1),
(1989, 523, 392, 2),
(1990, 523, 513, 1),
(1991, 523, 349, 1),
(1992, 523, 379, 1),
(1993, 524, 477, 2),
(1994, 524, 508, 1),
(1995, 524, 439, 1),
(1996, 524, 402, 1),
(1997, 524, 313, 1),
(1998, 524, 368, 1),
(1999, 524, 332, 1),
(2000, 524, 367, 1),
(2001, 525, 498, 2),
(2002, 525, 422, 1),
(2003, 525, 360, 1),
(2004, 525, 437, 2),
(2005, 525, 387, 2),
(2006, 525, 497, 1),
(2007, 525, 361, 1),
(2008, 525, 503, 1),
(2009, 526, 354, 2),
(2010, 526, 422, 1),
(2011, 526, 536, 1),
(2012, 526, 285, 1),
(2013, 526, 299, 1),
(2014, 526, 421, 1),
(2015, 526, 437, 1),
(2016, 526, 524, 1),
(2017, 527, 535, 1),
(2018, 527, 459, 1),
(2019, 527, 472, 1),
(2020, 527, 340, 1),
(2021, 527, 325, 1),
(2022, 527, 415, 1),
(2023, 527, 531, 1),
(2024, 527, 490, 1),
(2025, 528, 492, 1),
(2026, 528, 283, 1),
(2027, 528, 518, 1),
(2028, 528, 423, 1),
(2029, 528, 323, 2),
(2030, 528, 292, 1),
(2031, 528, 473, 2),
(2032, 528, 381, 1),
(2033, 529, 298, 1),
(2034, 529, 474, 1),
(2035, 529, 487, 1),
(2036, 529, 485, 2),
(2037, 529, 482, 1),
(2038, 529, 343, 1),
(2039, 529, 434, 1),
(2040, 529, 453, 1),
(2041, 530, 439, 1),
(2042, 530, 327, 1),
(2043, 530, 517, 1),
(2044, 530, 357, 2),
(2045, 530, 353, 1),
(2046, 530, 540, 1),
(2047, 530, 409, 1),
(2048, 530, 538, 1),
(2049, 531, 529, 1),
(2050, 531, 504, 2),
(2051, 531, 317, 1),
(2052, 531, 434, 1),
(2053, 531, 344, 1),
(2054, 531, 347, 1),
(2055, 531, 329, 1),
(2056, 531, 487, 2),
(2057, 532, 423, 1),
(2058, 532, 466, 1),
(2059, 532, 393, 1),
(2060, 532, 493, 1),
(2061, 532, 451, 1),
(2062, 532, 545, 1),
(2063, 532, 534, 1),
(2064, 532, 479, 1),
(2065, 533, 495, 1),
(2066, 533, 452, 1),
(2067, 533, 298, 1),
(2068, 533, 294, 2),
(2069, 533, 378, 1),
(2070, 533, 477, 1),
(2071, 533, 544, 1),
(2072, 533, 509, 1),
(2073, 534, 432, 1),
(2074, 534, 297, 1),
(2075, 534, 527, 1),
(2076, 534, 435, 1),
(2077, 534, 333, 1),
(2078, 534, 370, 1),
(2079, 534, 442, 1),
(2080, 534, 462, 2),
(2081, 535, 478, 1),
(2082, 535, 510, 1),
(2083, 535, 308, 2),
(2084, 535, 432, 2),
(2085, 535, 525, 1),
(2086, 535, 318, 1),
(2087, 535, 436, 1),
(2088, 535, 305, 1),
(2089, 536, 457, 2),
(2090, 536, 504, 1),
(2091, 536, 290, 1),
(2092, 536, 460, 2),
(2093, 536, 445, 1),
(2094, 536, 367, 1),
(2095, 536, 511, 1),
(2096, 536, 532, 1),
(2097, 537, 512, 1),
(2098, 537, 358, 1),
(2099, 537, 482, 1),
(2100, 537, 545, 1),
(2101, 537, 441, 1),
(2102, 537, 423, 1),
(2103, 537, 426, 1),
(2104, 537, 309, 1),
(2105, 538, 376, 1),
(2106, 538, 479, 2),
(2107, 538, 294, 1),
(2108, 538, 437, 1),
(2109, 538, 510, 1),
(2110, 538, 520, 1),
(2111, 538, 477, 1),
(2112, 538, 527, 1),
(2113, 539, 521, 1),
(2114, 539, 489, 1),
(2117, 276, 277, 1);

-- --------------------------------------------------------

--
-- Table structure for table `Logs`
--

CREATE TABLE `Logs` (
  `LogID` int(11) NOT NULL,
  `LogName` varchar(128) CHARACTER SET utf8 COLLATE utf8_unicode_ci NOT NULL,
  `LogGroupID` int(11) NOT NULL,
  `LogSubmissiondate` datetime NOT NULL
) ENGINE=InnoDB DEFAULT CHARSET=utf8mb4 COLLATE=utf8mb4_general_ci;

--
-- Dumping data for table `Logs`
--

INSERT INTO `Logs` (`LogID`, `LogName`, `LogGroupID`, `LogSubmissiondate`) VALUES
(1, 'Week 1', 1, '2022-11-07 11:29:00'),
(2, 'Week 2', 1, '2022-11-14 11:42:00'),
(3, 'Week 3', 1, '2022-11-21 11:54:00'),
(4, 'Week 4', 1, '2022-11-28 11:57:00'),
(5, 'Week 5', 1, '2022-12-05 11:22:00'),
(6, 'Week 1', 2, '2022-11-07 11:52:00'),
(7, 'Week 2', 2, '2022-11-14 11:40:00'),
(8, 'Week 3', 2, '2022-11-21 11:51:00'),
(9, 'Week 4', 2, '2022-11-28 11:30:00'),
(10, 'Week 5', 2, '2022-12-05 11:32:00'),
(11, 'Week 1', 3, '2022-11-07 11:22:00'),
(12, 'Week 2', 3, '2022-11-14 11:28:00'),
(13, 'Week 3', 3, '2022-11-21 11:22:00'),
(14, 'Week 4', 3, '2022-11-28 11:21:00'),
(15, 'Week 5', 3, '2022-12-05 11:32:00'),
(16, 'Week 1', 4, '2022-11-07 11:31:00'),
(17, 'Week 2', 4, '2022-11-14 11:41:00'),
(18, 'Week 3', 4, '2022-11-21 11:41:00'),
(19, 'Week 4', 4, '2022-11-28 11:32:00'),
(20, 'Week 5', 4, '2022-12-05 11:38:00'),
(21, 'Week 1', 5, '2022-11-07 11:23:00'),
(22, 'Week 2', 5, '2022-11-14 11:21:00'),
(23, 'Week 3', 5, '2022-11-21 11:33:00'),
(24, 'Week 4', 5, '2022-11-28 11:28:00'),
(25, 'Week 5', 5, '2022-12-05 11:46:00'),
(26, 'Week 1', 6, '2022-11-07 11:28:00'),
(27, 'Week 2', 6, '2022-11-14 11:52:00'),
(28, 'Week 3', 6, '2022-11-21 11:48:00'),
(29, 'Week 4', 6, '2022-11-28 11:32:00'),
(30, 'Week 5', 6, '2022-12-05 11:29:00'),
(31, 'Week 1', 7, '2022-11-07 11:28:00'),
(32, 'Week 2', 7, '2022-11-14 11:23:00'),
(33, 'Week 3', 7, '2022-11-21 11:59:00'),
(34, 'Week 4', 7, '2022-11-28 12:00:00'),
(35, 'Week 5', 7, '2022-12-05 11:47:00'),
(36, 'Week 1', 8, '2022-11-07 11:27:00'),
(37, 'Week 2', 8, '2022-11-14 11:49:00'),
(38, 'Week 3', 8, '2022-11-21 11:55:00'),
(39, 'Week 4', 8, '2022-11-28 11:20:00'),
(40, 'Week 5', 8, '2022-12-05 11:47:00'),
(41, 'Week 1', 9, '2022-11-07 11:33:00'),
(42, 'Week 2', 9, '2022-11-14 11:41:00'),
(43, 'Week 3', 9, '2022-11-21 11:34:00'),
(44, 'Week 4', 9, '2022-11-28 11:27:00'),
(45, 'Week 5', 9, '2022-12-05 11:21:00'),
(46, 'Week 1', 10, '2022-11-07 11:59:00'),
(47, 'Week 2', 10, '2022-11-14 11:37:00'),
(48, 'Week 3', 10, '2022-11-21 11:29:00'),
(49, 'Week 4', 10, '2022-11-28 11:50:00'),
(50, 'Week 5', 10, '2022-12-05 11:49:00'),
(51, 'Week 1', 11, '2022-11-07 11:33:00'),
(52, 'Week 2', 11, '2022-11-14 11:20:00'),
(53, 'Week 3', 11, '2022-11-21 11:45:00'),
(54, 'Week 4', 11, '2022-11-28 11:41:00'),
(55, 'Week 5', 11, '2022-12-05 11:34:00'),
(56, 'Week 1', 12, '2022-11-07 11:21:00'),
(57, 'Week 2', 12, '2022-11-14 11:47:00'),
(58, 'Week 3', 12, '2022-11-21 11:39:00'),
(59, 'Week 4', 12, '2022-11-28 11:21:00'),
(60, 'Week 5', 12, '2022-12-05 11:43:00'),
(61, 'Week 1', 13, '2022-11-07 11:59:00'),
(62, 'Week 2', 13, '2022-11-14 11:46:00'),
(63, 'Week 3', 13, '2022-11-21 11:59:00'),
(64, 'Week 4', 13, '2022-11-28 11:30:00'),
(65, 'Week 5', 13, '2022-12-05 11:54:00'),
(66, 'Week 1', 14, '2022-11-07 11:51:00'),
(67, 'Week 2', 14, '2022-11-14 12:00:00'),
(68, 'Week 3', 14, '2022-11-21 11:22:00'),
(69, 'Week 4', 14, '2022-11-28 11:40:00'),
(70, 'Week 5', 14, '2022-12-05 11:38:00'),
(71, 'Week 1', 15, '2022-11-07 11:37:00'),
(72, 'Week 2', 15, '2022-11-14 11:30:00'),
(73, 'Week 3', 15, '2022-11-21 11:39:00'),
(74, 'Week 4', 15, '2022-11-28 11:37:00'),
(75, 'Week 5', 15, '2022-12-05 11:24:00'),
(76, 'Week 1', 16, '2022-11-07 11:53:00'),
(77, 'Week 2', 16, '2022-11-14 11:31:00'),
(78, 'Week 3', 16, '2022-11-21 11:22:00'),
(79, 'Week 4', 16, '2022-11-28 11:52:00'),
(80, 'Week 5', 16, '2022-12-05 11:49:00'),
(81, 'Week 1', 17, '2022-11-07 12:00:00'),
(82, 'Week 2', 17, '2022-11-14 11:51:00'),
(83, 'Week 3', 17, '2022-11-21 11:39:00'),
(84, 'Week 4', 17, '2022-11-28 11:39:00'),
(85, 'Week 5', 17, '2022-12-05 11:21:00'),
(86, 'Week 1', 18, '2022-11-07 11:44:00'),
(87, 'Week 2', 18, '2022-11-14 11:54:00'),
(88, 'Week 3', 18, '2022-11-21 11:26:00'),
(89, 'Week 4', 18, '2022-11-28 11:45:00'),
(90, 'Week 5', 18, '2022-12-05 11:49:00'),
(91, 'Week 1', 19, '2022-11-07 11:47:00'),
(92, 'Week 2', 19, '2022-11-14 11:36:00'),
(93, 'Week 3', 19, '2022-11-21 11:23:00'),
(94, 'Week 4', 19, '2022-11-28 11:23:00'),
(95, 'Week 5', 19, '2022-12-05 11:31:00'),
(96, 'Week 1', 20, '2022-11-07 11:26:00'),
(97, 'Week 2', 20, '2022-11-14 11:44:00'),
(98, 'Week 3', 20, '2022-11-21 11:26:00'),
(99, 'Week 4', 20, '2022-11-28 11:25:00'),
(100, 'Week 5', 20, '2022-12-05 11:39:00'),
(101, 'Week 1', 21, '2022-11-07 11:38:00'),
(102, 'Week 2', 21, '2022-11-14 11:46:00'),
(103, 'Week 3', 21, '2022-11-21 11:34:00'),
(104, 'Week 4', 21, '2022-11-28 11:31:00'),
(105, 'Week 5', 21, '2022-12-05 11:52:00'),
(106, 'Week 1', 22, '2022-11-07 11:41:00'),
(107, 'Week 2', 22, '2022-11-14 11:31:00'),
(108, 'Week 3', 22, '2022-11-21 11:54:00'),
(109, 'Week 4', 22, '2022-11-28 11:40:00'),
(110, 'Week 5', 22, '2022-12-05 11:44:00'),
(111, 'Week 1', 23, '2022-11-07 11:52:00'),
(112, 'Week 2', 23, '2022-11-14 11:37:00'),
(113, 'Week 3', 23, '2022-11-21 11:32:00'),
(114, 'Week 4', 23, '2022-11-28 11:29:00'),
(115, 'Week 5', 23, '2022-12-05 11:38:00'),
(116, 'Week 1', 24, '2022-11-07 11:23:00'),
(117, 'Week 2', 24, '2022-11-14 11:47:00'),
(118, 'Week 3', 24, '2022-11-21 11:23:00'),
(119, 'Week 4', 24, '2022-11-28 11:50:00'),
(120, 'Week 5', 24, '2022-12-05 11:22:00'),
(121, 'Week 1', 25, '2022-11-07 11:48:00'),
(122, 'Week 2', 25, '2022-11-14 11:53:00'),
(123, 'Week 3', 25, '2022-11-21 11:43:00'),
(124, 'Week 4', 25, '2022-11-28 11:41:00'),
(125, 'Week 5', 25, '2022-12-05 11:46:00'),
(126, 'Week 1', 26, '2022-11-07 11:35:00'),
(127, 'Week 2', 26, '2022-11-14 11:25:00'),
(128, 'Week 3', 26, '2022-11-21 11:20:00'),
(129, 'Week 4', 26, '2022-11-28 11:40:00'),
(130, 'Week 5', 26, '2022-12-05 11:52:00'),
(131, 'Week 1', 27, '2022-11-07 11:55:00'),
(132, 'Week 2', 27, '2022-11-14 11:27:00'),
(133, 'Week 3', 27, '2022-11-21 11:56:00'),
(134, 'Week 4', 27, '2022-11-28 11:59:00'),
(135, 'Week 5', 27, '2022-12-05 11:25:00'),
(136, 'Week 1', 28, '2022-11-07 12:00:00'),
(137, 'Week 2', 28, '2022-11-14 12:00:00'),
(138, 'Week 3', 28, '2022-11-21 11:27:00'),
(139, 'Week 4', 28, '2022-11-28 11:37:00'),
(140, 'Week 5', 28, '2022-12-05 11:26:00'),
(141, 'Week 1', 29, '2022-11-07 12:00:00'),
(142, 'Week 2', 29, '2022-11-14 11:31:00'),
(143, 'Week 3', 29, '2022-11-21 11:51:00'),
(144, 'Week 4', 29, '2022-11-28 11:52:00'),
(145, 'Week 5', 29, '2022-12-05 11:55:00'),
(146, 'Week 1', 30, '2022-11-07 11:32:00'),
(147, 'Week 2', 30, '2022-11-14 11:24:00'),
(148, 'Week 3', 30, '2022-11-21 11:55:00'),
(149, 'Week 4', 30, '2022-11-28 11:49:00'),
(150, 'Week 5', 30, '2022-12-05 11:59:00'),
(151, 'Week 1', 31, '2022-11-07 11:44:00'),
(152, 'Week 2', 31, '2022-11-14 11:59:00'),
(153, 'Week 3', 31, '2022-11-21 11:56:00'),
(154, 'Week 4', 31, '2022-11-28 11:40:00'),
(155, 'Week 5', 31, '2022-12-05 11:27:00'),
(156, 'Week 1', 32, '2022-11-07 11:54:00'),
(157, 'Week 2', 32, '2022-11-14 11:39:00'),
(158, 'Week 3', 32, '2022-11-21 11:59:00'),
(159, 'Week 4', 32, '2022-11-28 11:56:00'),
(160, 'Week 5', 32, '2022-12-05 11:26:00'),
(161, 'Week 1', 33, '2022-11-07 11:58:00'),
(162, 'Week 2', 33, '2022-11-14 11:35:00'),
(163, 'Week 3', 33, '2022-11-21 11:55:00'),
(164, 'Week 4', 33, '2022-11-28 11:49:00'),
(165, 'Week 5', 33, '2022-12-05 11:27:00'),
(166, 'Week 1', 34, '2022-11-07 11:24:00'),
(167, 'Week 2', 34, '2022-11-14 11:38:00'),
(168, 'Week 3', 34, '2022-11-21 11:21:00'),
(169, 'Week 4', 34, '2022-11-28 11:59:00'),
(170, 'Week 5', 34, '2022-12-05 11:33:00'),
(171, 'Week 1', 35, '2022-11-07 11:22:00'),
(172, 'Week 2', 35, '2022-11-14 11:44:00'),
(173, 'Week 3', 35, '2022-11-21 11:48:00'),
(174, 'Week 4', 35, '2022-11-28 11:54:00'),
(175, 'Week 5', 35, '2022-12-05 11:25:00'),
(176, 'Week 1', 36, '2022-11-07 11:48:00'),
(177, 'Week 2', 36, '2022-11-14 11:24:00'),
(178, 'Week 3', 36, '2022-11-21 11:45:00'),
(179, 'Week 4', 36, '2022-11-28 11:50:00'),
(180, 'Week 5', 36, '2022-12-05 11:57:00'),
(181, 'Week 1', 37, '2022-11-07 11:52:00'),
(182, 'Week 2', 37, '2022-11-14 11:32:00'),
(183, 'Week 3', 37, '2022-11-21 11:37:00'),
(184, 'Week 4', 37, '2022-11-28 11:58:00'),
(185, 'Week 5', 37, '2022-12-05 11:46:00'),
(186, 'Week 1', 38, '2022-11-07 11:21:00'),
(187, 'Week 2', 38, '2022-11-14 11:37:00'),
(188, 'Week 3', 38, '2022-11-21 11:49:00'),
(189, 'Week 4', 38, '2022-11-28 11:48:00'),
(190, 'Week 5', 38, '2022-12-05 12:00:00'),
(191, 'Week 1', 39, '2022-11-07 11:45:00'),
(192, 'Week 2', 39, '2022-11-14 11:24:00'),
(193, 'Week 3', 39, '2022-11-21 11:58:00'),
(194, 'Week 4', 39, '2022-11-28 11:54:00'),
(195, 'Week 5', 39, '2022-12-05 11:55:00'),
(196, 'Week 1', 40, '2022-11-07 11:40:00'),
(197, 'Week 2', 40, '2022-11-14 11:25:00'),
(198, 'Week 3', 40, '2022-11-21 11:49:00'),
(199, 'Week 4', 40, '2022-11-28 11:26:00'),
(200, 'Week 5', 40, '2022-12-05 11:35:00'),
(201, 'Week 1', 41, '2022-11-07 11:36:00'),
(202, 'Week 2', 41, '2022-11-14 11:55:00'),
(203, 'Week 3', 41, '2022-11-21 11:27:00'),
(204, 'Week 4', 41, '2022-11-28 11:33:00'),
(205, 'Week 5', 41, '2022-12-05 11:26:00'),
(206, 'Week 1', 42, '2022-11-07 11:37:00'),
(207, 'Week 2', 42, '2022-11-14 11:22:00'),
(208, 'Week 3', 42, '2022-11-21 11:39:00'),
(209, 'Week 4', 42, '2022-11-28 11:35:00'),
(210, 'Week 5', 42, '2022-12-05 11:35:00'),
(211, 'Week 1', 43, '2022-11-07 11:27:00'),
(212, 'Week 2', 43, '2022-11-14 11:22:00'),
(213, 'Week 3', 43, '2022-11-21 11:29:00'),
(214, 'Week 4', 43, '2022-11-28 11:54:00'),
(215, 'Week 5', 43, '2022-12-05 11:42:00'),
(216, 'Week 1', 44, '2022-11-07 11:36:00'),
(217, 'Week 2', 44, '2022-11-14 11:54:00'),
(218, 'Week 3', 44, '2022-11-21 11:50:00'),
(219, 'Week 4', 44, '2022-11-28 11:50:00'),
(220, 'Week 5', 44, '2022-12-05 11:32:00'),
(221, 'Week 1', 45, '2022-11-07 11:37:00'),
(222, 'Week 2', 45, '2022-11-14 11:39:00'),
(223, 'Week 3', 45, '2022-11-21 11:59:00'),
(224, 'Week 4', 45, '2022-11-28 11:43:00'),
(225, 'Week 5', 45, '2022-12-05 11:40:00'),
(226, 'Week 1', 46, '2022-11-07 11:34:00'),
(227, 'Week 2', 46, '2022-11-14 11:22:00'),
(228, 'Week 3', 46, '2022-11-21 11:56:00'),
(229, 'Week 4', 46, '2022-11-28 11:34:00'),
(230, 'Week 5', 46, '2022-12-05 11:20:00'),
(231, 'Week 1', 47, '2022-11-07 11:46:00'),
(232, 'Week 2', 47, '2022-11-14 11:29:00'),
(233, 'Week 3', 47, '2022-11-21 11:27:00'),
(234, 'Week 4', 47, '2022-11-28 11:36:00'),
(235, 'Week 5', 47, '2022-12-05 11:51:00'),
(236, 'Week 1', 48, '2022-11-07 11:56:00'),
(237, 'Week 2', 48, '2022-11-14 11:39:00'),
(238, 'Week 3', 48, '2022-11-21 11:41:00'),
(239, 'Week 4', 48, '2022-11-28 11:22:00'),
(240, 'Week 5', 48, '2022-12-05 11:52:00'),
(241, 'Week 1', 49, '2022-11-07 11:27:00'),
(242, 'Week 2', 49, '2022-11-14 11:20:00'),
(243, 'Week 3', 49, '2022-11-21 11:23:00'),
(244, 'Week 4', 49, '2022-11-28 11:29:00'),
(245, 'Week 5', 49, '2022-12-05 11:25:00'),
(246, 'Week 1', 50, '2022-11-07 11:32:00'),
(247, 'Week 2', 50, '2022-11-14 11:30:00'),
(248, 'Week 3', 50, '2022-11-21 11:25:00'),
(249, 'Week 4', 50, '2022-11-28 11:32:00'),
(250, 'Week 5', 50, '2022-12-05 11:55:00'),
(251, 'Week 1', 51, '2022-11-07 11:57:00'),
(252, 'Week 2', 51, '2022-11-14 11:27:00'),
(253, 'Week 3', 51, '2022-11-21 11:46:00'),
(254, 'Week 4', 51, '2022-11-28 11:31:00'),
(255, 'Week 5', 51, '2022-12-05 11:44:00'),
(256, 'Week 1', 52, '2022-11-07 11:51:00'),
(257, 'Week 2', 52, '2022-11-14 11:54:00'),
(258, 'Week 3', 52, '2022-11-21 11:29:00'),
(259, 'Week 4', 52, '2022-11-28 11:58:00'),
(260, 'Week 5', 52, '2022-12-05 11:23:00'),
(261, 'Week 1', 53, '2022-11-07 11:22:00'),
(262, 'Week 2', 53, '2022-11-14 11:51:00'),
(263, 'Week 3', 53, '2022-11-21 11:48:00'),
(264, 'Week 4', 53, '2022-11-28 11:24:00'),
(265, 'Week 5', 53, '2022-12-05 11:36:00'),
(266, 'Week 1', 54, '2022-11-07 11:59:00'),
(267, 'Week 2', 54, '2022-11-14 11:59:00'),
(268, 'Week 3', 54, '2022-11-21 11:21:00'),
(269, 'Week 4', 54, '2022-11-28 11:57:00'),
(270, 'Week 5', 54, '2022-12-05 11:26:00'),
(272, 'LogName', 0, '0000-00-00 00:00:00');

-- --------------------------------------------------------

--
-- Table structure for table `Modulemembers`
--

CREATE TABLE `Modulemembers` (
  `ModulememberID` int(11) NOT NULL,
  `ModulememberUserID` int(11) DEFAULT NULL,
  `ModulememberModuleID` int(11) DEFAULT NULL,
  `ModulememberWorkshopID` int(11) DEFAULT NULL
) ENGINE=InnoDB DEFAULT CHARSET=utf8 COLLATE=utf8_unicode_ci;

--
-- Dumping data for table `Modulemembers`
--

INSERT INTO `Modulemembers` (`ModulememberID`, `ModulememberUserID`, `ModulememberModuleID`, `ModulememberWorkshopID`) VALUES
(1, 275, 1, NULL),
(2, 276, 1, NULL),
(3, 277, 1, NULL),
(4, 278, 1, NULL),
(5, 279, 1, NULL),
(6, 280, 1, NULL),
(7, 281, 1, NULL),
(8, 282, 1, NULL),
(9, 283, 1, NULL),
(10, 284, 1, NULL),
(11, 285, 1, NULL),
(12, 286, 1, NULL),
(13, 287, 1, NULL),
(14, 288, 1, NULL),
(15, 289, 1, NULL),
(16, 290, 1, NULL),
(17, 291, 1, NULL),
(18, 292, 1, NULL),
(19, 293, 1, NULL),
(20, 294, 1, NULL),
(21, 295, 1, NULL),
(22, 296, 1, NULL),
(23, 297, 1, NULL),
(24, 298, 1, NULL),
(25, 299, 1, NULL),
(26, 300, 1, NULL),
(27, 301, 1, NULL),
(28, 302, 1, NULL),
(29, 303, 1, NULL),
(30, 304, 1, NULL),
(31, 305, 1, NULL),
(32, 306, 1, NULL),
(33, 307, 1, NULL),
(34, 308, 1, NULL),
(35, 309, 1, NULL),
(36, 310, 1, NULL),
(37, 311, 1, NULL),
(38, 312, 1, NULL),
(39, 313, 1, NULL),
(40, 314, 1, NULL),
(41, 315, 1, NULL),
(42, 316, 1, NULL),
(43, 317, 1, NULL),
(44, 318, 1, NULL),
(45, 319, 1, NULL),
(46, 320, 1, NULL),
(47, 321, 1, NULL),
(48, 322, 1, NULL),
(49, 323, 1, NULL),
(50, 324, 1, NULL),
(51, 325, 1, NULL),
(52, 326, 1, NULL),
(53, 327, 1, NULL),
(54, 328, 1, NULL),
(55, 329, 1, NULL),
(56, 330, 1, NULL),
(57, 331, 1, NULL),
(58, 332, 1, NULL),
(59, 333, 1, NULL),
(60, 334, 1, NULL),
(61, 335, 1, NULL),
(62, 336, 1, NULL),
(63, 337, 1, NULL),
(64, 338, 1, NULL),
(65, 339, 1, NULL),
(66, 340, 1, NULL),
(67, 341, 1, NULL),
(68, 342, 1, NULL),
(69, 343, 1, NULL),
(70, 344, 1, NULL),
(71, 345, 1, NULL),
(72, 346, 1, NULL),
(73, 347, 1, NULL),
(74, 348, 1, NULL),
(75, 349, 1, NULL),
(76, 350, 1, NULL),
(77, 351, 1, NULL),
(78, 352, 1, NULL),
(79, 353, 1, NULL),
(80, 354, 1, NULL),
(81, 355, 1, NULL),
(82, 356, 1, NULL),
(83, 357, 1, NULL),
(84, 358, 1, NULL),
(85, 359, 1, NULL),
(86, 360, 1, NULL),
(87, 361, 1, NULL),
(88, 362, 1, NULL),
(89, 363, 1, NULL),
(90, 364, 1, NULL),
(91, 365, 1, NULL),
(92, 366, 1, NULL),
(93, 367, 1, NULL),
(94, 368, 1, NULL),
(95, 369, 1, NULL),
(96, 370, 1, NULL),
(97, 371, 1, NULL),
(98, 372, 1, NULL),
(99, 373, 1, NULL),
(100, 374, 1, NULL),
(101, 375, 1, NULL),
(102, 376, 1, NULL),
(103, 377, 1, NULL),
(104, 378, 1, NULL),
(105, 379, 1, NULL),
(106, 380, 1, NULL),
(107, 381, 1, NULL),
(108, 382, 1, NULL),
(109, 383, 1, NULL),
(110, 384, 1, NULL),
(111, 385, 1, NULL),
(112, 386, 1, NULL),
(113, 387, 1, NULL),
(114, 388, 1, NULL),
(115, 389, 1, NULL),
(116, 390, 1, NULL),
(117, 391, 1, NULL),
(118, 392, 1, NULL),
(119, 393, 1, NULL),
(120, 394, 1, NULL),
(121, 395, 1, NULL),
(122, 396, 1, NULL),
(123, 397, 1, NULL),
(124, 398, 1, NULL),
(125, 399, 1, NULL),
(126, 400, 1, NULL),
(127, 401, 1, NULL),
(128, 402, 1, NULL),
(129, 403, 1, NULL),
(130, 404, 1, NULL),
(131, 405, 1, NULL),
(132, 406, 1, NULL),
(133, 407, 1, NULL),
(134, 408, 1, NULL),
(135, 409, 1, NULL),
(136, 410, 1, NULL),
(137, 411, 1, NULL),
(138, 412, 1, NULL),
(139, 413, 1, NULL),
(140, 414, 1, NULL),
(141, 415, 1, NULL),
(142, 416, 1, NULL),
(143, 417, 1, NULL),
(144, 418, 1, NULL),
(145, 419, 1, NULL),
(146, 420, 1, NULL),
(147, 421, 1, NULL),
(148, 422, 1, NULL),
(149, 423, 1, NULL),
(150, 424, 1, NULL),
(151, 425, 1, NULL),
(152, 426, 1, NULL),
(153, 427, 1, NULL),
(154, 428, 1, NULL),
(155, 429, 1, NULL),
(156, 430, 1, NULL),
(157, 431, 1, NULL),
(158, 432, 1, NULL),
(159, 433, 1, NULL),
(160, 434, 1, NULL),
(161, 435, 1, NULL),
(162, 436, 1, NULL),
(163, 437, 1, NULL),
(164, 438, 1, NULL),
(165, 439, 1, NULL),
(166, 440, 1, NULL),
(167, 441, 1, NULL),
(168, 442, 1, NULL),
(169, 443, 1, NULL),
(170, 444, 1, NULL),
(171, 445, 1, NULL),
(172, 446, 1, NULL),
(173, 447, 1, NULL),
(174, 448, 1, NULL),
(175, 449, 1, NULL),
(176, 450, 1, NULL),
(177, 451, 1, NULL),
(178, 452, 1, NULL),
(179, 453, 1, NULL),
(180, 454, 1, NULL),
(181, 455, 1, NULL),
(182, 456, 1, NULL),
(183, 457, 1, NULL),
(184, 458, 1, NULL),
(185, 459, 1, NULL),
(186, 460, 1, NULL),
(187, 461, 1, NULL),
(188, 462, 1, NULL),
(189, 463, 1, NULL),
(190, 464, 1, NULL),
(191, 465, 1, NULL),
(192, 466, 1, NULL),
(193, 467, 1, NULL),
(194, 468, 1, NULL),
(195, 469, 1, NULL),
(196, 470, 1, NULL),
(197, 471, 1, NULL),
(198, 472, 1, NULL),
(199, 473, 1, NULL),
(200, 474, 1, NULL),
(201, 475, 1, NULL),
(202, 476, 1, NULL),
(203, 477, 1, NULL),
(204, 478, 1, NULL),
(205, 479, 1, NULL),
(206, 480, 1, NULL),
(207, 481, 1, NULL),
(208, 482, 1, NULL),
(209, 483, 1, NULL),
(210, 484, 1, NULL),
(211, 485, 1, NULL),
(212, 486, 1, NULL),
(213, 487, 1, NULL),
(214, 488, 1, NULL),
(215, 489, 1, NULL),
(216, 490, 1, NULL),
(217, 491, 1, NULL),
(218, 492, 1, NULL),
(219, 493, 1, NULL),
(220, 494, 1, NULL),
(221, 495, 1, NULL),
(222, 496, 1, NULL),
(223, 497, 1, NULL),
(224, 498, 1, NULL),
(225, 499, 1, NULL),
(226, 500, 1, NULL),
(227, 501, 1, NULL),
(228, 502, 1, NULL),
(229, 503, 1, NULL),
(230, 504, 1, NULL),
(231, 505, 1, NULL),
(232, 506, 1, NULL),
(233, 507, 1, NULL),
(234, 508, 1, NULL),
(235, 509, 1, NULL),
(236, 510, 1, NULL),
(237, 511, 1, NULL),
(238, 512, 1, NULL),
(239, 513, 1, NULL),
(240, 514, 1, NULL),
(241, 515, 1, NULL),
(242, 516, 1, NULL),
(243, 517, 1, NULL),
(244, 518, 1, NULL),
(245, 519, 1, NULL),
(246, 520, 1, NULL),
(247, 521, 1, NULL),
(248, 522, 1, NULL),
(249, 523, 1, NULL),
(250, 524, 1, NULL),
(251, 525, 1, NULL),
(252, 526, 1, NULL),
(253, 527, 1, NULL),
(254, 528, 1, NULL),
(255, 529, 1, NULL),
(256, 530, 1, NULL),
(257, 531, 1, NULL),
(258, 532, 1, NULL),
(259, 533, 1, NULL),
(260, 534, 1, NULL),
(261, 535, 1, NULL),
(262, 536, 1, NULL),
(263, 537, 1, NULL),
(264, 538, 1, NULL),
(265, 539, 1, NULL),
(266, 540, 1, NULL),
(267, 541, 1, NULL),
(268, 542, 1, NULL),
(269, 543, 1, NULL),
(270, 544, 1, NULL),
(271, 545, 1, NULL),
(272, 546, 1, NULL),
(273, 275, 2, NULL),
(274, 276, 2, NULL),
(275, 277, 2, NULL),
(276, 278, 2, NULL),
(277, 279, 2, NULL),
(278, 280, 2, NULL),
(279, 281, 2, NULL),
(280, 282, 2, NULL),
(281, 283, 2, NULL),
(282, 284, 2, NULL),
(283, 285, 2, NULL),
(284, 286, 2, NULL),
(285, 287, 2, NULL),
(286, 288, 2, NULL),
(287, 289, 2, NULL),
(288, 290, 2, NULL),
(289, 291, 2, NULL),
(290, 292, 2, NULL),
(291, 293, 2, NULL),
(292, 294, 2, NULL),
(293, 295, 2, NULL),
(294, 296, 2, NULL),
(295, 297, 2, NULL),
(296, 298, 2, NULL),
(297, 299, 2, NULL),
(298, 300, 2, NULL),
(299, 301, 2, NULL),
(300, 302, 2, NULL),
(301, 303, 2, NULL),
(302, 304, 2, NULL),
(303, 305, 2, NULL),
(304, 306, 2, NULL),
(305, 307, 2, NULL),
(306, 308, 2, NULL),
(307, 309, 2, NULL),
(308, 310, 2, NULL),
(309, 311, 2, NULL),
(310, 312, 2, NULL),
(311, 313, 2, NULL),
(312, 314, 2, NULL),
(313, 315, 2, NULL),
(314, 316, 2, NULL),
(315, 317, 2, NULL),
(316, 318, 2, NULL),
(317, 319, 2, NULL),
(318, 320, 2, NULL),
(319, 321, 2, NULL),
(320, 322, 2, NULL),
(321, 323, 2, NULL),
(322, 324, 2, NULL),
(323, 325, 2, NULL),
(324, 326, 2, NULL),
(325, 327, 2, NULL),
(326, 328, 2, NULL),
(327, 329, 2, NULL),
(328, 330, 2, NULL),
(329, 331, 2, NULL),
(330, 332, 2, NULL),
(331, 333, 2, NULL),
(332, 334, 2, NULL),
(333, 335, 2, NULL),
(334, 336, 2, NULL),
(335, 337, 2, NULL),
(336, 338, 2, NULL),
(337, 339, 2, NULL),
(338, 340, 2, NULL),
(339, 341, 2, NULL),
(340, 342, 2, NULL),
(341, 343, 2, NULL),
(342, 344, 2, NULL),
(343, 345, 2, NULL),
(344, 346, 2, NULL),
(345, 347, 2, NULL),
(346, 348, 2, NULL),
(347, 349, 2, NULL),
(348, 350, 2, NULL),
(349, 351, 2, NULL),
(350, 352, 2, NULL),
(351, 353, 2, NULL),
(352, 354, 2, NULL),
(353, 355, 2, NULL),
(354, 356, 2, NULL),
(355, 357, 2, NULL),
(356, 358, 2, NULL),
(357, 359, 2, NULL),
(358, 360, 2, NULL),
(359, 361, 2, NULL),
(360, 362, 2, NULL),
(361, 363, 2, NULL),
(362, 364, 2, NULL),
(363, 365, 2, NULL),
(364, 366, 2, NULL),
(365, 367, 2, NULL),
(366, 368, 2, NULL),
(367, 369, 2, NULL),
(368, 370, 2, NULL),
(369, 371, 2, NULL),
(370, 372, 2, NULL),
(371, 373, 2, NULL),
(372, 374, 2, NULL),
(373, 375, 2, NULL),
(374, 376, 2, NULL),
(375, 377, 2, NULL),
(376, 378, 2, NULL),
(377, 379, 2, NULL),
(378, 380, 2, NULL),
(379, 381, 2, NULL),
(380, 382, 2, NULL),
(381, 383, 2, NULL),
(382, 384, 2, NULL),
(383, 385, 2, NULL),
(384, 386, 2, NULL),
(385, 387, 2, NULL),
(386, 388, 2, NULL),
(387, 389, 2, NULL),
(388, 390, 2, NULL),
(389, 391, 2, NULL),
(390, 392, 2, NULL),
(391, 393, 2, NULL),
(392, 394, 2, NULL),
(393, 395, 2, NULL),
(394, 396, 2, NULL),
(395, 397, 2, NULL),
(396, 398, 2, NULL),
(397, 399, 2, NULL),
(398, 400, 2, NULL),
(399, 401, 2, NULL),
(400, 402, 2, NULL),
(401, 403, 2, NULL),
(402, 404, 2, NULL),
(403, 405, 2, NULL),
(404, 406, 2, NULL),
(405, 407, 2, NULL),
(406, 408, 2, NULL),
(407, 409, 2, NULL),
(408, 410, 2, NULL),
(409, 411, 2, NULL),
(410, 412, 2, NULL),
(411, 413, 2, NULL),
(412, 414, 2, NULL),
(413, 415, 2, NULL),
(414, 416, 2, NULL),
(415, 417, 2, NULL),
(416, 418, 2, NULL),
(417, 419, 2, NULL),
(418, 420, 2, NULL),
(419, 421, 2, NULL),
(420, 422, 2, NULL),
(421, 423, 2, NULL),
(422, 424, 2, NULL),
(423, 425, 2, NULL),
(424, 426, 2, NULL),
(425, 427, 2, NULL),
(426, 428, 2, NULL),
(427, 429, 2, NULL),
(428, 430, 2, NULL),
(429, 431, 2, NULL),
(430, 432, 2, NULL),
(431, 433, 2, NULL),
(432, 434, 2, NULL),
(433, 435, 2, NULL),
(434, 436, 2, NULL),
(435, 437, 2, NULL),
(436, 438, 2, NULL),
(437, 439, 2, NULL),
(438, 440, 2, NULL),
(439, 441, 2, NULL),
(440, 442, 2, NULL),
(441, 443, 2, NULL),
(442, 444, 2, NULL),
(443, 445, 2, NULL),
(444, 446, 2, NULL),
(445, 447, 2, NULL),
(446, 448, 2, NULL),
(447, 449, 2, NULL),
(448, 450, 2, NULL),
(449, 451, 2, NULL),
(450, 452, 2, NULL),
(451, 453, 2, NULL),
(452, 454, 2, NULL),
(453, 455, 2, NULL),
(454, 456, 2, NULL),
(455, 457, 2, NULL),
(456, 458, 2, NULL),
(457, 459, 2, NULL),
(458, 460, 2, NULL),
(459, 461, 2, NULL),
(460, 462, 2, NULL),
(461, 463, 2, NULL),
(462, 464, 2, NULL),
(463, 465, 2, NULL),
(464, 466, 2, NULL),
(465, 467, 2, NULL),
(466, 468, 2, NULL),
(467, 469, 2, NULL),
(468, 470, 2, NULL),
(469, 471, 2, NULL),
(470, 472, 2, NULL),
(471, 473, 2, NULL),
(472, 474, 2, NULL),
(473, 475, 2, NULL),
(474, 476, 2, NULL),
(475, 477, 2, NULL),
(476, 478, 2, NULL),
(477, 479, 2, NULL),
(478, 480, 2, NULL),
(479, 481, 2, NULL),
(480, 482, 2, NULL),
(481, 483, 2, NULL),
(482, 484, 2, NULL),
(483, 485, 2, NULL),
(484, 486, 2, NULL),
(485, 487, 2, NULL),
(486, 488, 2, NULL),
(487, 489, 2, NULL),
(488, 490, 2, NULL),
(489, 491, 2, NULL),
(490, 492, 2, NULL),
(491, 493, 2, NULL),
(492, 494, 2, NULL),
(493, 495, 2, NULL),
(494, 496, 2, NULL),
(495, 497, 2, NULL),
(496, 498, 2, NULL),
(497, 499, 2, NULL),
(498, 500, 2, NULL),
(499, 501, 2, NULL),
(500, 502, 2, NULL),
(501, 503, 2, NULL),
(502, 504, 2, NULL),
(503, 505, 2, NULL),
(504, 506, 2, NULL),
(505, 507, 2, NULL),
(506, 508, 2, NULL),
(507, 509, 2, NULL),
(508, 510, 2, NULL),
(509, 511, 2, NULL),
(510, 512, 2, NULL),
(511, 513, 2, NULL),
(512, 514, 2, NULL),
(513, 515, 2, NULL),
(514, 516, 2, NULL),
(515, 517, 2, NULL),
(516, 518, 2, NULL),
(517, 519, 2, NULL),
(518, 520, 2, NULL),
(519, 521, 2, NULL),
(520, 522, 2, NULL),
(521, 523, 2, NULL),
(522, 524, 2, NULL),
(523, 525, 2, NULL),
(524, 526, 2, NULL),
(525, 527, 2, NULL),
(526, 528, 2, NULL),
(527, 529, 2, NULL),
(528, 530, 2, NULL),
(529, 531, 2, NULL),
(530, 532, 2, NULL),
(531, 533, 2, NULL),
(532, 534, 2, NULL),
(533, 535, 2, NULL),
(534, 536, 2, NULL),
(535, 537, 2, NULL),
(536, 538, 2, NULL),
(537, 539, 2, NULL),
(538, 540, 2, NULL),
(539, 541, 2, NULL),
(540, 542, 2, NULL),
(541, 543, 2, NULL),
(542, 544, 2, NULL),
(543, 545, 2, NULL),
(544, 546, 2, NULL),
(545, 275, 3, NULL),
(546, 276, 3, NULL),
(547, 277, 3, NULL),
(548, 278, 3, NULL),
(549, 279, 3, NULL),
(550, 280, 3, NULL),
(551, 281, 3, NULL),
(552, 282, 3, NULL),
(553, 283, 3, NULL),
(554, 284, 3, NULL),
(555, 285, 3, NULL),
(556, 286, 3, NULL),
(557, 287, 3, NULL),
(558, 288, 3, NULL),
(559, 289, 3, NULL),
(560, 290, 3, NULL),
(561, 291, 3, NULL),
(562, 292, 3, NULL),
(563, 293, 3, NULL),
(564, 294, 3, NULL),
(565, 295, 3, NULL),
(566, 296, 3, NULL),
(567, 297, 3, NULL),
(568, 298, 3, NULL),
(569, 299, 3, NULL),
(570, 300, 3, NULL),
(571, 301, 3, NULL),
(572, 302, 3, NULL),
(573, 303, 3, NULL),
(574, 304, 3, NULL),
(575, 305, 3, NULL),
(576, 306, 3, NULL),
(577, 307, 3, NULL),
(578, 308, 3, NULL),
(579, 309, 3, NULL),
(580, 310, 3, NULL),
(581, 311, 3, NULL),
(582, 312, 3, NULL),
(583, 313, 3, NULL),
(584, 314, 3, NULL),
(585, 315, 3, NULL),
(586, 316, 3, NULL),
(587, 317, 3, NULL),
(588, 318, 3, NULL),
(589, 319, 3, NULL),
(590, 320, 3, NULL),
(591, 321, 3, NULL),
(592, 322, 3, NULL),
(593, 323, 3, NULL),
(594, 324, 3, NULL),
(595, 325, 3, NULL),
(596, 326, 3, NULL),
(597, 327, 3, NULL),
(598, 328, 3, NULL),
(599, 329, 3, NULL),
(600, 330, 3, NULL),
(601, 331, 3, NULL),
(602, 332, 3, NULL),
(603, 333, 3, NULL),
(604, 334, 3, NULL),
(605, 335, 3, NULL),
(606, 336, 3, NULL),
(607, 337, 3, NULL),
(608, 338, 3, NULL),
(609, 339, 3, NULL),
(610, 340, 3, NULL),
(611, 341, 3, NULL),
(612, 342, 3, NULL),
(613, 343, 3, NULL),
(614, 344, 3, NULL),
(615, 345, 3, NULL),
(616, 346, 3, NULL),
(617, 347, 3, NULL),
(618, 348, 3, NULL),
(619, 349, 3, NULL),
(620, 350, 3, NULL),
(621, 351, 3, NULL),
(622, 352, 3, NULL),
(623, 353, 3, NULL),
(624, 354, 3, NULL),
(625, 355, 3, NULL),
(626, 356, 3, NULL),
(627, 357, 3, NULL),
(628, 358, 3, NULL),
(629, 359, 3, NULL),
(630, 360, 3, NULL),
(631, 361, 3, NULL),
(632, 362, 3, NULL),
(633, 363, 3, NULL),
(634, 364, 3, NULL),
(635, 365, 3, NULL),
(636, 366, 3, NULL),
(637, 367, 3, NULL),
(638, 368, 3, NULL),
(639, 369, 3, NULL),
(640, 370, 3, NULL),
(641, 371, 3, NULL),
(642, 372, 3, NULL),
(643, 373, 3, NULL),
(644, 374, 3, NULL),
(645, 375, 3, NULL),
(646, 376, 3, NULL),
(647, 377, 3, NULL),
(648, 378, 3, NULL),
(649, 379, 3, NULL),
(650, 380, 3, NULL),
(651, 381, 3, NULL),
(652, 382, 3, NULL),
(653, 383, 3, NULL),
(654, 384, 3, NULL),
(655, 385, 3, NULL),
(656, 386, 3, NULL),
(657, 387, 3, NULL),
(658, 388, 3, NULL),
(659, 389, 3, NULL),
(660, 390, 3, NULL),
(661, 391, 3, NULL),
(662, 392, 3, NULL),
(663, 393, 3, NULL),
(664, 394, 3, NULL),
(665, 395, 3, NULL),
(666, 396, 3, NULL),
(667, 397, 3, NULL),
(668, 398, 3, NULL),
(669, 399, 3, NULL),
(670, 400, 3, NULL),
(671, 401, 3, NULL),
(672, 402, 3, NULL),
(673, 403, 3, NULL),
(674, 404, 3, NULL),
(675, 405, 3, NULL),
(676, 406, 3, NULL),
(677, 407, 3, NULL),
(678, 408, 3, NULL),
(679, 409, 3, NULL),
(680, 410, 3, NULL),
(681, 411, 3, NULL),
(682, 412, 3, NULL),
(683, 413, 3, NULL),
(684, 414, 3, NULL),
(685, 415, 3, NULL),
(686, 416, 3, NULL),
(687, 417, 3, NULL),
(688, 418, 3, NULL),
(689, 419, 3, NULL),
(690, 420, 3, NULL),
(691, 421, 3, NULL),
(692, 422, 3, NULL),
(693, 423, 3, NULL),
(694, 424, 3, NULL),
(695, 425, 3, NULL),
(696, 426, 3, NULL),
(697, 427, 3, NULL),
(698, 428, 3, NULL),
(699, 429, 3, NULL),
(700, 430, 3, NULL),
(701, 431, 3, NULL),
(702, 432, 3, NULL),
(703, 433, 3, NULL),
(704, 434, 3, NULL),
(705, 435, 3, NULL),
(706, 436, 3, NULL),
(707, 437, 3, NULL),
(708, 438, 3, NULL),
(709, 439, 3, NULL),
(710, 440, 3, NULL),
(711, 441, 3, NULL),
(712, 442, 3, NULL),
(713, 443, 3, NULL),
(714, 444, 3, NULL),
(715, 445, 3, NULL),
(716, 446, 3, NULL),
(717, 447, 3, NULL),
(718, 448, 3, NULL),
(719, 449, 3, NULL),
(720, 450, 3, NULL),
(721, 451, 3, NULL),
(722, 452, 3, NULL),
(723, 453, 3, NULL),
(724, 454, 3, NULL),
(725, 455, 3, NULL),
(726, 456, 3, NULL),
(727, 457, 3, NULL),
(728, 458, 3, NULL),
(729, 459, 3, NULL),
(730, 460, 3, NULL),
(731, 461, 3, NULL),
(732, 462, 3, NULL),
(733, 463, 3, NULL),
(734, 464, 3, NULL),
(735, 465, 3, NULL),
(736, 466, 3, NULL),
(737, 467, 3, NULL),
(738, 468, 3, NULL),
(739, 469, 3, NULL),
(740, 470, 3, NULL),
(741, 471, 3, NULL),
(742, 472, 3, NULL),
(743, 473, 3, NULL),
(744, 474, 3, NULL),
(745, 475, 3, NULL),
(746, 476, 3, NULL),
(747, 477, 3, NULL),
(748, 478, 3, NULL),
(749, 479, 3, NULL),
(750, 480, 3, NULL),
(751, 481, 3, NULL),
(752, 482, 3, NULL),
(753, 483, 3, NULL),
(754, 484, 3, NULL),
(755, 485, 3, NULL),
(756, 486, 3, NULL),
(757, 487, 3, NULL),
(758, 488, 3, NULL),
(759, 489, 3, NULL),
(760, 490, 3, NULL),
(761, 491, 3, NULL),
(762, 492, 3, NULL),
(763, 493, 3, NULL),
(764, 494, 3, NULL),
(765, 495, 3, NULL),
(766, 496, 3, NULL),
(767, 497, 3, NULL),
(768, 498, 3, NULL),
(769, 499, 3, NULL),
(770, 500, 3, NULL),
(771, 501, 3, NULL),
(772, 502, 3, NULL),
(773, 503, 3, NULL),
(774, 504, 3, NULL),
(775, 505, 3, NULL),
(776, 506, 3, NULL),
(777, 507, 3, NULL),
(778, 508, 3, NULL),
(779, 509, 3, NULL),
(780, 510, 3, NULL),
(781, 511, 3, NULL),
(782, 512, 3, NULL),
(783, 513, 3, NULL),
(784, 514, 3, NULL),
(785, 515, 3, NULL),
(786, 516, 3, NULL),
(787, 517, 3, NULL),
(788, 518, 3, NULL),
(789, 519, 3, NULL),
(790, 520, 3, NULL),
(791, 521, 3, NULL),
(792, 522, 3, NULL),
(793, 523, 3, NULL),
(794, 524, 3, NULL),
(795, 525, 3, NULL),
(796, 526, 3, NULL),
(797, 527, 3, NULL),
(798, 528, 3, NULL),
(799, 529, 3, NULL),
(800, 530, 3, NULL),
(801, 531, 3, NULL),
(802, 532, 3, NULL),
(803, 533, 3, NULL),
(804, 534, 3, NULL),
(805, 535, 3, NULL),
(806, 536, 3, NULL),
(807, 537, 3, NULL),
(808, 538, 3, NULL),
(809, 539, 3, NULL),
(810, 540, 3, NULL),
(811, 541, 3, NULL),
(812, 542, 3, NULL),
(813, 543, 3, NULL),
(814, 544, 3, NULL),
(815, 545, 3, NULL),
(816, 546, 3, NULL),
(817, 275, 4, 1),
(818, 276, 4, 2),
(819, 277, 4, 3),
(820, 278, 4, 4),
(821, 279, 4, 1),
(822, 280, 4, 2),
(823, 281, 4, 3),
(824, 282, 4, 4),
(825, 283, 4, 1),
(826, 284, 4, 2),
(827, 285, 4, 3),
(828, 286, 4, 4),
(829, 287, 4, 1),
(830, 288, 4, 2),
(831, 289, 4, 3),
(832, 290, 4, 4),
(833, 291, 4, 1),
(834, 292, 4, 2),
(835, 293, 4, 3),
(836, 294, 4, 4),
(837, 295, 4, 1),
(838, 296, 4, 2),
(839, 297, 4, 3),
(840, 298, 4, 4),
(841, 299, 4, 1),
(842, 300, 4, 2),
(843, 301, 4, 3),
(844, 302, 4, 4),
(845, 303, 4, 1),
(846, 304, 4, 2),
(847, 305, 4, 3),
(848, 306, 4, 4),
(849, 307, 4, 1),
(850, 308, 4, 2),
(851, 309, 4, 3),
(852, 310, 4, 4),
(853, 311, 4, 1),
(854, 312, 4, 2),
(855, 313, 4, 3),
(856, 314, 4, 4),
(857, 315, 4, 1),
(858, 316, 4, 2),
(859, 317, 4, 3),
(860, 318, 4, 4),
(861, 319, 4, 1),
(862, 320, 4, 2),
(863, 321, 4, 3),
(864, 322, 4, 4),
(865, 323, 4, 1),
(866, 324, 4, 2),
(867, 325, 4, 3),
(868, 326, 4, 4),
(869, 327, 4, 1),
(870, 328, 4, 2),
(871, 329, 4, 3),
(872, 330, 4, 4),
(873, 331, 4, 1),
(874, 332, 4, 2),
(875, 333, 4, 3),
(876, 334, 4, 4),
(877, 335, 4, 1),
(878, 336, 4, 2),
(879, 337, 4, 3),
(880, 338, 4, 4),
(881, 339, 4, 1),
(882, 340, 4, 2),
(883, 341, 4, 3),
(884, 342, 4, 4),
(885, 343, 4, 1),
(886, 344, 4, 2),
(887, 345, 4, 3),
(888, 346, 4, 4),
(889, 347, 4, 1),
(890, 348, 4, 2),
(891, 349, 4, 3),
(892, 350, 4, 4),
(893, 351, 4, 1),
(894, 352, 4, 2),
(895, 353, 4, 3),
(896, 354, 4, 4),
(897, 355, 4, 1),
(898, 356, 4, 2),
(899, 357, 4, 3),
(900, 358, 4, 4),
(901, 359, 4, 1),
(902, 360, 4, 2),
(903, 361, 4, 3),
(904, 362, 4, 4),
(905, 363, 4, 1),
(906, 364, 4, 2),
(907, 365, 4, 3),
(908, 366, 4, 4),
(909, 367, 4, 1),
(910, 368, 4, 2),
(911, 369, 4, 3),
(912, 370, 4, 4),
(913, 371, 4, 1),
(914, 372, 4, 2),
(915, 373, 4, 3),
(916, 374, 4, 4),
(917, 375, 4, 1),
(918, 376, 4, 2),
(919, 377, 4, 3),
(920, 378, 4, 4),
(921, 379, 4, 1),
(922, 380, 4, 2),
(923, 381, 4, 3),
(924, 382, 4, 4),
(925, 383, 4, 1),
(926, 384, 4, 2),
(927, 385, 4, 3),
(928, 386, 4, 4),
(929, 387, 4, 1),
(930, 388, 4, 2),
(931, 389, 4, 3),
(932, 390, 4, 4),
(933, 391, 4, 1),
(934, 392, 4, 2),
(935, 393, 4, 3),
(936, 394, 4, 4),
(937, 395, 4, 1),
(938, 396, 4, 2),
(939, 397, 4, 3),
(940, 398, 4, 4),
(941, 399, 4, 1),
(942, 400, 4, 2),
(943, 401, 4, 3),
(944, 402, 4, 4),
(945, 403, 4, 1),
(946, 404, 4, 2),
(947, 405, 4, 3),
(948, 406, 4, 4),
(949, 407, 4, 1),
(950, 408, 4, 2),
(951, 409, 4, 3),
(952, 410, 4, 4),
(953, 411, 4, 1),
(954, 412, 4, 2),
(955, 413, 4, 3),
(956, 414, 4, 4),
(957, 415, 4, 1),
(958, 416, 4, 2),
(959, 417, 4, 3),
(960, 418, 4, 4),
(961, 419, 4, 1),
(962, 420, 4, 2),
(963, 421, 4, 3),
(964, 422, 4, 4),
(965, 423, 4, 1),
(966, 424, 4, 2),
(967, 425, 4, 3),
(968, 426, 4, 4),
(969, 427, 4, 1),
(970, 428, 4, 2),
(971, 429, 4, 3),
(972, 430, 4, 4),
(973, 431, 4, 1),
(974, 432, 4, 2),
(975, 433, 4, 3),
(976, 434, 4, 4),
(977, 435, 4, 1),
(978, 436, 4, 2),
(979, 437, 4, 3),
(980, 438, 4, 4),
(981, 439, 4, 1),
(982, 440, 4, 2),
(983, 441, 4, 3),
(984, 442, 4, 4),
(985, 443, 4, 1),
(986, 444, 4, 2),
(987, 445, 4, 3),
(988, 446, 4, 4),
(989, 447, 4, 1),
(990, 448, 4, 2),
(991, 449, 4, 3),
(992, 450, 4, 4),
(993, 451, 4, 1),
(994, 452, 4, 2),
(995, 453, 4, 3),
(996, 454, 4, 4),
(997, 455, 4, 1),
(998, 456, 4, 2),
(999, 457, 4, 3),
(1000, 458, 4, 4),
(1001, 459, 4, 1),
(1002, 460, 4, 2),
(1003, 461, 4, 3),
(1004, 462, 4, 4),
(1005, 463, 4, 1),
(1006, 464, 4, 2),
(1007, 465, 4, 3),
(1008, 466, 4, 4),
(1009, 467, 4, 1),
(1010, 468, 4, 2),
(1011, 469, 4, 3),
(1012, 470, 4, 4),
(1013, 471, 4, 1),
(1014, 472, 4, 2),
(1015, 473, 4, 3),
(1016, 474, 4, 4),
(1017, 475, 4, 1),
(1018, 476, 4, 2),
(1019, 477, 4, 3),
(1020, 478, 4, 4),
(1021, 479, 4, 1),
(1022, 480, 4, 2),
(1023, 481, 4, 3),
(1024, 482, 4, 4),
(1025, 483, 4, 1),
(1026, 484, 4, 2),
(1027, 485, 4, 3),
(1028, 486, 4, 4),
(1029, 487, 4, 1),
(1030, 488, 4, 2),
(1031, 489, 4, 3),
(1032, 490, 4, 4),
(1033, 491, 4, 1),
(1034, 492, 4, 2),
(1035, 493, 4, 3),
(1036, 494, 4, 4),
(1037, 495, 4, 1),
(1038, 496, 4, 2),
(1039, 497, 4, 3),
(1040, 498, 4, 4),
(1041, 499, 4, 1),
(1042, 500, 4, 2),
(1043, 501, 4, 3),
(1044, 502, 4, 4),
(1045, 503, 4, 1),
(1046, 504, 4, 2),
(1047, 505, 4, 3),
(1048, 506, 4, 4),
(1049, 507, 4, 1),
(1050, 508, 4, 2),
(1051, 509, 4, 3),
(1052, 510, 4, 4),
(1053, 511, 4, 1),
(1054, 512, 4, 2),
(1055, 513, 4, 3),
(1056, 514, 4, 4),
(1057, 515, 4, 1),
(1058, 516, 4, 2),
(1059, 517, 4, 3),
(1060, 518, 4, 4),
(1061, 519, 4, 1),
(1062, 520, 4, 2),
(1063, 521, 4, 3),
(1064, 522, 4, 4),
(1065, 523, 4, 1),
(1066, 524, 4, 2),
(1067, 525, 4, 3),
(1068, 526, 4, 4),
(1069, 527, 4, 1),
(1070, 528, 4, 2),
(1071, 529, 4, 3),
(1072, 530, 4, 4),
(1073, 531, 4, 1),
(1074, 532, 4, 2),
(1075, 533, 4, 3),
(1076, 534, 4, 4),
(1077, 535, 4, 1),
(1078, 536, 4, 2),
(1079, 537, 4, 3),
(1080, 538, 4, 4),
(1081, 539, 4, 1),
(1082, 540, 4, 2),
(1083, 541, 4, 3),
(1084, 542, 4, 4),
(1085, 543, 4, 1),
(1086, 544, 4, 2),
(1087, 545, 4, 3),
(1088, 546, 4, 4),
(1089, 547, 5, NULL),
(1090, 548, 5, NULL),
(1091, 549, 5, NULL),
(1092, 553, 5, NULL),
(1093, 554, 5, NULL),
(1094, 555, 5, NULL),
(1095, 559, 5, NULL),
(1096, 560, 5, NULL),
(1097, 561, 5, NULL),
(1098, 565, 5, NULL),
(1099, 566, 5, NULL),
(1100, 567, 5, NULL),
(1101, 571, 5, NULL),
(1102, 572, 5, NULL),
(1103, 573, 5, NULL),
(1104, 577, 5, NULL),
(1105, 578, 5, NULL),
(1106, 579, 5, NULL),
(1107, 583, 5, NULL),
(1108, 584, 5, NULL),
(1109, 585, 5, NULL),
(1110, 589, 5, NULL),
(1111, 590, 5, NULL),
(1112, 591, 5, NULL),
(1113, 595, 5, NULL),
(1114, 596, 5, NULL),
(1115, 597, 5, NULL),
(1116, 601, 5, NULL),
(1117, 602, 5, NULL),
(1118, 603, 5, NULL),
(1119, 607, 5, NULL),
(1120, 608, 5, NULL),
(1121, 609, 5, NULL),
(1122, 613, 5, NULL),
(1123, 614, 5, NULL),
(1124, 615, 5, NULL),
(1125, 619, 5, NULL),
(1126, 620, 5, NULL),
(1127, 621, 5, NULL),
(1128, 625, 5, NULL),
(1129, 626, 5, NULL),
(1130, 627, 5, NULL),
(1131, 631, 5, NULL),
(1132, 632, 5, NULL),
(1133, 633, 5, NULL),
(1134, 637, 5, NULL),
(1135, 638, 5, NULL),
(1136, 639, 5, NULL),
(1137, 643, 5, NULL),
(1138, 644, 5, NULL),
(1139, 645, 5, NULL),
(1140, 649, 5, NULL),
(1141, 650, 5, NULL),
(1142, 651, 5, NULL),
(1143, 655, 5, NULL),
(1144, 656, 5, NULL),
(1145, 657, 5, NULL),
(1146, 661, 5, NULL),
(1147, 662, 5, NULL),
(1148, 663, 5, NULL),
(1149, 667, 5, NULL),
(1150, 668, 5, NULL),
(1151, 669, 5, NULL),
(1152, 673, 5, NULL),
(1153, 674, 5, NULL),
(1154, 675, 5, NULL),
(1155, 679, 5, NULL),
(1156, 680, 5, NULL),
(1157, 681, 5, NULL),
(1158, 685, 5, NULL),
(1159, 686, 5, NULL),
(1160, 687, 5, NULL),
(1161, 691, 5, NULL),
(1162, 692, 5, NULL),
(1163, 693, 5, NULL),
(1164, 697, 5, NULL),
(1165, 698, 5, NULL),
(1166, 699, 5, NULL),
(1167, 703, 5, NULL),
(1168, 704, 5, NULL),
(1169, 705, 5, NULL),
(1170, 709, 5, NULL),
(1171, 710, 5, NULL),
(1172, 711, 5, NULL),
(1173, 715, 5, NULL),
(1174, 716, 5, NULL),
(1175, 717, 5, NULL),
(1176, 721, 5, NULL),
(1177, 722, 5, NULL),
(1178, 723, 5, NULL),
(1179, 727, 5, NULL),
(1180, 728, 5, NULL),
(1181, 729, 5, NULL),
(1182, 733, 5, NULL),
(1183, 734, 5, NULL),
(1184, 735, 5, NULL),
(1185, 739, 5, NULL),
(1186, 740, 5, NULL),
(1187, 741, 5, NULL),
(1188, 745, 5, NULL),
(1189, 746, 5, NULL),
(1190, 747, 5, NULL),
(1191, 751, 5, NULL),
(1192, 752, 5, NULL),
(1193, 753, 5, NULL),
(1194, 757, 5, NULL),
(1195, 758, 5, NULL),
(1196, 759, 5, NULL),
(1197, 763, 5, NULL),
(1198, 764, 5, NULL),
(1199, 765, 5, NULL),
(1200, 769, 5, NULL),
(1201, 770, 5, NULL),
(1202, 771, 5, NULL),
(1203, 775, 5, NULL),
(1204, 776, 5, NULL),
(1205, 777, 5, NULL),
(1206, 781, 5, NULL),
(1207, 782, 5, NULL),
(1208, 783, 5, NULL),
(1209, 787, 5, NULL),
(1210, 788, 5, NULL),
(1211, 789, 5, NULL),
(1212, 793, 5, NULL),
(1213, 794, 5, NULL),
(1214, 795, 5, NULL),
(1215, 799, 5, NULL),
(1216, 800, 5, NULL),
(1217, 801, 5, NULL),
(1218, 805, 5, NULL),
(1219, 806, 5, NULL),
(1220, 807, 5, NULL),
(1221, 811, 5, NULL),
(1222, 812, 5, NULL),
(1223, 813, 5, NULL),
(1224, 817, 5, NULL),
(1225, 818, 5, NULL),
(1226, 819, 5, NULL),
(1227, 547, 6, NULL),
(1228, 548, 6, NULL),
(1229, 549, 6, NULL),
(1230, 550, 6, NULL),
(1231, 551, 6, NULL),
(1232, 552, 6, NULL),
(1233, 553, 6, NULL),
(1234, 554, 6, NULL),
(1235, 555, 6, NULL),
(1236, 556, 6, NULL),
(1237, 557, 6, NULL),
(1238, 558, 6, NULL),
(1239, 559, 6, NULL),
(1240, 560, 6, NULL),
(1241, 561, 6, NULL),
(1242, 562, 6, NULL),
(1243, 563, 6, NULL),
(1244, 564, 6, NULL),
(1245, 565, 6, NULL),
(1246, 566, 6, NULL),
(1247, 567, 6, NULL),
(1248, 568, 6, NULL),
(1249, 569, 6, NULL),
(1250, 570, 6, NULL),
(1251, 571, 6, NULL),
(1252, 572, 6, NULL),
(1253, 573, 6, NULL),
(1254, 574, 6, NULL),
(1255, 575, 6, NULL),
(1256, 576, 6, NULL),
(1257, 577, 6, NULL),
(1258, 578, 6, NULL),
(1259, 579, 6, NULL),
(1260, 580, 6, NULL),
(1261, 581, 6, NULL),
(1262, 582, 6, NULL),
(1263, 583, 6, NULL),
(1264, 584, 6, NULL),
(1265, 585, 6, NULL),
(1266, 586, 6, NULL),
(1267, 587, 6, NULL),
(1268, 588, 6, NULL),
(1269, 589, 6, NULL),
(1270, 590, 6, NULL),
(1271, 591, 6, NULL),
(1272, 592, 6, NULL),
(1273, 593, 6, NULL),
(1274, 594, 6, NULL),
(1275, 595, 6, NULL),
(1276, 596, 6, NULL),
(1277, 597, 6, NULL),
(1278, 598, 6, NULL),
(1279, 599, 6, NULL),
(1280, 600, 6, NULL),
(1281, 601, 6, NULL),
(1282, 602, 6, NULL),
(1283, 603, 6, NULL),
(1284, 604, 6, NULL),
(1285, 605, 6, NULL),
(1286, 606, 6, NULL),
(1287, 607, 6, NULL),
(1288, 608, 6, NULL),
(1289, 609, 6, NULL),
(1290, 610, 6, NULL),
(1291, 611, 6, NULL),
(1292, 612, 6, NULL),
(1293, 613, 6, NULL),
(1294, 614, 6, NULL),
(1295, 615, 6, NULL),
(1296, 616, 6, NULL),
(1297, 617, 6, NULL),
(1298, 618, 6, NULL),
(1299, 619, 6, NULL),
(1300, 620, 6, NULL),
(1301, 621, 6, NULL),
(1302, 622, 6, NULL),
(1303, 623, 6, NULL),
(1304, 624, 6, NULL),
(1305, 625, 6, NULL),
(1306, 626, 6, NULL),
(1307, 627, 6, NULL),
(1308, 628, 6, NULL),
(1309, 629, 6, NULL),
(1310, 630, 6, NULL),
(1311, 631, 6, NULL),
(1312, 632, 6, NULL),
(1313, 633, 6, NULL),
(1314, 634, 6, NULL),
(1315, 635, 6, NULL),
(1316, 636, 6, NULL),
(1317, 637, 6, NULL),
(1318, 638, 6, NULL),
(1319, 639, 6, NULL),
(1320, 640, 6, NULL),
(1321, 641, 6, NULL),
(1322, 642, 6, NULL),
(1323, 643, 6, NULL),
(1324, 644, 6, NULL),
(1325, 645, 6, NULL),
(1326, 646, 6, NULL),
(1327, 647, 6, NULL),
(1328, 648, 6, NULL),
(1329, 649, 6, NULL),
(1330, 650, 6, NULL),
(1331, 651, 6, NULL),
(1332, 652, 6, NULL),
(1333, 653, 6, NULL),
(1334, 654, 6, NULL),
(1335, 655, 6, NULL),
(1336, 656, 6, NULL),
(1337, 657, 6, NULL),
(1338, 658, 6, NULL),
(1339, 659, 6, NULL),
(1340, 660, 6, NULL),
(1341, 661, 6, NULL),
(1342, 662, 6, NULL),
(1343, 663, 6, NULL),
(1344, 664, 6, NULL),
(1345, 665, 6, NULL),
(1346, 666, 6, NULL),
(1347, 667, 6, NULL),
(1348, 668, 6, NULL),
(1349, 669, 6, NULL),
(1350, 670, 6, NULL),
(1351, 671, 6, NULL),
(1352, 672, 6, NULL),
(1353, 673, 6, NULL),
(1354, 674, 6, NULL),
(1355, 675, 6, NULL),
(1356, 676, 6, NULL),
(1357, 677, 6, NULL),
(1358, 678, 6, NULL),
(1359, 679, 6, NULL),
(1360, 680, 6, NULL),
(1361, 681, 6, NULL),
(1362, 682, 6, NULL),
(1363, 683, 6, NULL),
(1364, 684, 6, NULL),
(1365, 685, 6, NULL),
(1366, 686, 6, NULL),
(1367, 687, 6, NULL),
(1368, 688, 6, NULL),
(1369, 689, 6, NULL),
(1370, 690, 6, NULL),
(1371, 691, 6, NULL),
(1372, 692, 6, NULL),
(1373, 693, 6, NULL),
(1374, 694, 6, NULL),
(1375, 695, 6, NULL),
(1376, 696, 6, NULL),
(1377, 697, 6, NULL),
(1378, 698, 6, NULL),
(1379, 699, 6, NULL),
(1380, 700, 6, NULL),
(1381, 701, 6, NULL),
(1382, 702, 6, NULL),
(1383, 703, 6, NULL),
(1384, 704, 6, NULL),
(1385, 705, 6, NULL),
(1386, 706, 6, NULL),
(1387, 707, 6, NULL),
(1388, 708, 6, NULL),
(1389, 709, 6, NULL),
(1390, 710, 6, NULL),
(1391, 711, 6, NULL),
(1392, 712, 6, NULL),
(1393, 713, 6, NULL),
(1394, 714, 6, NULL),
(1395, 715, 6, NULL),
(1396, 716, 6, NULL),
(1397, 717, 6, NULL),
(1398, 718, 6, NULL),
(1399, 719, 6, NULL),
(1400, 720, 6, NULL),
(1401, 721, 6, NULL),
(1402, 722, 6, NULL),
(1403, 723, 6, NULL),
(1404, 724, 6, NULL),
(1405, 725, 6, NULL),
(1406, 726, 6, NULL),
(1407, 727, 6, NULL),
(1408, 728, 6, NULL),
(1409, 729, 6, NULL),
(1410, 730, 6, NULL),
(1411, 731, 6, NULL),
(1412, 732, 6, NULL),
(1413, 733, 6, NULL),
(1414, 734, 6, NULL),
(1415, 735, 6, NULL),
(1416, 736, 6, NULL),
(1417, 737, 6, NULL),
(1418, 738, 6, NULL),
(1419, 739, 6, NULL),
(1420, 740, 6, NULL),
(1421, 741, 6, NULL),
(1422, 742, 6, NULL),
(1423, 743, 6, NULL),
(1424, 744, 6, NULL),
(1425, 745, 6, NULL),
(1426, 746, 6, NULL),
(1427, 747, 6, NULL),
(1428, 748, 6, NULL),
(1429, 749, 6, NULL),
(1430, 750, 6, NULL),
(1431, 751, 6, NULL),
(1432, 752, 6, NULL),
(1433, 753, 6, NULL),
(1434, 754, 6, NULL),
(1435, 755, 6, NULL),
(1436, 756, 6, NULL),
(1437, 757, 6, NULL),
(1438, 758, 6, NULL),
(1439, 759, 6, NULL),
(1440, 760, 6, NULL),
(1441, 761, 6, NULL),
(1442, 762, 6, NULL),
(1443, 763, 6, NULL),
(1444, 764, 6, NULL),
(1445, 765, 6, NULL),
(1446, 766, 6, NULL),
(1447, 767, 6, NULL),
(1448, 768, 6, NULL),
(1449, 769, 6, NULL),
(1450, 770, 6, NULL),
(1451, 771, 6, NULL),
(1452, 772, 6, NULL),
(1453, 773, 6, NULL),
(1454, 774, 6, NULL),
(1455, 775, 6, NULL),
(1456, 776, 6, NULL),
(1457, 777, 6, NULL),
(1458, 778, 6, NULL),
(1459, 779, 6, NULL),
(1460, 780, 6, NULL),
(1461, 781, 6, NULL),
(1462, 782, 6, NULL),
(1463, 783, 6, NULL),
(1464, 784, 6, NULL),
(1465, 785, 6, NULL),
(1466, 786, 6, NULL),
(1467, 787, 6, NULL),
(1468, 788, 6, NULL),
(1469, 789, 6, NULL),
(1470, 790, 6, NULL),
(1471, 791, 6, NULL),
(1472, 792, 6, NULL),
(1473, 793, 6, NULL),
(1474, 794, 6, NULL),
(1475, 795, 6, NULL),
(1476, 796, 6, NULL),
(1477, 797, 6, NULL),
(1478, 798, 6, NULL),
(1479, 799, 6, NULL),
(1480, 800, 6, NULL),
(1481, 801, 6, NULL),
(1482, 802, 6, NULL),
(1483, 803, 6, NULL),
(1484, 804, 6, NULL),
(1485, 805, 6, NULL),
(1486, 806, 6, NULL),
(1487, 807, 6, NULL),
(1488, 808, 6, NULL),
(1489, 809, 6, NULL),
(1490, 810, 6, NULL),
(1491, 811, 6, NULL),
(1492, 812, 6, NULL),
(1493, 813, 6, NULL),
(1494, 814, 6, NULL),
(1495, 815, 6, NULL),
(1496, 816, 6, NULL),
(1497, 817, 6, NULL),
(1498, 818, 6, NULL),
(1499, 819, 6, NULL),
(1500, 550, 7, NULL),
(1501, 551, 7, NULL),
(1502, 556, 7, NULL),
(1503, 557, 7, NULL),
(1504, 562, 7, NULL),
(1505, 563, 7, NULL),
(1506, 568, 7, NULL),
(1507, 569, 7, NULL),
(1508, 574, 7, NULL),
(1509, 575, 7, NULL),
(1510, 580, 7, NULL),
(1511, 581, 7, NULL),
(1512, 586, 7, NULL),
(1513, 587, 7, NULL),
(1514, 592, 7, NULL),
(1515, 593, 7, NULL),
(1516, 598, 7, NULL),
(1517, 599, 7, NULL),
(1518, 604, 7, NULL),
(1519, 605, 7, NULL),
(1520, 610, 7, NULL),
(1521, 611, 7, NULL),
(1522, 616, 7, NULL),
(1523, 617, 7, NULL),
(1524, 622, 7, NULL),
(1525, 623, 7, NULL),
(1526, 628, 7, NULL),
(1527, 629, 7, NULL),
(1528, 634, 7, NULL),
(1529, 635, 7, NULL),
(1530, 640, 7, NULL),
(1531, 641, 7, NULL),
(1532, 646, 7, NULL),
(1533, 647, 7, NULL),
(1534, 652, 7, NULL),
(1535, 653, 7, NULL),
(1536, 658, 7, NULL),
(1537, 659, 7, NULL),
(1538, 664, 7, NULL),
(1539, 665, 7, NULL),
(1540, 670, 7, NULL),
(1541, 671, 7, NULL),
(1542, 676, 7, NULL),
(1543, 677, 7, NULL),
(1544, 682, 7, NULL),
(1545, 683, 7, NULL),
(1546, 688, 7, NULL),
(1547, 689, 7, NULL),
(1548, 694, 7, NULL),
(1549, 695, 7, NULL),
(1550, 700, 7, NULL),
(1551, 701, 7, NULL),
(1552, 706, 7, NULL),
(1553, 707, 7, NULL),
(1554, 712, 7, NULL),
(1555, 713, 7, NULL),
(1556, 718, 7, NULL),
(1557, 719, 7, NULL),
(1558, 724, 7, NULL),
(1559, 725, 7, NULL),
(1560, 730, 7, NULL),
(1561, 731, 7, NULL),
(1562, 736, 7, NULL),
(1563, 737, 7, NULL),
(1564, 742, 7, NULL),
(1565, 743, 7, NULL),
(1566, 748, 7, NULL),
(1567, 749, 7, NULL),
(1568, 754, 7, NULL),
(1569, 755, 7, NULL),
(1570, 760, 7, NULL),
(1571, 761, 7, NULL),
(1572, 766, 7, NULL),
(1573, 767, 7, NULL),
(1574, 772, 7, NULL),
(1575, 773, 7, NULL),
(1576, 778, 7, NULL),
(1577, 779, 7, NULL),
(1578, 784, 7, NULL),
(1579, 785, 7, NULL),
(1580, 790, 7, NULL),
(1581, 791, 7, NULL),
(1582, 796, 7, NULL),
(1583, 797, 7, NULL),
(1584, 802, 7, NULL),
(1585, 803, 7, NULL),
(1586, 808, 7, NULL),
(1587, 809, 7, NULL),
(1588, 814, 7, NULL),
(1589, 815, 7, NULL),
(1590, 547, 7, NULL),
(1591, 553, 7, NULL),
(1592, 559, 7, NULL),
(1593, 565, 7, NULL),
(1594, 571, 7, NULL),
(1595, 577, 7, NULL),
(1596, 583, 7, NULL),
(1597, 589, 7, NULL),
(1598, 595, 7, NULL),
(1599, 601, 7, NULL),
(1600, 607, 7, NULL),
(1601, 613, 7, NULL),
(1602, 619, 7, NULL),
(1603, 625, 7, NULL),
(1604, 631, 7, NULL),
(1605, 637, 7, NULL),
(1606, 643, 7, NULL),
(1607, 649, 7, NULL),
(1608, 655, 7, NULL),
(1609, 661, 7, NULL),
(1610, 667, 7, NULL),
(1611, 673, 7, NULL),
(1612, 679, 7, NULL),
(1613, 685, 7, NULL),
(1614, 691, 7, NULL),
(1615, 697, 7, NULL),
(1616, 703, 7, NULL),
(1617, 709, 7, NULL),
(1618, 715, 7, NULL),
(1619, 721, 7, NULL),
(1620, 727, 7, NULL),
(1621, 733, 7, NULL),
(1622, 739, 7, NULL),
(1623, 745, 7, NULL),
(1624, 751, 7, NULL),
(1625, 757, 7, NULL),
(1626, 763, 7, NULL),
(1627, 769, 7, NULL),
(1628, 775, 7, NULL),
(1629, 781, 7, NULL),
(1630, 787, 7, NULL),
(1631, 793, 7, NULL),
(1632, 799, 7, NULL),
(1633, 805, 7, NULL),
(1634, 811, 7, NULL),
(1635, 552, 8, NULL),
(1636, 558, 8, NULL),
(1637, 564, 8, NULL),
(1638, 570, 8, NULL),
(1639, 576, 8, NULL),
(1640, 582, 8, NULL),
(1641, 588, 8, NULL),
(1642, 594, 8, NULL),
(1643, 600, 8, NULL),
(1644, 606, 8, NULL),
(1645, 612, 8, NULL),
(1646, 618, 8, NULL),
(1647, 624, 8, NULL),
(1648, 630, 8, NULL),
(1649, 636, 8, NULL),
(1650, 642, 8, NULL),
(1651, 648, 8, NULL),
(1652, 654, 8, NULL),
(1653, 660, 8, NULL),
(1654, 666, 8, NULL),
(1655, 672, 8, NULL),
(1656, 678, 8, NULL),
(1657, 684, 8, NULL),
(1658, 690, 8, NULL),
(1659, 696, 8, NULL),
(1660, 702, 8, NULL),
(1661, 708, 8, NULL),
(1662, 714, 8, NULL),
(1663, 720, 8, NULL),
(1664, 726, 8, NULL),
(1665, 732, 8, NULL),
(1666, 738, 8, NULL),
(1667, 744, 8, NULL),
(1668, 750, 8, NULL),
(1669, 756, 8, NULL),
(1670, 762, 8, NULL),
(1671, 768, 8, NULL),
(1672, 774, 8, NULL),
(1673, 780, 8, NULL),
(1674, 786, 8, NULL),
(1675, 792, 8, NULL),
(1676, 798, 8, NULL),
(1677, 804, 8, NULL),
(1678, 810, 8, NULL),
(1679, 816, 8, NULL),
(1680, 548, 8, NULL),
(1681, 550, 8, NULL),
(1682, 554, 8, NULL),
(1683, 556, 8, NULL),
(1684, 560, 8, NULL),
(1685, 562, 8, NULL),
(1686, 566, 8, NULL),
(1687, 568, 8, NULL),
(1688, 572, 8, NULL),
(1689, 574, 8, NULL),
(1690, 578, 8, NULL),
(1691, 580, 8, NULL),
(1692, 584, 8, NULL),
(1693, 586, 8, NULL),
(1694, 590, 8, NULL),
(1695, 592, 8, NULL),
(1696, 596, 8, NULL),
(1697, 598, 8, NULL),
(1698, 602, 8, NULL),
(1699, 604, 8, NULL),
(1700, 608, 8, NULL),
(1701, 610, 8, NULL),
(1702, 614, 8, NULL),
(1703, 616, 8, NULL),
(1704, 620, 8, NULL),
(1705, 622, 8, NULL),
(1706, 626, 8, NULL),
(1707, 628, 8, NULL),
(1708, 632, 8, NULL),
(1709, 634, 8, NULL),
(1710, 638, 8, NULL),
(1711, 640, 8, NULL),
(1712, 644, 8, NULL),
(1713, 646, 8, NULL),
(1714, 650, 8, NULL),
(1715, 652, 8, NULL),
(1716, 656, 8, NULL),
(1717, 658, 8, NULL),
(1718, 662, 8, NULL),
(1719, 664, 8, NULL),
(1720, 668, 8, NULL),
(1721, 670, 8, NULL),
(1722, 674, 8, NULL),
(1723, 676, 8, NULL),
(1724, 680, 8, NULL),
(1725, 682, 8, NULL),
(1726, 686, 8, NULL),
(1727, 688, 8, NULL),
(1728, 692, 8, NULL),
(1729, 694, 8, NULL),
(1730, 698, 8, NULL),
(1731, 700, 8, NULL),
(1732, 704, 8, NULL),
(1733, 706, 8, NULL),
(1734, 710, 8, NULL),
(1735, 712, 8, NULL),
(1736, 716, 8, NULL),
(1737, 718, 8, NULL),
(1738, 722, 8, NULL),
(1739, 724, 8, NULL),
(1740, 728, 8, NULL),
(1741, 730, 8, NULL),
(1742, 734, 8, NULL),
(1743, 736, 8, NULL),
(1744, 740, 8, NULL),
(1745, 742, 8, NULL),
(1746, 746, 8, NULL),
(1747, 748, 8, NULL),
(1748, 752, 8, NULL),
(1749, 754, 8, NULL),
(1750, 758, 8, NULL),
(1751, 760, 8, NULL),
(1752, 764, 8, NULL),
(1753, 766, 8, NULL),
(1754, 770, 8, NULL),
(1755, 772, 8, NULL),
(1756, 776, 8, NULL),
(1757, 778, 8, NULL),
(1758, 782, 8, NULL),
(1759, 784, 8, NULL),
(1760, 788, 8, NULL),
(1761, 790, 8, NULL),
(1762, 794, 8, NULL),
(1763, 796, 8, NULL),
(1764, 800, 8, NULL),
(1765, 802, 8, NULL),
(1766, 806, 8, NULL),
(1767, 808, 8, NULL),
(1768, 812, 8, NULL),
(1769, 814, 8, NULL),
(1770, 817, 8, NULL),
(1771, 549, 9, NULL),
(1772, 551, 9, NULL),
(1773, 552, 9, NULL),
(1774, 555, 9, NULL),
(1775, 557, 9, NULL),
(1776, 558, 9, NULL),
(1777, 561, 9, NULL),
(1778, 563, 9, NULL),
(1779, 564, 9, NULL),
(1780, 567, 9, NULL),
(1781, 569, 9, NULL),
(1782, 570, 9, NULL),
(1783, 573, 9, NULL),
(1784, 575, 9, NULL),
(1785, 576, 9, NULL),
(1786, 579, 9, NULL),
(1787, 581, 9, NULL),
(1788, 582, 9, NULL),
(1789, 585, 9, NULL),
(1790, 587, 9, NULL),
(1791, 588, 9, NULL),
(1792, 591, 9, NULL),
(1793, 593, 9, NULL),
(1794, 594, 9, NULL),
(1795, 597, 9, NULL),
(1796, 599, 9, NULL),
(1797, 600, 9, NULL),
(1798, 603, 9, NULL),
(1799, 605, 9, NULL),
(1800, 606, 9, NULL),
(1801, 609, 9, NULL),
(1802, 611, 9, NULL),
(1803, 612, 9, NULL),
(1804, 615, 9, NULL),
(1805, 617, 9, NULL),
(1806, 618, 9, NULL),
(1807, 621, 9, NULL),
(1808, 623, 9, NULL),
(1809, 624, 9, NULL),
(1810, 627, 9, NULL),
(1811, 629, 9, NULL),
(1812, 630, 9, NULL),
(1813, 633, 9, NULL),
(1814, 635, 9, NULL),
(1815, 636, 9, NULL),
(1816, 639, 9, NULL),
(1817, 641, 9, NULL),
(1818, 642, 9, NULL),
(1819, 645, 9, NULL),
(1820, 647, 9, NULL),
(1821, 648, 9, NULL),
(1822, 651, 9, NULL),
(1823, 653, 9, NULL),
(1824, 654, 9, NULL),
(1825, 657, 9, NULL),
(1826, 659, 9, NULL),
(1827, 660, 9, NULL),
(1828, 663, 9, NULL),
(1829, 665, 9, NULL),
(1830, 666, 9, NULL),
(1831, 669, 9, NULL),
(1832, 671, 9, NULL),
(1833, 672, 9, NULL),
(1834, 675, 9, NULL),
(1835, 677, 9, NULL),
(1836, 678, 9, NULL),
(1837, 681, 9, NULL),
(1838, 683, 9, NULL),
(1839, 684, 9, NULL),
(1840, 687, 9, NULL),
(1841, 689, 9, NULL),
(1842, 690, 9, NULL),
(1843, 693, 9, NULL),
(1844, 695, 9, NULL),
(1845, 696, 9, NULL),
(1846, 699, 9, NULL),
(1847, 701, 9, NULL),
(1848, 702, 9, NULL),
(1849, 705, 9, NULL),
(1850, 707, 9, NULL),
(1851, 708, 9, NULL),
(1852, 711, 9, NULL),
(1853, 713, 9, NULL),
(1854, 714, 9, NULL),
(1855, 717, 9, NULL),
(1856, 719, 9, NULL),
(1857, 720, 9, NULL),
(1858, 723, 9, NULL),
(1859, 725, 9, NULL),
(1860, 726, 9, NULL),
(1861, 729, 9, NULL),
(1862, 731, 9, NULL),
(1863, 732, 9, NULL),
(1864, 735, 9, NULL),
(1865, 737, 9, NULL),
(1866, 738, 9, NULL),
(1867, 741, 9, NULL),
(1868, 743, 9, NULL),
(1869, 744, 9, NULL),
(1870, 747, 9, NULL),
(1871, 749, 9, NULL),
(1872, 750, 9, NULL),
(1873, 753, 9, NULL),
(1874, 755, 9, NULL),
(1875, 756, 9, NULL),
(1876, 759, 9, NULL),
(1877, 761, 9, NULL),
(1878, 762, 9, NULL),
(1879, 765, 9, NULL),
(1880, 767, 9, NULL),
(1881, 768, 9, NULL),
(1882, 771, 9, NULL),
(1883, 773, 9, NULL),
(1884, 774, 9, NULL),
(1885, 777, 9, NULL),
(1886, 779, 9, NULL),
(1887, 780, 9, NULL),
(1888, 783, 9, NULL),
(1889, 785, 9, NULL),
(1890, 786, 9, NULL),
(1891, 789, 9, NULL),
(1892, 791, 9, NULL),
(1893, 792, 9, NULL),
(1894, 795, 9, NULL),
(1895, 797, 9, NULL),
(1896, 798, 9, NULL),
(1897, 801, 9, NULL),
(1898, 803, 9, NULL),
(1899, 804, 9, NULL),
(1900, 807, 9, NULL),
(1901, 809, 9, NULL),
(1902, 810, 9, NULL),
(1903, 813, 9, NULL),
(1904, 815, 9, NULL),
(1905, 816, 9, NULL),
(1906, 818, 9, NULL),
(1907, 819, 9, NULL),
(1908, 547, 10, NULL),
(1909, 548, 10, NULL),
(1910, 549, 10, NULL),
(1911, 550, 10, NULL),
(1912, 551, 10, NULL),
(1913, 552, 10, NULL),
(1914, 553, 10, NULL),
(1915, 554, 10, NULL),
(1916, 555, 10, NULL),
(1917, 556, 10, NULL),
(1918, 557, 10, NULL),
(1919, 558, 10, NULL),
(1920, 559, 10, NULL),
(1921, 560, 10, NULL),
(1922, 561, 10, NULL),
(1923, 562, 10, NULL),
(1924, 563, 10, NULL),
(1925, 564, 10, NULL),
(1926, 565, 10, NULL),
(1927, 566, 10, NULL),
(1928, 567, 10, NULL),
(1929, 568, 10, NULL),
(1930, 569, 10, NULL),
(1931, 570, 10, NULL),
(1932, 571, 10, NULL),
(1933, 572, 10, NULL),
(1934, 573, 10, NULL),
(1935, 574, 10, NULL),
(1936, 575, 10, NULL),
(1937, 576, 10, NULL),
(1938, 577, 10, NULL),
(1939, 578, 10, NULL),
(1940, 579, 10, NULL),
(1941, 580, 10, NULL),
(1942, 581, 10, NULL),
(1943, 582, 10, NULL),
(1944, 583, 10, NULL),
(1945, 584, 10, NULL),
(1946, 585, 10, NULL),
(1947, 586, 10, NULL),
(1948, 587, 10, NULL),
(1949, 588, 10, NULL),
(1950, 589, 10, NULL),
(1951, 590, 10, NULL),
(1952, 591, 10, NULL),
(1953, 592, 10, NULL),
(1954, 593, 10, NULL),
(1955, 594, 10, NULL),
(1956, 595, 10, NULL),
(1957, 596, 10, NULL),
(1958, 597, 10, NULL),
(1959, 598, 10, NULL),
(1960, 599, 10, NULL),
(1961, 600, 10, NULL),
(1962, 601, 10, NULL),
(1963, 602, 10, NULL),
(1964, 603, 10, NULL),
(1965, 604, 10, NULL),
(1966, 605, 10, NULL),
(1967, 606, 10, NULL),
(1968, 607, 10, NULL),
(1969, 608, 10, NULL),
(1970, 609, 10, NULL),
(1971, 610, 10, NULL),
(1972, 611, 10, NULL),
(1973, 612, 10, NULL),
(1974, 613, 10, NULL),
(1975, 614, 10, NULL),
(1976, 615, 10, NULL),
(1977, 616, 10, NULL),
(1978, 617, 10, NULL),
(1979, 618, 10, NULL),
(1980, 619, 10, NULL),
(1981, 620, 10, NULL),
(1982, 621, 10, NULL),
(1983, 622, 10, NULL),
(1984, 623, 10, NULL),
(1985, 624, 10, NULL),
(1986, 625, 10, NULL),
(1987, 626, 10, NULL),
(1988, 627, 10, NULL),
(1989, 628, 10, NULL),
(1990, 629, 10, NULL),
(1991, 630, 10, NULL),
(1992, 631, 10, NULL),
(1993, 632, 10, NULL),
(1994, 633, 10, NULL),
(1995, 634, 10, NULL),
(1996, 635, 10, NULL),
(1997, 636, 10, NULL),
(1998, 637, 10, NULL),
(1999, 638, 10, NULL),
(2000, 639, 10, NULL),
(2001, 640, 10, NULL),
(2002, 641, 10, NULL),
(2003, 642, 10, NULL),
(2004, 643, 10, NULL),
(2005, 644, 10, NULL),
(2006, 645, 10, NULL),
(2007, 646, 10, NULL),
(2008, 647, 10, NULL),
(2009, 648, 10, NULL),
(2010, 649, 10, NULL),
(2011, 650, 10, NULL),
(2012, 651, 10, NULL),
(2013, 652, 10, NULL),
(2014, 653, 10, NULL),
(2015, 654, 10, NULL),
(2016, 655, 10, NULL),
(2017, 656, 10, NULL),
(2018, 657, 10, NULL),
(2019, 658, 10, NULL),
(2020, 659, 10, NULL),
(2021, 660, 10, NULL),
(2022, 661, 10, NULL),
(2023, 662, 10, NULL),
(2024, 663, 10, NULL),
(2025, 664, 10, NULL),
(2026, 665, 10, NULL),
(2027, 666, 10, NULL),
(2028, 667, 10, NULL),
(2029, 668, 10, NULL),
(2030, 669, 10, NULL),
(2031, 670, 10, NULL),
(2032, 671, 10, NULL),
(2033, 672, 10, NULL),
(2034, 673, 10, NULL),
(2035, 674, 10, NULL),
(2036, 675, 10, NULL),
(2037, 676, 10, NULL),
(2038, 677, 10, NULL),
(2039, 678, 10, NULL),
(2040, 679, 10, NULL),
(2041, 680, 10, NULL),
(2042, 681, 10, NULL),
(2043, 682, 10, NULL),
(2044, 683, 10, NULL),
(2045, 684, 10, NULL),
(2046, 685, 10, NULL),
(2047, 686, 10, NULL),
(2048, 687, 10, NULL),
(2049, 688, 10, NULL),
(2050, 689, 10, NULL),
(2051, 690, 10, NULL),
(2052, 691, 10, NULL),
(2053, 692, 10, NULL),
(2054, 693, 10, NULL),
(2055, 694, 10, NULL),
(2056, 695, 10, NULL),
(2057, 696, 10, NULL),
(2058, 697, 10, NULL),
(2059, 698, 10, NULL),
(2060, 699, 10, NULL),
(2061, 700, 10, NULL),
(2062, 701, 10, NULL),
(2063, 702, 10, NULL),
(2064, 703, 10, NULL),
(2065, 704, 10, NULL),
(2066, 705, 10, NULL),
(2067, 706, 10, NULL),
(2068, 707, 10, NULL),
(2069, 708, 10, NULL),
(2070, 709, 10, NULL),
(2071, 710, 10, NULL),
(2072, 711, 10, NULL),
(2073, 712, 10, NULL),
(2074, 713, 10, NULL),
(2075, 714, 10, NULL),
(2076, 715, 10, NULL),
(2077, 716, 10, NULL),
(2078, 717, 10, NULL),
(2079, 718, 10, NULL),
(2080, 719, 10, NULL),
(2081, 720, 10, NULL),
(2082, 721, 10, NULL),
(2083, 722, 10, NULL),
(2084, 723, 10, NULL),
(2085, 724, 10, NULL),
(2086, 725, 10, NULL),
(2087, 726, 10, NULL),
(2088, 727, 10, NULL),
(2089, 728, 10, NULL),
(2090, 729, 10, NULL),
(2091, 730, 10, NULL),
(2092, 731, 10, NULL),
(2093, 732, 10, NULL),
(2094, 733, 10, NULL),
(2095, 734, 10, NULL),
(2096, 735, 10, NULL),
(2097, 736, 10, NULL),
(2098, 737, 10, NULL),
(2099, 738, 10, NULL),
(2100, 739, 10, NULL),
(2101, 740, 10, NULL),
(2102, 741, 10, NULL),
(2103, 742, 10, NULL),
(2104, 743, 10, NULL),
(2105, 744, 10, NULL),
(2106, 745, 10, NULL),
(2107, 746, 10, NULL),
(2108, 747, 10, NULL),
(2109, 748, 10, NULL),
(2110, 749, 10, NULL),
(2111, 750, 10, NULL),
(2112, 751, 10, NULL),
(2113, 752, 10, NULL),
(2114, 753, 10, NULL),
(2115, 754, 10, NULL),
(2116, 755, 10, NULL),
(2117, 756, 10, NULL),
(2118, 757, 10, NULL),
(2119, 758, 10, NULL),
(2120, 759, 10, NULL),
(2121, 760, 10, NULL),
(2122, 761, 10, NULL),
(2123, 762, 10, NULL),
(2124, 763, 10, NULL),
(2125, 764, 10, NULL),
(2126, 765, 10, NULL),
(2127, 766, 10, NULL),
(2128, 767, 10, NULL),
(2129, 768, 10, NULL),
(2130, 769, 10, NULL),
(2131, 770, 10, NULL),
(2132, 771, 10, NULL),
(2133, 772, 10, NULL),
(2134, 773, 10, NULL),
(2135, 774, 10, NULL),
(2136, 775, 10, NULL),
(2137, 776, 10, NULL),
(2138, 777, 10, NULL),
(2139, 778, 10, NULL),
(2140, 779, 10, NULL),
(2141, 780, 10, NULL),
(2142, 781, 10, NULL),
(2143, 782, 10, NULL),
(2144, 783, 10, NULL),
(2145, 784, 10, NULL),
(2146, 785, 10, NULL),
(2147, 786, 10, NULL),
(2148, 787, 10, NULL),
(2149, 788, 10, NULL),
(2150, 789, 10, NULL),
(2151, 790, 10, NULL),
(2152, 791, 10, NULL),
(2153, 792, 10, NULL),
(2154, 793, 10, NULL),
(2155, 794, 10, NULL),
(2156, 795, 10, NULL),
(2157, 796, 10, NULL),
(2158, 797, 10, NULL),
(2159, 798, 10, NULL),
(2160, 799, 10, NULL),
(2161, 800, 10, NULL),
(2162, 801, 10, NULL),
(2163, 802, 10, NULL),
(2164, 803, 10, NULL),
(2165, 804, 10, NULL),
(2166, 805, 10, NULL),
(2167, 806, 10, NULL),
(2168, 807, 10, NULL),
(2169, 808, 10, NULL),
(2170, 809, 10, NULL),
(2171, 810, 10, NULL),
(2172, 811, 10, NULL),
(2173, 812, 10, NULL),
(2174, 813, 10, NULL),
(2175, 814, 10, NULL),
(2176, 815, 10, NULL),
(2177, 816, 10, NULL),
(2178, 817, 10, NULL),
(2179, 818, 10, NULL),
(2180, 819, 10, NULL);

-- --------------------------------------------------------

--
-- Table structure for table `Modules`
--

CREATE TABLE `Modules` (
  `ModuleID` int(11) NOT NULL,
  `ModuleCode` varchar(32) NOT NULL,
  `ModuleName` varchar(128) NOT NULL,
  `ModuleLevel` int(11) NOT NULL,
  `ModuleImageURL` varchar(128) NOT NULL,
  `ModuleLeaderID` int(11) DEFAULT NULL,
  `ModuleYearID` int(11) DEFAULT NULL
) ENGINE=InnoDB DEFAULT CHARSET=utf8 COLLATE=utf8_unicode_ci;

--
-- Dumping data for table `Modules`
--

INSERT INTO `Modules` (`ModuleID`, `ModuleCode`, `ModuleName`, `ModuleLevel`, `ModuleImageURL`, `ModuleLeaderID`, `ModuleYearID`) VALUES
(1, 'CI4105', 'Programming 1', 4, 'https://images.freeimages.com/images/small-previews/9b8/electronic-components-2-1242738.jpg', 824, 1),
(2, 'CI4250', 'Computing Fundamentals', 4, 'https://images.freeimages.com/images/small-previews/411/light-of-technology-1510575.jpg', 820, 1),
(3, 'CI4305', 'Requirements Analysis and Design', 4, 'https://images.freeimages.com/images/small-previews/64b/vla-1-1315506.jpg', 820, 1),
(4, 'CI4450', 'Professional Environments 1', 4, 'https://images.freeimages.com/images/small-previews/293/cable-4-1243085.jpg', 820, 1),
(5, 'CI5105', 'Programming 2', 5, 'https://images.freeimages.com/images/small-previews/fa1/cable-5-1243077.jpg', 820, 1),
(6, 'CI5250', 'Computing Systems', 5, 'https://images.freeimages.com/images/small-previews/930/towertv-3-1423238.jpg', 820, 1),
(7, 'CI5320', 'Database-Driven Application Development', 5, 'https://images.freeimages.com/images/small-previews/cf5/cellphone-1313194.jpg', 820, 1),
(8, 'CI5330', 'User Centred Design', 5, 'https://images.freeimages.com/images/small-previews/4e8/sala-de-parto-03-1432033.jpg', 820, 1),
(9, 'CI5210', 'Networking Concepts', 5, 'https://images.freeimages.com/images/small-previews/6cc/monitor-2-1242535.jpg', 820, 1),
(10, 'CI5450', 'Professional Environments 2', 5, 'https://images.freeimages.com/images/small-previews/402/rocket-in-the-museum-1450195.jpg', 820, 1),
(11, 'CI6100', 'Programming 3', 6, 'https://images.freeimages.com/images/small-previews/fa1/cable-5-1243077.jpg', 824, 1),
(12, 'CI6600', 'Individual Project', 6, 'https://images.freeimages.com/images/small-previews/9b8/electronic-components-2-1242738.jpg', 820, 1),
(13, 'CI6110', 'React Programming', 6, 'https://images.freeimages.com/images/small-previews/9b8/electronic-components-2-1242738.jpg', 820, 1),
(14, 'CI6130', 'React Native', 6, 'https://images.freeimages.com/images/small-previews/fa1/cable-5-1243077.jpg', 820, 1);

-- --------------------------------------------------------

--
-- Table structure for table `Projects`
--

CREATE TABLE `Projects` (
  `ProjectID` int(11) NOT NULL,
  `ProjectName` varchar(128) NOT NULL,
  `ProjectGroupsize` int(11) NOT NULL,
  `ProjectStartdate` date NOT NULL,
  `ProjectMandatory` tinyint(1) NOT NULL DEFAULT 1,
  `ProjectProjectstatusID` int(11) DEFAULT NULL,
  `ProjectModuleID` int(11) DEFAULT NULL
) ENGINE=InnoDB DEFAULT CHARSET=utf8 COLLATE=utf8_unicode_ci;

--
-- Dumping data for table `Projects`
--

INSERT INTO `Projects` (`ProjectID`, `ProjectName`, `ProjectGroupsize`, `ProjectStartdate`, `ProjectMandatory`, `ProjectProjectstatusID`, `ProjectModuleID`) VALUES
(1, 'Technical Report 2', 5, '2022-11-07', 1, 2, 4),
(2, 'Commercial Awareness', 5, '2023-02-20', 0, 3, 4);

-- --------------------------------------------------------

--
-- Table structure for table `Projectstatus`
--

CREATE TABLE `Projectstatus` (
  `ProjectstatusID` int(11) NOT NULL,
  `ProjectstatusName` varchar(64) NOT NULL
) ENGINE=InnoDB DEFAULT CHARSET=utf8 COLLATE=utf8_unicode_ci;

--
-- Dumping data for table `Projectstatus`
--

INSERT INTO `Projectstatus` (`ProjectstatusID`, `ProjectstatusName`) VALUES
(1, 'Pending'),
(2, 'Soliciting'),
(3, 'Running'),
(4, 'Paused'),
(5, 'Completed');

-- --------------------------------------------------------

--
-- Table structure for table `Proposals`
--

CREATE TABLE `Proposals` (
  `ProposalID` int(11) NOT NULL,
  `ProposerID` int(11) NOT NULL,
  `ProposeeID` int(11) DEFAULT NULL,
  `ProposalAssessmentID` int(11) NOT NULL,
  `ProposalConfirmationID` int(11) DEFAULT NULL,
  `ProposalConfirmationAcknowledgement` tinyint(1) NOT NULL DEFAULT 0
) ENGINE=InnoDB DEFAULT CHARSET=utf8mb4 COLLATE=utf8mb4_general_ci;

--
-- Dumping data for table `Proposals`
--

INSERT INTO `Proposals` (`ProposalID`, `ProposerID`, `ProposeeID`, `ProposalAssessmentID`, `ProposalConfirmationID`, `ProposalConfirmationAcknowledgement`) VALUES
(1, 447, 537, 13, 1, 0),
(2, 311, NULL, 13, 1, 0),
(3, 283, 533, 13, 1, 0),
(4, 283, 382, 13, 1, 0),
(5, 283, 461, 13, 1, 0),
(6, 283, 314, 13, 1, 0),
(7, 423, NULL, 13, 1, 0),
(8, 435, 531, 13, 1, 0),
(9, 295, NULL, 13, 1, 0),
(10, 379, 513, 13, 1, 0),
(11, 379, 374, 13, 1, 0),
(12, 379, 497, 13, 1, 0),
(13, 379, 296, 13, NULL, 0),
(14, 411, 394, 13, 1, 0),
(15, 411, 468, 13, 1, 0),
(16, 407, NULL, 13, 1, 0),
(17, 523, 324, 13, 1, 0),
(18, 527, 414, 13, 1, 0),
(19, 527, 284, 13, NULL, 0),
(20, 527, 535, 13, 1, 0),
(21, 351, 408, 13, 1, 0),
(22, 351, 300, 13, 1, 0),
(23, 351, 379, 13, 1, 0),
(24, 351, 540, 13, 1, 0),
(25, 419, 427, 13, 1, 0),
(26, 419, 359, 13, 1, 0),
(27, 399, 355, 13, 1, 0),
(28, 399, 498, 13, 1, 0),
(29, 399, 400, 13, 1, 0),
(30, 487, 490, 13, NULL, 0),
(31, 291, 337, 13, 1, 0),
(32, 291, 450, 13, NULL, 0),
(33, 291, 314, 13, 1, 0),
(34, 291, 297, 13, 1, 0),
(35, 443, NULL, 13, 1, 0),
(36, 455, NULL, 13, 1, 0),
(37, 519, 375, 13, NULL, 0),
(38, 519, 406, 13, 1, 0),
(39, 519, 476, 13, 1, 0),
(40, 519, 308, 13, 1, 0),
(41, 479, NULL, 13, NULL, 0),
(42, 536, NULL, 13, 1, 0),
(43, 504, 325, 13, NULL, 0),
(44, 388, 305, 13, 1, 0),
(45, 388, 447, 13, NULL, 0),
(46, 428, NULL, 13, NULL, 0),
(47, 516, NULL, 13, 1, 0),
(48, 384, 328, 13, 1, 0),
(49, 460, NULL, 13, 1, 0),
(50, 300, 403, 13, 1, 0),
(51, 300, 527, 13, 1, 0),
(52, 300, 352, 13, 1, 0),
(53, 300, 377, 13, 1, 0),
(54, 480, 473, 13, 1, 0),
(55, 320, NULL, 13, 1, 0),
(56, 364, 508, 13, 2, 0),
(57, 364, 441, 13, 1, 0),
(58, 488, NULL, 13, 1, 0),
(59, 512, NULL, 13, 1, 0),
(60, 544, 481, 13, 1, 0),
(61, 352, 305, 13, 1, 0),
(62, 352, 493, 13, 1, 0),
(63, 352, 277, 13, 1, 0),
(64, 352, 529, 13, 1, 0),
(65, 372, 356, 13, NULL, 0),
(66, 372, 411, 13, NULL, 0),
(67, 372, 451, 13, 1, 0),
(68, 372, 472, 13, 1, 0),
(69, 328, 348, 13, 1, 0),
(70, 328, 330, 13, 1, 0),
(71, 328, 456, 13, 1, 0),
(72, 368, 448, 13, 1, 0),
(73, 368, 354, 13, 1, 0),
(74, 368, 298, 13, 1, 0),
(75, 280, 435, 13, NULL, 0),
(76, 280, 445, 13, 1, 0),
(77, 280, 483, 13, 1, 0),
(78, 280, 398, 13, 1, 0),
(79, 284, 303, 13, 1, 0),
(80, 284, 316, 13, 1, 0),
(81, 284, 352, 13, 1, 0),
(82, 284, 285, 13, 1, 0),
(83, 509, NULL, 13, 2, 0),
(84, 321, 391, 13, 1, 0),
(85, 321, 400, 13, 1, 0),
(86, 321, 276, 13, 1, 0),
(87, 321, 331, 13, 1, 0),
(88, 445, 287, 13, 1, 0),
(89, 305, 433, 13, 1, 0),
(90, 305, 473, 13, 1, 0),
(91, 305, 431, 13, 1, 0),
(92, 305, 275, 13, 2, 0),
(93, 505, NULL, 13, 1, 0),
(94, 385, 438, 13, 1, 0),
(95, 385, 329, 13, 1, 0),
(96, 385, 519, 13, 1, 0),
(97, 385, 363, 13, 1, 0),
(98, 537, 376, 13, 1, 0),
(99, 537, 543, 13, 1, 0),
(100, 497, 468, 13, 1, 0),
(101, 497, 338, 13, 1, 0),
(102, 497, 485, 13, 1, 0),
(103, 453, NULL, 13, 1, 0),
(104, 401, 398, 13, 1, 0),
(105, 349, 521, 13, 1, 0),
(106, 349, 390, 13, 1, 0),
(107, 349, 507, 13, 1, 0),
(108, 349, 332, 13, 1, 0),
(109, 429, 444, 13, 1, 0),
(110, 429, 543, 13, NULL, 0),
(111, 429, 284, 13, 1, 0),
(112, 429, 489, 13, 1, 0),
(113, 417, NULL, 13, 1, 0),
(114, 413, NULL, 13, 1, 0),
(115, 421, 316, 13, 2, 0),
(116, 421, 411, 13, 1, 0),
(117, 421, 304, 13, 1, 0),
(118, 425, 289, 13, 1, 0),
(119, 425, 519, 13, 1, 0),
(120, 493, 302, 13, 1, 0),
(121, 405, 287, 13, 1, 0),
(122, 313, NULL, 13, 1, 0),
(123, 381, NULL, 13, 1, 0),
(124, 338, 279, 13, 1, 0),
(125, 322, 447, 13, 1, 0),
(126, 322, 529, 13, 1, 0),
(127, 322, 419, 13, 1, 0),
(128, 322, 315, 13, 1, 0),
(129, 334, 354, 13, NULL, 0),
(130, 334, 296, 13, 1, 0),
(131, 534, 537, 13, 1, 0),
(132, 494, NULL, 13, 1, 0),
(133, 450, 356, 13, 1, 0),
(134, 450, 355, 13, 2, 0),
(135, 466, NULL, 13, 1, 0),
(136, 510, 301, 13, 1, 0),
(137, 510, 356, 13, 1, 0),
(138, 510, 324, 13, 1, 0),
(139, 462, NULL, 13, 1, 0),
(140, 478, NULL, 13, 1, 0),
(141, 310, NULL, 13, 1, 0),
(142, 350, 498, 13, 1, 0),
(143, 350, 541, 13, 2, 0),
(144, 350, 524, 13, NULL, 0),
(145, 354, 329, 13, 1, 0),
(146, 354, 473, 13, NULL, 0),
(147, 354, 326, 13, 2, 0),
(148, 354, 301, 13, 1, 0),
(149, 342, NULL, 13, 1, 0),
(150, 434, 471, 13, 2, 0),
(151, 470, NULL, 13, 1, 0),
(152, 282, 422, 13, 1, 0),
(153, 282, 288, 13, 1, 0),
(154, 282, 390, 13, 1, 0),
(155, 282, 531, 13, 1, 0),
(156, 366, 350, 13, 1, 0),
(157, 514, 366, 13, 1, 0),
(158, 514, 300, 13, 1, 0),
(159, 514, 406, 13, 1, 0),
(160, 514, 440, 13, 1, 0),
(161, 522, 329, 13, 1, 0),
(162, 522, 402, 13, 1, 0),
(163, 522, 347, 13, 1, 0),
(164, 522, 382, 13, 1, 0);

-- --------------------------------------------------------

--
-- Table structure for table `Technologies`
--

CREATE TABLE `Technologies` (
  `TechnologyID` int(11) NOT NULL,
  `TechnologyName` varchar(128) NOT NULL
) ENGINE=InnoDB DEFAULT CHARSET=utf8mb4 COLLATE=utf8mb4_general_ci;

--
-- Dumping data for table `Technologies`
--

INSERT INTO `Technologies` (`TechnologyID`, `TechnologyName`) VALUES
(1, 'Azure'),
(2, 'React'),
(3, 'Python'),
(4, 'HTML'),
(5, 'CSS'),
(6, 'Node JS'),
(7, 'Django'),
(8, 'MySQL'),
(9, 'PostgreSQL'),
(10, 'C++'),
(11, 'Java'),
(12, 'Pen Testing'),
(13, 'GRC'),
(14, 'EDR'),
(15, 'SAST'),
(16, 'DAST'),
(17, 'TerraForm'),
(18, 'Ansible'),
(19, 'Jenkins'),
(20, 'AWS');

-- --------------------------------------------------------

--
-- Table structure for table `Users`
--

CREATE TABLE `Users` (
  `UserID` int(11) NOT NULL,
  `UserFirstname` varchar(128) NOT NULL,
  `UserLastname` varchar(128) NOT NULL,
  `UserEmail` varchar(128) NOT NULL,
  `UserPassword` varchar(128) DEFAULT NULL,
  `UserRegistered` tinyint(1) DEFAULT NULL,
  `UserUsertypeID` int(11) DEFAULT NULL,
  `UserLevel` tinyint(4) DEFAULT NULL,
  `UserYearID` int(11) DEFAULT NULL,
  `UserImageURL` varchar(256) NOT NULL
) ENGINE=InnoDB DEFAULT CHARSET=utf8 COLLATE=utf8_unicode_ci;

--
-- Dumping data for table `Users`
--

INSERT INTO `Users` (`UserID`, `UserFirstname`, `UserLastname`, `UserEmail`, `UserPassword`, `UserRegistered`, `UserUsertypeID`, `UserLevel`, `UserYearID`, `UserImageURL`) VALUES
(2, 'Yasin', 'ABDULLA', 'K7077123@kingston.ac.uk', '63672aB^', 0, 2, 3, 1, 'https://images.generated.photos/MEhzHfD0AtIoLUVj5R4QKAmyaS87QnLhEpGvxxjwVcI/rs:fit:256:256/czM6Ly9pY29uczgu/Z3Bob3Rvcy1wcm9k/LnBob3Rvcy92M18w/MTg5NTA2LmpwZw.jpg'),
(3, 'Maram', 'ABDULLAH', 'K5066025@kingston.ac.uk', '51887', 0, 2, 6, 1, 'https://images.generated.photos/r8nBVov0WuRMAAvX3Vut6SF1KSY1YcBI-1Uol5s3YNw/rs:fit:256:256/czM6Ly9pY29uczgu/Z3Bob3Rvcy1wcm9k/LnBob3Rvcy92M18w/NTk1NjkxLmpwZw.jpg'),
(4, 'Ahmed', 'ABDULLAHI', 'K5562061@kingston.ac.uk', '92428', 0, 2, 3, 1, 'https://images.generated.photos/0s29pYa3GoLpzDa_rSnFlOdjh7udUNfJ-OwZh7iO2DM/rs:fit:256:256/czM6Ly9pY29uczgu/Z3Bob3Rvcy1wcm9k/LnBob3Rvcy92M18w/NjMwNDM2LmpwZw.jpg'),
(5, 'Abdirahman', 'ABOUKASS', 'K1998482@kingston.ac.uk', '983088', 0, 2, 6, 1, 'https://images.generated.photos/SUqjtB9N8C3fEP0Ti_mCsGdP11lnz3B1PkTq2G_emyQ/rs:fit:256:256/czM6Ly9pY29uczgu/Z3Bob3Rvcy1wcm9k/LnBob3Rvcy92M18w/MTUzOTA4LmpwZw.jpg'),
(6, 'Haseeb', 'ABUBAKAR', 'K5453664@kingston.ac.uk', '73740', 0, 2, 6, 1, 'https://images.generated.photos/WIwNwGAxeJRXK01PcPpxHFnsAsWmKwbFJO1X0d05ZhQ/rs:fit:256:256/czM6Ly9pY29uczgu/Z3Bob3Rvcy1wcm9k/LnBob3Rvcy92M18w/Njk5MDY5LmpwZw.jpg'),
(7, 'Zakariya', 'ADE', 'K4046337@kingston.ac.uk', '480358', 0, 2, 3, 1, 'https://images.generated.photos/EGP62tk_fvrSvAFxGfD2u7ILrB4uKpe-mt4vUOLgBfs/rs:fit:256:256/czM6Ly9pY29uczgu/Z3Bob3Rvcy1wcm9k/LnBob3Rvcy92M18w/OTUwNzE0LmpwZw.jpg'),
(8, 'Rhyanna', 'ADEN', 'K3455449@kingston.ac.uk', '763376', 0, 2, 6, 1, 'https://images.generated.photos/tZmcC6WnzFmgAwRMsBnGYcmaj_NSktxhYzBfTqej_Lo/rs:fit:256:256/czM6Ly9pY29uczgu/Z3Bob3Rvcy1wcm9k/LnBob3Rvcy92M18w/MDE3MjYzLmpwZw.jpg'),
(9, 'Idris', 'AFAM', 'K4324746@kingston.ac.uk', '807292', 0, 2, 6, 1, 'https://images.generated.photos/USogc9nnQJaIRfIjXsoqZ1AfLT5hPaAMYpnqSbmQ0WI/rs:fit:256:256/czM6Ly9pY29uczgu/Z3Bob3Rvcy1wcm9k/LnBob3Rvcy92M18w/MjI3NzQ0LmpwZw.jpg'),
(10, 'Sajad', 'AHMAD', 'K7761841@kingston.ac.uk', '377699', 0, 2, 3, 1, 'https://images.generated.photos/SUqjtB9N8C3fEP0Ti_mCsGdP11lnz3B1PkTq2G_emyQ/rs:fit:256:256/czM6Ly9pY29uczgu/Z3Bob3Rvcy1wcm9k/LnBob3Rvcy92M18w/MTUzOTA4LmpwZw.jpg'),
(11, 'Sarah', 'AHMAD', 'K9190820@kingston.ac.uk', '604859', 0, 2, 6, 1, 'https://images.generated.photos/aH_KMfMXRRHS5YFbk5HEZsPpcAEiDg-foC9-Y2cK7BU/rs:fit:256:256/czM6Ly9pY29uczgu/Z3Bob3Rvcy1wcm9k/LnBob3Rvcy92M18w/MTY1NjkzLmpwZw.jpg'),
(12, 'Tasveer', 'AHMAD', 'K8475230@kingston.ac.uk', '822704', 0, 2, 6, 1, 'https://images.generated.photos/Pf_iarXQmdiJFM8hSAMV_ZyJWpVTadkvWGDF-akmaS4/rs:fit:256:256/czM6Ly9pY29uczgu/Z3Bob3Rvcy1wcm9k/LnBob3Rvcy92M18w/NTE3OTI1LmpwZw.jpg'),
(13, 'Akthar', 'AHMED', 'K2468210@kingston.ac.uk', '442447', 0, 2, 3, 1, 'https://images.generated.photos/jk5AsjhJQhAmOeV2lFnJawPZ5323Aqd2IXS_RYBLIl4/rs:fit:256:256/czM6Ly9pY29uczgu/Z3Bob3Rvcy1wcm9k/LnBob3Rvcy92M18w/ODQ3MjQ5LmpwZw.jpg'),
(14, 'Daniyal', 'AHMED', 'K4195747@kingston.ac.uk', '487386', 0, 2, 6, 1, 'https://images.generated.photos/K-Qiv-oJotYLuvCb1QkaFlNLBKhHloocYWcCbMqr31k/rs:fit:256:256/czM6Ly9pY29uczgu/Z3Bob3Rvcy1wcm9k/LnBob3Rvcy92M18w/OTg1OTgyLmpwZw.jpg'),
(15, 'Saif', 'AJAIB', 'K9900486@kingston.ac.uk', '22863', 0, 2, 6, 1, 'https://images.generated.photos/XRfSKWBVup-KW5T_lvS0tyce6rGaEBKUDWvk6lxZ8x8/rs:fit:256:256/czM6Ly9pY29uczgu/Z3Bob3Rvcy1wcm9k/LnBob3Rvcy92M18w/MDIwNTQwLmpwZw.jpg'),
(16, 'Peter', 'AKPENYI', 'K3091257@kingston.ac.uk', '59418', 0, 2, 3, 1, 'https://images.generated.photos/jk5AsjhJQhAmOeV2lFnJawPZ5323Aqd2IXS_RYBLIl4/rs:fit:256:256/czM6Ly9pY29uczgu/Z3Bob3Rvcy1wcm9k/LnBob3Rvcy92M18w/ODQ3MjQ5LmpwZw.jpg'),
(17, 'Damsheg', 'AL-AEDROS', 'K8077675@kingston.ac.uk', '531370', 0, 2, 6, 1, 'https://images.generated.photos/Pf_iarXQmdiJFM8hSAMV_ZyJWpVTadkvWGDF-akmaS4/rs:fit:256:256/czM6Ly9pY29uczgu/Z3Bob3Rvcy1wcm9k/LnBob3Rvcy92M18w/NTE3OTI1LmpwZw.jpg'),
(18, 'Adnan', 'ALALHARETH', 'K1743065@kingston.ac.uk', '944494', 0, 2, 6, 1, 'https://images.generated.photos/7CSkpEIfXYvCmWVjumwDR1-8KM6ibXnLITKw9P4ZarA/rs:fit:256:256/czM6Ly9pY29uczgu/Z3Bob3Rvcy1wcm9k/LnBob3Rvcy92M18w/ODU1NjQ0LmpwZw.jpg'),
(19, 'Ahmad', 'AL-EIDI', 'K7207258@kingston.ac.uk', '647457', 0, 2, 3, 1, 'https://images.generated.photos/i2FdynijXNPPeSaLirznug1FKnhzAgyDCLxMOAQuPys/rs:fit:256:256/czM6Ly9pY29uczgu/Z3Bob3Rvcy1wcm9k/LnBob3Rvcy92M18w/NTQ3ODg4LmpwZw.jpg'),
(20, 'Gabriella', 'ALEXANDROU', 'K6606119@kingston.ac.uk', '348108', 0, 2, 6, 1, 'https://images.generated.photos/TheXcoEqHRbCk78JRfZG2t_VzMq3PkDVa8CxFEdcdFs/rs:fit:256:256/czM6Ly9pY29uczgu/Z3Bob3Rvcy1wcm9k/LnBob3Rvcy92M18w/MjEzODA2LmpwZw.jpg'),
(21, 'Khalid', 'ALHINDI', 'K8773043@kingston.ac.uk', '809934', 0, 2, 6, 1, 'https://images.generated.photos/ECyEKkFqHcTSBRhYdKWmOpnM4PzRhUFhEYaP67y_EpI/rs:fit:256:256/czM6Ly9pY29uczgu/Z3Bob3Rvcy1wcm9k/LnBob3Rvcy92M18w/NTU1MzM5LmpwZw.jpg'),
(22, 'Akil', 'ALI', 'K1900262@kingston.ac.uk', '190298', 0, 2, 3, 1, 'https://images.generated.photos/WI80uorWegDL73F_SgzW7IGi6smPw2-xwa0kVOE8YY4/rs:fit:256:256/czM6Ly9pY29uczgu/Z3Bob3Rvcy1wcm9k/LnBob3Rvcy92M18w/OTcxMjU3LmpwZw.jpg'),
(23, 'Fadumo', 'ALI', 'K2818659@kingston.ac.uk', '714390', 0, 2, 6, 1, 'https://images.generated.photos/TlllLnZmYHMejFUfFN7lyIjyGiIo7SYOF1L-tnGURIE/rs:fit:256:256/czM6Ly9pY29uczgu/Z3Bob3Rvcy1wcm9k/LnBob3Rvcy92M18w/Nzg0ODMwLmpwZw.jpg'),
(24, 'Mohamed', 'ALI', 'K5204634@kingston.ac.uk', '97961', 0, 2, 6, 1, 'https://images.generated.photos/p7cTF1YZTlO6hOfNG5dkXROLVIuXxU8e_cqzj88PnWg/rs:fit:256:256/czM6Ly9pY29uczgu/Z3Bob3Rvcy1wcm9k/LnBob3Rvcy92M18w/Njc3NjM2LmpwZw.jpg'),
(25, 'Rehman', 'ALI', 'K4190837@kingston.ac.uk', '358848', 0, 2, 3, 1, 'https://images.generated.photos/KW3XTHDx79QjWwtAiBL5Z2JBoHngJyZPHt0jNza6Aus/rs:fit:256:256/czM6Ly9pY29uczgu/Z3Bob3Rvcy1wcm9k/LnBob3Rvcy92M18w/NDkwMzgxLmpwZw.jpg'),
(26, 'Sara', 'ALI POOR', 'K1970167@kingston.ac.uk', '55831', 0, 2, 6, 1, 'https://images.generated.photos/A-G4isX6--bGltFYElVoXQFvLuaypH-rWusPvO6i4IY/rs:fit:256:256/czM6Ly9pY29uczgu/Z3Bob3Rvcy1wcm9k/LnBob3Rvcy92M18w/NzYxOTkyLmpwZw.jpg'),
(27, 'Mohammad', 'ALKAZEMY', 'K2049498@kingston.ac.uk', '167736', 0, 2, 6, 1, 'https://images.generated.photos/oiLHwGXJVq_K6b6tUX_rpGUAEyOLT9B2TsNJetPt7Ac/rs:fit:256:256/czM6Ly9pY29uczgu/Z3Bob3Rvcy1wcm9k/LnBob3Rvcy92M18w/MDQ0MzAxLmpwZw.jpg'),
(28, 'Luke', 'ALLEYNE', 'K9161765@kingston.ac.uk', '317045', 0, 2, 3, 1, 'https://images.generated.photos/oiLHwGXJVq_K6b6tUX_rpGUAEyOLT9B2TsNJetPt7Ac/rs:fit:256:256/czM6Ly9pY29uczgu/Z3Bob3Rvcy1wcm9k/LnBob3Rvcy92M18w/MDQ0MzAxLmpwZw.jpg'),
(29, 'Muhammad', 'ALMUTAIRI', 'K3841790@kingston.ac.uk', '590661', 0, 2, 6, 1, 'https://images.generated.photos/_cPqHwfJvMmuhJez0vDVpb9ahliuW9-DKLZzQVavhHg/rs:fit:256:256/czM6Ly9pY29uczgu/Z3Bob3Rvcy1wcm9k/LnBob3Rvcy92M18w/OTEwNjA1LmpwZw.jpg'),
(30, 'Ibrahim', 'ALODHIBI', 'K8287391@kingston.ac.uk', '70264', 0, 2, 6, 1, 'https://images.generated.photos/YBJh-Q8mxrCaCJ7dc1Wx41wCOqBpCkLBeIQGED2RVhg/rs:fit:256:256/czM6Ly9pY29uczgu/Z3Bob3Rvcy1wcm9k/LnBob3Rvcy92M18w/NzM4NDI4LmpwZw.jpg'),
(31, 'Abdullah', 'ALZAHRANI', 'K7560810@kingston.ac.uk', '661666', 0, 2, 3, 1, 'https://images.generated.photos/gMC173_F8yruoYHDuzFKz2VYYedlUhTf8Y5KT_PUPP0/rs:fit:256:256/czM6Ly9pY29uczgu/Z3Bob3Rvcy1wcm9k/LnBob3Rvcy92M18w/Njg5MTk4LmpwZw.jpg'),
(32, 'Ahmed', 'AMAVASEE', 'K3478060@kingston.ac.uk', '66954', 0, 2, 6, 1, 'https://images.generated.photos/Vb-f5Y0LCXeVy38W8GnVp5T8sjjD0A4eEr9K9w22ahA/rs:fit:256:256/czM6Ly9pY29uczgu/Z3Bob3Rvcy1wcm9k/LnBob3Rvcy92M18w/NDE0NTc2LmpwZw.jpg'),
(33, 'Omid', 'AMIR', 'K3459286@kingston.ac.uk', '846602', 0, 2, 6, 1, 'https://images.generated.photos/YBJh-Q8mxrCaCJ7dc1Wx41wCOqBpCkLBeIQGED2RVhg/rs:fit:256:256/czM6Ly9pY29uczgu/Z3Bob3Rvcy1wcm9k/LnBob3Rvcy92M18w/NzM4NDI4LmpwZw.jpg'),
(34, 'David', 'ANTWI', 'K1775622@kingston.ac.uk', '652589', 0, 2, 3, 1, 'https://images.generated.photos/KLMO-H8fqYbjMHFIAuP07DnociKQkzDrzRh4_n1-woE/rs:fit:256:256/czM6Ly9pY29uczgu/Z3Bob3Rvcy1wcm9k/LnBob3Rvcy92M18w/OTc2NTg3LmpwZw.jpg'),
(35, 'Jason', 'ANWAR', 'K7886411@kingston.ac.uk', '216560', 0, 2, 6, 1, 'https://images.generated.photos/xtRv-44QUo7gjd8VxJ6dCDD1V7rSpk7mqOd9f1bwlUo/rs:fit:256:256/czM6Ly9pY29uczgu/Z3Bob3Rvcy1wcm9k/LnBob3Rvcy92M18w/Njk4MzkyLmpwZw.jpg'),
(36, 'Michael', 'ARNOLD', 'K7342105@kingston.ac.uk', '404283', 0, 2, 6, 1, 'https://images.generated.photos/MisXC_ZEtY_OSQvatKbth6GyUEgjX9eS3hzX7J_9ODI/rs:fit:256:256/czM6Ly9pY29uczgu/Z3Bob3Rvcy1wcm9k/LnBob3Rvcy92M18w/NjQxNDMyLmpwZw.jpg'),
(37, 'Lavanya', 'ARORA', 'K1881742@kingston.ac.uk', '593754', 0, 2, 3, 1, 'https://images.generated.photos/SxdDnzR1R1NwUcmcynryN0DP_bo1XrtWybQYU-7fyYw/rs:fit:256:256/czM6Ly9pY29uczgu/Z3Bob3Rvcy1wcm9k/LnBob3Rvcy92M18w/MjgzNDA5LmpwZw.jpg'),
(38, 'Haider', 'ARSHID', 'K3614441@kingston.ac.uk', '47223', 0, 2, 6, 1, 'https://images.generated.photos/MisXC_ZEtY_OSQvatKbth6GyUEgjX9eS3hzX7J_9ODI/rs:fit:256:256/czM6Ly9pY29uczgu/Z3Bob3Rvcy1wcm9k/LnBob3Rvcy92M18w/NjQxNDMyLmpwZw.jpg'),
(39, 'Vincent', 'ARTEAGA LOPEZ', 'K2438534@kingston.ac.uk', '677755', 0, 2, 6, 1, 'https://images.generated.photos/heSaCI9nrpTK-VdENzAuRZsSGBIxMzIBjkQmPVmFYAM/rs:fit:256:256/czM6Ly9pY29uczgu/Z3Bob3Rvcy1wcm9k/LnBob3Rvcy92M18w/MjYzMTk5LmpwZw.jpg'),
(40, 'Umar', 'ASHOK', 'K9693409@kingston.ac.uk', '786506', 0, 2, 3, 1, 'https://images.generated.photos/KW3XTHDx79QjWwtAiBL5Z2JBoHngJyZPHt0jNza6Aus/rs:fit:256:256/czM6Ly9pY29uczgu/Z3Bob3Rvcy1wcm9k/LnBob3Rvcy92M18w/NDkwMzgxLmpwZw.jpg'),
(41, 'Mariam', 'ASSAD', 'K8769996@kingston.ac.uk', '167813', 0, 2, 6, 1, 'https://images.generated.photos/jogbjBVp_97BXbt0RghJ6EyQ-QAHicwf_918y0Vgn04/rs:fit:256:256/czM6Ly9pY29uczgu/Z3Bob3Rvcy1wcm9k/LnBob3Rvcy92M18w/NzUwOTcyLmpwZw.jpg'),
(42, 'Muhammad', 'AZAM', 'K3425313@kingston.ac.uk', '102062', 0, 2, 6, 1, 'https://images.generated.photos/Rf3Bkicz4LYaSdocAI6zN087YPnBalDZIJtaSiO1aII/rs:fit:256:256/czM6Ly9pY29uczgu/Z3Bob3Rvcy1wcm9k/LnBob3Rvcy92M18w/NjI5NDY5LmpwZw.jpg'),
(43, 'Mamadou', 'BAH', 'K1635838@kingston.ac.uk', '489205', 0, 2, 3, 1, 'https://images.generated.photos/r4fGnq0WHndOFmEDrPWQVlUTJoQQePulEkoo-REYEP8/rs:fit:256:256/czM6Ly9pY29uczgu/Z3Bob3Rvcy1wcm9k/LnBob3Rvcy92M18w/OTQ5OTk4LmpwZw.jpg'),
(44, 'Mel', 'BAKER', 'K6581432@kingston.ac.uk', '20974', 0, 2, 6, 1, 'https://images.generated.photos/dtIQbIkZf22wYIVgs9rgdOtsrzv5ASLOyFXh2DS43Pk/rs:fit:256:256/czM6Ly9pY29uczgu/Z3Bob3Rvcy1wcm9k/LnBob3Rvcy92M18w/MTU1MTc1LmpwZw.jpg'),
(45, 'Jordan', 'BAMGBELU', 'K5381556@kingston.ac.uk', '443479', 0, 2, 6, 1, 'https://images.generated.photos/9ynBnpYXU3Q_MwSbJpiUKQ990qa7I6W_PtnNEVHMbkA/rs:fit:256:256/czM6Ly9pY29uczgu/Z3Bob3Rvcy1wcm9k/LnBob3Rvcy92M18w/NDEyMTE0LmpwZw.jpg'),
(46, 'Rochelle', 'BARRIE', 'K9828965@kingston.ac.uk', '837361', 0, 2, 3, 1, 'https://images.generated.photos/3PeS-spTcZ_rwxLlY_DtRPEFnf3gRFVERVmqEoSemT4/rs:fit:256:256/czM6Ly9pY29uczgu/Z3Bob3Rvcy1wcm9k/LnBob3Rvcy92M18w/MTk3NTY4LmpwZw.jpg'),
(47, 'Patrick', 'BARTRAM', 'K9961774@kingston.ac.uk', '682534', 0, 2, 6, 1, 'https://images.generated.photos/wV1tZpA5dQPfRQiceng-khVBQy0y1qbhBHt6qBUos60/rs:fit:256:256/czM6Ly9pY29uczgu/Z3Bob3Rvcy1wcm9k/LnBob3Rvcy92M18w/MTA4NzU5LmpwZw.jpg'),
(48, 'Amer', 'BASHUA', 'K5417474@kingston.ac.uk', '733977', 0, 2, 6, 1, 'https://images.generated.photos/wV1tZpA5dQPfRQiceng-khVBQy0y1qbhBHt6qBUos60/rs:fit:256:256/czM6Ly9pY29uczgu/Z3Bob3Rvcy1wcm9k/LnBob3Rvcy92M18w/MTA4NzU5LmpwZw.jpg'),
(49, 'Konstantin', 'BASNET', 'K2970815@kingston.ac.uk', '482806', 0, 2, 3, 1, 'https://images.generated.photos/7fLYlxBttwajHocsTDWVv_bww3A2L5u-v-MM6AB6CaQ/rs:fit:256:256/czM6Ly9pY29uczgu/Z3Bob3Rvcy1wcm9k/LnBob3Rvcy92M18w/NTA1NTQ2LmpwZw.jpg'),
(50, 'Zaynab', 'BEHZADI', 'K8338101@kingston.ac.uk', '58275', 0, 2, 6, 1, 'https://images.generated.photos/9rL6VPQcnS5Zxyb8UmWvGP6sB0vPq5k3CPtxAgIVhPM/rs:fit:256:256/czM6Ly9pY29uczgu/Z3Bob3Rvcy1wcm9k/LnBob3Rvcy92M18w/OTE2NDYwLmpwZw.jpg'),
(51, 'Arber', 'BELCHEV', 'K8782381@kingston.ac.uk', '804449', 0, 2, 6, 1, 'https://images.generated.photos/bFV7RQ9DuXUmt_Du0TXMeIUSCn8FgflG7wYTi4jmqRg/rs:fit:256:256/czM6Ly9pY29uczgu/Z3Bob3Rvcy1wcm9k/LnBob3Rvcy92M18w/NTU1MjgzLmpwZw.jpg'),
(52, 'Farha', 'BIKLIQI', 'K3888844@kingston.ac.uk', '8482', 0, 2, 3, 1, 'https://images.generated.photos/-pfd1eA9Dkh5q-777cN-jvF6h-tLPDzc82sPgbeDLxA/rs:fit:256:256/czM6Ly9pY29uczgu/Z3Bob3Rvcy1wcm9k/LnBob3Rvcy92M18w/MTEzOTQ2LmpwZw.jpg'),
(53, 'Aikaterini', 'BLACKBURN', 'K1862493@kingston.ac.uk', '728454', 0, 2, 6, 1, 'https://images.generated.photos/0YwJHjqOAEqDo71fc_vEsuW2lhGEMXnpnGJKi9prujo/rs:fit:256:256/czM6Ly9pY29uczgu/Z3Bob3Rvcy1wcm9k/LnBob3Rvcy92M18w/MjgyMTIxLmpwZw.jpg'),
(54, 'Makda', 'BLANCHARD', 'K6347005@kingston.ac.uk', '825557', 0, 2, 6, 1, 'https://images.generated.photos/evdpMs0ZUOoMA0ACfCy98zzmy347YQxRmrPCWHp3v0g/rs:fit:256:256/czM6Ly9pY29uczgu/Z3Bob3Rvcy1wcm9k/LnBob3Rvcy92M18w/MzUzMTEyLmpwZw.jpg'),
(55, 'David', 'BORGES', 'K2625833@kingston.ac.uk', '274184', 0, 2, 3, 1, 'https://images.generated.photos/fhGgr1mMMzg-3k0iPKKQ1D-yyq52wAnZmkHBysNJHIE/rs:fit:256:256/czM6Ly9pY29uczgu/Z3Bob3Rvcy1wcm9k/LnBob3Rvcy92M18w/ODc0MDg2LmpwZw.jpg'),
(56, 'Frenchie', 'BOUTELL', 'K3687410@kingston.ac.uk', '207828', 0, 2, 6, 1, 'https://images.generated.photos/heSaCI9nrpTK-VdENzAuRZsSGBIxMzIBjkQmPVmFYAM/rs:fit:256:256/czM6Ly9pY29uczgu/Z3Bob3Rvcy1wcm9k/LnBob3Rvcy92M18w/MjYzMTk5LmpwZw.jpg'),
(57, 'Kayleigh', 'BULL', 'K1522497@kingston.ac.uk', '689031', 0, 2, 6, 1, 'https://images.generated.photos/nd05XJkPBAQhKezm1C17BDYjaQYnZh5_TWDCiEQxhwk/rs:fit:256:256/czM6Ly9pY29uczgu/Z3Bob3Rvcy1wcm9k/LnBob3Rvcy92M18w/NjI2NTU0LmpwZw.jpg'),
(58, 'Antonio', 'CALDARE', 'K2531828@kingston.ac.uk', '663767', 0, 2, 3, 1, 'https://images.generated.photos/vnopGiDivHG6UKp3AgGkY44U3nOfR3lLsWNKdA-KEyQ/rs:fit:256:256/czM6Ly9pY29uczgu/Z3Bob3Rvcy1wcm9k/LnBob3Rvcy92M18w/MjAzMjQyLmpwZw.jpg'),
(59, 'Lauren', 'CARSON', 'K4803978@kingston.ac.uk', '486992', 0, 2, 6, 1, 'https://images.generated.photos/aH_KMfMXRRHS5YFbk5HEZsPpcAEiDg-foC9-Y2cK7BU/rs:fit:256:256/czM6Ly9pY29uczgu/Z3Bob3Rvcy1wcm9k/LnBob3Rvcy92M18w/MTY1NjkzLmpwZw.jpg'),
(60, 'Vaughan', 'CASSAMA', 'K4880532@kingston.ac.uk', '767816', 0, 2, 6, 1, 'https://images.generated.photos/KVOCYPD-d2FjOsU5L_dQvngcM_h2nloHheTPigB9Wm0/rs:fit:256:256/czM6Ly9pY29uczgu/Z3Bob3Rvcy1wcm9k/LnBob3Rvcy92M18w/MjI1NDg5LmpwZw.jpg'),
(61, 'Hamza', 'CASSAR', 'K2189092@kingston.ac.uk', '218777', 0, 2, 3, 1, 'https://images.generated.photos/aq8CpUjuwVtT5YP5t9kRUvUliP0rZmuxMeKsToHswds/rs:fit:256:256/czM6Ly9pY29uczgu/Z3Bob3Rvcy1wcm9k/LnBob3Rvcy92M18w/MDc0MDU2LmpwZw.jpg'),
(62, 'Adam', 'CHARKAUI', 'K4457721@kingston.ac.uk', '237394', 0, 2, 6, 1, 'https://images.generated.photos/LYa83chsjlauCsYjM68NCQvjzYT9SqbzFeJRDTUrWHI/rs:fit:256:256/czM6Ly9pY29uczgu/Z3Bob3Rvcy1wcm9k/LnBob3Rvcy92M18w/ODAxMDY3LmpwZw.jpg'),
(63, 'Abdullah', 'CHOHAN', 'K5171895@kingston.ac.uk', '229846', 0, 2, 6, 1, 'https://images.generated.photos/0s29pYa3GoLpzDa_rSnFlOdjh7udUNfJ-OwZh7iO2DM/rs:fit:256:256/czM6Ly9pY29uczgu/Z3Bob3Rvcy1wcm9k/LnBob3Rvcy92M18w/NjMwNDM2LmpwZw.jpg'),
(64, 'Tajrihan', 'CHOWDHURY', 'K2680436@kingston.ac.uk', '674401', 0, 2, 3, 1, 'https://images.generated.photos/qRXH-kWJyBf0KLKjYOqPILXsN1WgI1eM4iS1S2eCanA/rs:fit:256:256/czM6Ly9pY29uczgu/Z3Bob3Rvcy1wcm9k/LnBob3Rvcy92M18w/MTA3ODAxLmpwZw.jpg'),
(65, 'Ciaran', 'CLARK', 'K6544651@kingston.ac.uk', '512250', 0, 2, 6, 1, 'https://images.generated.photos/GvrS74ClRAkEQ_-WeZzKxvc-zbzc8ElrjEQ22YEHr7o/rs:fit:256:256/czM6Ly9pY29uczgu/Z3Bob3Rvcy1wcm9k/LnBob3Rvcy92M18w/NTI3NjcwLmpwZw.jpg'),
(66, 'Hamish', 'CLARKE-MANNING', 'K7203468@kingston.ac.uk', '276175', 0, 2, 6, 1, 'https://images.generated.photos/G4JK6RYjaiMm2sfAjcTVwRM3SAqn0tV5zrPYjRqTRt0/rs:fit:256:256/czM6Ly9pY29uczgu/Z3Bob3Rvcy1wcm9k/LnBob3Rvcy92M18w/NjYxODkzLmpwZw.jpg'),
(67, 'Dora', 'CONTEH', 'K2158861@kingston.ac.uk', '441025', 0, 2, 3, 1, 'https://images.generated.photos/zFeqVi06V04p4vw_efd1m_utGGlxwyGkruvoJMgu9fk/rs:fit:256:256/czM6Ly9pY29uczgu/Z3Bob3Rvcy1wcm9k/LnBob3Rvcy92M18w/NDgzOTUwLmpwZw.jpg'),
(68, 'Jonathan', 'CUTHBERTSON', 'K8722749@kingston.ac.uk', '74536', 0, 2, 6, 1, 'https://images.generated.photos/4fHOS2cD9Ykbz5pJ_0KQucwvzCMPQTR7-5rGAydjLGo/rs:fit:256:256/czM6Ly9pY29uczgu/Z3Bob3Rvcy1wcm9k/LnBob3Rvcy92M18w/MjM0MjczLmpwZw.jpg'),
(69, 'Stefan', 'DA\'AS', 'K2429073@kingston.ac.uk', '884450', 0, 2, 6, 1, 'https://images.generated.photos/bfyqSPI4AIpT9jxgEan8W8QYkBmss4z6y_SY4j9k3hM/rs:fit:256:256/czM6Ly9pY29uczgu/Z3Bob3Rvcy1wcm9k/LnBob3Rvcy92M18w/ODU3Mzc2LmpwZw.jpg'),
(70, 'Cameron', 'DAVIDSON-GRANT', 'K8475930@kingston.ac.uk', '878529', 0, 2, 3, 1, 'https://images.generated.photos/p8qqcZPM3gEYuLbBy_4mbMYGlmstgJM34OBxpKDM-LI/rs:fit:256:256/czM6Ly9pY29uczgu/Z3Bob3Rvcy1wcm9k/LnBob3Rvcy92M18w/MjI4NDY3LmpwZw.jpg'),
(71, 'Brooklyn', 'DAWIT', 'K1032995@kingston.ac.uk', '305071', 0, 2, 6, 1, 'https://images.generated.photos/ePmKPAC3BwnNm1NMCogRGna-aG9PN5WiJe2OskMRaM0/rs:fit:256:256/czM6Ly9pY29uczgu/Z3Bob3Rvcy1wcm9k/LnBob3Rvcy92M18w/NjE0ODQzLmpwZw.jpg'),
(72, 'Andre', 'DE SOUSA', 'K8786944@kingston.ac.uk', '987358', 0, 2, 6, 1, 'https://images.generated.photos/VRh3J6Kn5uwWEnN-nC_QxC6BtTrjGIM4utBXExhhugY/rs:fit:256:256/czM6Ly9pY29uczgu/Z3Bob3Rvcy1wcm9k/LnBob3Rvcy92M18w/MzIyMTc5LmpwZw.jpg'),
(73, 'Shahnoor', 'DEB', 'K5743002@kingston.ac.uk', '539278', 0, 2, 3, 1, 'https://images.generated.photos/wV1tZpA5dQPfRQiceng-khVBQy0y1qbhBHt6qBUos60/rs:fit:256:256/czM6Ly9pY29uczgu/Z3Bob3Rvcy1wcm9k/LnBob3Rvcy92M18w/MTA4NzU5LmpwZw.jpg'),
(74, 'Saber', 'DEY', 'K4640501@kingston.ac.uk', '465648', 0, 2, 6, 1, 'https://images.generated.photos/R-3NPwCNbIrl9Xu4LRMETELl415lzKA7GKxiwCihO_w/rs:fit:256:256/czM6Ly9pY29uczgu/Z3Bob3Rvcy1wcm9k/LnBob3Rvcy92M18w/NzAxMzkzLmpwZw.jpg'),
(75, 'Amandeep', 'DHANJAL', 'K8786808@kingston.ac.uk', '213464', 0, 2, 6, 1, 'https://images.generated.photos/c8cDElhiWL_TuY053ozUVG78eOh1PqIfM-VgJ8rfq5I/rs:fit:256:256/czM6Ly9pY29uczgu/Z3Bob3Rvcy1wcm9k/LnBob3Rvcy92M18w/MjMxMTM4LmpwZw.jpg'),
(76, 'Zuheyla', 'DHILLON', 'K2787150@kingston.ac.uk', '957963', 0, 2, 3, 1, 'https://images.generated.photos/PHus5nEJieYqP9Jxv8fve6RsoL6jGAlU7qH0W9eGfAM/rs:fit:256:256/czM6Ly9pY29uczgu/Z3Bob3Rvcy1wcm9k/LnBob3Rvcy92M18w/NTAzOTMwLmpwZw.jpg'),
(77, 'Mohammed', 'DIRAM', 'K6720757@kingston.ac.uk', '823049', 0, 2, 6, 1, 'https://images.generated.photos/vnopGiDivHG6UKp3AgGkY44U3nOfR3lLsWNKdA-KEyQ/rs:fit:256:256/czM6Ly9pY29uczgu/Z3Bob3Rvcy1wcm9k/LnBob3Rvcy92M18w/MjAzMjQyLmpwZw.jpg'),
(78, 'Sebastian', 'DORLING', 'K3149821@kingston.ac.uk', '658554', 0, 2, 6, 1, 'https://images.generated.photos/jX37IA2tPWH3xEC7wvrfh6TUtf5H66hlaXZATLRlx4M/rs:fit:256:256/czM6Ly9pY29uczgu/Z3Bob3Rvcy1wcm9k/LnBob3Rvcy92M18w/MTE0NjU3LmpwZw.jpg'),
(79, 'Marisa', 'DOSANJH', 'K6418823@kingston.ac.uk', '257946', 0, 2, 3, 1, 'https://images.generated.photos/9rL6VPQcnS5Zxyb8UmWvGP6sB0vPq5k3CPtxAgIVhPM/rs:fit:256:256/czM6Ly9pY29uczgu/Z3Bob3Rvcy1wcm9k/LnBob3Rvcy92M18w/OTE2NDYwLmpwZw.jpg'),
(80, 'James', 'EATON', 'K4103400@kingston.ac.uk', '555520', 0, 2, 6, 1, 'https://images.generated.photos/R-3NPwCNbIrl9Xu4LRMETELl415lzKA7GKxiwCihO_w/rs:fit:256:256/czM6Ly9pY29uczgu/Z3Bob3Rvcy1wcm9k/LnBob3Rvcy92M18w/NzAxMzkzLmpwZw.jpg'),
(81, 'Ryan', 'EBLAGH', 'K6087977@kingston.ac.uk', '610391', 0, 2, 6, 1, 'https://images.generated.photos/Rf3Bkicz4LYaSdocAI6zN087YPnBalDZIJtaSiO1aII/rs:fit:256:256/czM6Ly9pY29uczgu/Z3Bob3Rvcy1wcm9k/LnBob3Rvcy92M18w/NjI5NDY5LmpwZw.jpg'),
(82, 'Elias', 'EL KIK', 'K4482484@kingston.ac.uk', '103875', 0, 2, 3, 1, 'https://images.generated.photos/bxn2p0TM_PUFA1SaWQFWONvmVRiHBURfjREg3rhfJLc/rs:fit:256:256/czM6Ly9pY29uczgu/Z3Bob3Rvcy1wcm9k/LnBob3Rvcy92M18w/MjI4NjUxLmpwZw.jpg'),
(83, 'Omar', 'AL-SHARIF', 'K4570195@kingston.ac.uk', '336907', 0, 2, 6, 1, 'https://images.generated.photos/GoTad-molmm806QqX9iiovkUl6t544qJnZ75wQEkYBA/rs:fit:256:256/czM6Ly9pY29uczgu/Z3Bob3Rvcy1wcm9k/LnBob3Rvcy92M18w/MjQ5MTAxLmpwZw.jpg'),
(84, 'Sarah', 'EMMANUEL', 'K5911676@kingston.ac.uk', '726512', 0, 2, 6, 1, 'https://images.generated.photos/MeSdOWLmmY-RGbZYUPLVGzoJHa-Ur6YWDfAvKKpu6iI/rs:fit:256:256/czM6Ly9pY29uczgu/Z3Bob3Rvcy1wcm9k/LnBob3Rvcy92M18w/MDcxMzM5LmpwZw.jpg'),
(85, 'Mohamed', 'ERYASAR', 'K4948715@kingston.ac.uk', '520409', 0, 2, 3, 1, 'https://images.generated.photos/lO7H_9qp0UOrlj_1j8GIgGzD2dzFS4m-jnyL-ubpc_g/rs:fit:256:256/czM6Ly9pY29uczgu/Z3Bob3Rvcy1wcm9k/LnBob3Rvcy92M18w/NzQ5NzgyLmpwZw.jpg'),
(86, 'Omar', 'FARAH', 'K9139752@kingston.ac.uk', '658310', 0, 2, 6, 1, 'https://images.generated.photos/hnWSsNBUCO54EsrQaocQblBrwyqUSkG2H28TcIR3_xo/rs:fit:256:256/czM6Ly9pY29uczgu/Z3Bob3Rvcy1wcm9k/LnBob3Rvcy92M18w/MTg2MTU1LmpwZw.jpg'),
(87, 'Hamzah', 'FATHI', 'K5136791@kingston.ac.uk', '941643', 0, 2, 6, 1, 'https://images.generated.photos/T_aLxxbvCteY1hL4iVd-NfjnHf_7wxww1Ap0vrXNeeM/rs:fit:256:256/czM6Ly9pY29uczgu/Z3Bob3Rvcy1wcm9k/LnBob3Rvcy92M18w/NzMzMDY2LmpwZw.jpg'),
(88, 'Ismat', 'FAZEL', 'K4100056@kingston.ac.uk', '270125', 0, 2, 3, 1, 'https://images.generated.photos/-T5HNk5a_ul_nr_4JUpOfiwLtohOwxuDQBGxUWfVSQc/rs:fit:256:256/czM6Ly9pY29uczgu/Z3Bob3Rvcy1wcm9k/LnBob3Rvcy92M18w/MjIzNTA1LmpwZw.jpg'),
(89, 'Herman', 'FERNANDEZ RUIZ', 'K8448831@kingston.ac.uk', '651083', 0, 2, 6, 1, 'https://images.generated.photos/MisXC_ZEtY_OSQvatKbth6GyUEgjX9eS3hzX7J_9ODI/rs:fit:256:256/czM6Ly9pY29uczgu/Z3Bob3Rvcy1wcm9k/LnBob3Rvcy92M18w/NjQxNDMyLmpwZw.jpg'),
(90, 'Tewolde', 'FONTENELLE', 'K3715615@kingston.ac.uk', '475741', 0, 2, 6, 1, 'https://images.generated.photos/aOd5DY9iU6pKv5dyxlIDZW6ceBtWgWwpsh5yKUFWcRE/rs:fit:256:256/czM6Ly9pY29uczgu/Z3Bob3Rvcy1wcm9k/LnBob3Rvcy92M18w/MTE3NTI4LmpwZw.jpg'),
(91, 'Glenn', 'FOWLER', 'K2362049@kingston.ac.uk', '280564', 0, 2, 3, 1, 'https://images.generated.photos/Vb-f5Y0LCXeVy38W8GnVp5T8sjjD0A4eEr9K9w22ahA/rs:fit:256:256/czM6Ly9pY29uczgu/Z3Bob3Rvcy1wcm9k/LnBob3Rvcy92M18w/NDE0NTc2LmpwZw.jpg'),
(92, 'Tomasz', 'GARBIAK', 'K7708581@kingston.ac.uk', '697492', 0, 2, 6, 1, 'https://images.generated.photos/-bHC_Sb3KuCyf4ONrt6HtA80cKaWk2k5OYnEESne8rU/rs:fit:256:256/czM6Ly9pY29uczgu/Z3Bob3Rvcy1wcm9k/LnBob3Rvcy92M18w/ODM2NTgwLmpwZw.jpg'),
(93, 'Ves', 'GEORGIEVA', 'K4759648@kingston.ac.uk', '575003', 0, 2, 6, 1, 'https://images.generated.photos/xDf3VYo6L3me55qQ4SIvKkjFVbT0iGiwUqdNjh9JLYc/rs:fit:256:256/czM6Ly9pY29uczgu/Z3Bob3Rvcy1wcm9k/LnBob3Rvcy92M18w/Mzg2NTQxLmpwZw.jpg'),
(94, 'Josh', 'GHANBARIPOUR', 'K7669441@kingston.ac.uk', '802001', 0, 2, 3, 1, 'https://images.generated.photos/YFbWxZ8QOMx0aAJYNiTa1HyJ2Jq2YBn6OTCY3coweAs/rs:fit:256:256/czM6Ly9pY29uczgu/Z3Bob3Rvcy1wcm9k/LnBob3Rvcy92M18w/MTEwNjk2LmpwZw.jpg'),
(95, 'Aaron', 'GILL', 'K2265774@kingston.ac.uk', '582946', 0, 2, 6, 1, 'https://images.generated.photos/x5UFfGxIsMlrNZx3s3eM_ECIK0So9GmfPIgwIzKMOvk/rs:fit:256:256/czM6Ly9pY29uczgu/Z3Bob3Rvcy1wcm9k/LnBob3Rvcy92M18w/MTI2MDUzLmpwZw.jpg'),
(96, 'Kevin', 'GRABDA', 'K8807329@kingston.ac.uk', '740820', 0, 2, 6, 1, 'https://images.generated.photos/WI80uorWegDL73F_SgzW7IGi6smPw2-xwa0kVOE8YY4/rs:fit:256:256/czM6Ly9pY29uczgu/Z3Bob3Rvcy1wcm9k/LnBob3Rvcy92M18w/OTcxMjU3LmpwZw.jpg'),
(97, 'Chris', 'GREGORY', 'K5699385@kingston.ac.uk', '289978', 0, 2, 3, 1, 'https://images.generated.photos/7XnCnhvTRcDleV_ZeYrjtKdJcAi3Pv3fUsh2SAeBo-A/rs:fit:256:256/czM6Ly9pY29uczgu/Z3Bob3Rvcy1wcm9k/LnBob3Rvcy92M18w/NzY5NTIzLmpwZw.jpg'),
(98, 'Aashma', 'GULED KAYNAN', 'K5791546@kingston.ac.uk', '964737', 0, 2, 6, 1, 'https://images.generated.photos/3Fxk67QWffDI03Pm-dXc0uhZpHJZVKnYmThMqfKNtOU/rs:fit:256:256/czM6Ly9pY29uczgu/Z3Bob3Rvcy1wcm9k/LnBob3Rvcy92M18w/MDA5OTk1LmpwZw.jpg'),
(99, 'Maryam', 'GURNANI KISHORE', 'K4052629@kingston.ac.uk', '667315', 0, 2, 6, 1, 'https://images.generated.photos/RGuZmzGUkzJIp4OpYfzPLgsioGF9a7Wd1uyi6PsHGgk/rs:fit:256:256/czM6Ly9pY29uczgu/Z3Bob3Rvcy1wcm9k/LnBob3Rvcy92M18w/NDgyNTA2LmpwZw.jpg'),
(100, 'Anil', 'GURUNG', 'K6147852@kingston.ac.uk', '886572', 0, 2, 3, 1, 'https://images.generated.photos/hQhusbkbyyxfX8kKXcneY4rroLsc8NkBbMVoGhDN4eg/rs:fit:256:256/czM6Ly9pY29uczgu/Z3Bob3Rvcy1wcm9k/LnBob3Rvcy92M18w/ODQyNzI2LmpwZw.jpg'),
(101, 'Tia', 'HAIDER', 'K3363927@kingston.ac.uk', '735525', 0, 2, 6, 1, 'https://images.generated.photos/i2FdynijXNPPeSaLirznug1FKnhzAgyDCLxMOAQuPys/rs:fit:256:256/czM6Ly9pY29uczgu/Z3Bob3Rvcy1wcm9k/LnBob3Rvcy92M18w/NTQ3ODg4LmpwZw.jpg'),
(102, 'Danial', 'HAKIMZADA', 'K4273087@kingston.ac.uk', '150437', 0, 2, 6, 1, 'https://images.generated.photos/wV1tZpA5dQPfRQiceng-khVBQy0y1qbhBHt6qBUos60/rs:fit:256:256/czM6Ly9pY29uczgu/Z3Bob3Rvcy1wcm9k/LnBob3Rvcy92M18w/MTA4NzU5LmpwZw.jpg'),
(103, 'Nadiya', 'HARB', 'K6710989@kingston.ac.uk', '683872', 0, 2, 3, 1, 'https://images.generated.photos/vUiIDXsws0TW4sYj0yBSvUZP17_rNZjpXzLrkrbK3Ps/rs:fit:256:256/czM6Ly9pY29uczgu/Z3Bob3Rvcy1wcm9k/LnBob3Rvcy92M18w/NDQ1NTYyLmpwZw.jpg'),
(104, 'Peter', 'HARMAN', 'K9246290@kingston.ac.uk', '157552', 0, 2, 6, 1, 'https://images.generated.photos/EGP62tk_fvrSvAFxGfD2u7ILrB4uKpe-mt4vUOLgBfs/rs:fit:256:256/czM6Ly9pY29uczgu/Z3Bob3Rvcy1wcm9k/LnBob3Rvcy92M18w/OTUwNzE0LmpwZw.jpg'),
(105, 'Abdulahi', 'HASSAN', 'K1413260@kingston.ac.uk', '615158', 0, 2, 6, 1, 'https://images.generated.photos/wxEohmquKxhszr5XiPb5OPrrgU6Ack-zoijM_89nlF8/rs:fit:256:256/czM6Ly9pY29uczgu/Z3Bob3Rvcy1wcm9k/LnBob3Rvcy92M18w/NjkyODMwLmpwZw.jpg'),
(106, 'Hassan', 'HASSAN', 'K1631757@kingston.ac.uk', '773441', 0, 2, 3, 1, 'https://images.generated.photos/CgKdAXwvC7hEMAwVPM_34Ma2sMKVJ60fF3r9n3R5n2s/rs:fit:256:256/czM6Ly9pY29uczgu/Z3Bob3Rvcy1wcm9k/LnBob3Rvcy92M18w/ODAwNDgxLmpwZw.jpg'),
(107, 'Yahya', 'HASSANZADA', 'K1274835@kingston.ac.uk', '875396', 0, 2, 6, 1, 'https://images.generated.photos/3PeS-spTcZ_rwxLlY_DtRPEFnf3gRFVERVmqEoSemT4/rs:fit:256:256/czM6Ly9pY29uczgu/Z3Bob3Rvcy1wcm9k/LnBob3Rvcy92M18w/MTk3NTY4LmpwZw.jpg'),
(108, 'Sherina', 'HAYRAPET', 'K5711634@kingston.ac.uk', '157206', 0, 2, 6, 1, 'https://images.generated.photos/eXNjyoyRYTBuzxTySM2pvZswhsKkLQDd3kUK1Kea2YA/rs:fit:256:256/czM6Ly9pY29uczgu/Z3Bob3Rvcy1wcm9k/LnBob3Rvcy92M18w/NzE0NDM0LmpwZw.jpg'),
(109, 'Chanae', 'HIND', 'K4435101@kingston.ac.uk', '423681', 0, 2, 3, 1, 'https://images.generated.photos/y6RbwNMGPVYWV1ZsokruuAAdAig1ksPBerFnJdtJ51A/rs:fit:256:256/czM6Ly9pY29uczgu/Z3Bob3Rvcy1wcm9k/LnBob3Rvcy92M18w/MDYyODQ0LmpwZw.jpg'),
(110, 'Josh', 'HOLDEN', 'K5052307@kingston.ac.uk', '414416', 0, 2, 6, 1, 'https://images.generated.photos/HJRhkhCngb2-0kTxXfYZj2BhVeyKKINJ7KumE-Hd_gE/rs:fit:256:256/czM6Ly9pY29uczgu/Z3Bob3Rvcy1wcm9k/LnBob3Rvcy92M18w/NTY5OTI2LmpwZw.jpg'),
(111, 'Suad', 'HOOZEER', 'K7410300@kingston.ac.uk', '959993', 0, 2, 6, 1, 'https://images.generated.photos/7-tR4l4K9PyLu4R5TUos9S4OGq71k1U4ZpMnfUVGmQg/rs:fit:256:256/czM6Ly9pY29uczgu/Z3Bob3Rvcy1wcm9k/LnBob3Rvcy92M18w/MDY0NzQ4LmpwZw.jpg'),
(112, 'Hunain', 'HUSSAIN', 'K4254183@kingston.ac.uk', '269482', 0, 2, 3, 1, 'https://images.generated.photos/gMC173_F8yruoYHDuzFKz2VYYedlUhTf8Y5KT_PUPP0/rs:fit:256:256/czM6Ly9pY29uczgu/Z3Bob3Rvcy1wcm9k/LnBob3Rvcy92M18w/Njg5MTk4LmpwZw.jpg'),
(113, 'Shahazada', 'HUSSAINI', 'K1724742@kingston.ac.uk', '752198', 0, 2, 6, 1, 'https://images.generated.photos/R-3NPwCNbIrl9Xu4LRMETELl415lzKA7GKxiwCihO_w/rs:fit:256:256/czM6Ly9pY29uczgu/Z3Bob3Rvcy1wcm9k/LnBob3Rvcy92M18w/NzAxMzkzLmpwZw.jpg'),
(114, 'Liiban', 'HUSSEIN', 'K6436639@kingston.ac.uk', '105963', 0, 2, 6, 1, 'https://images.generated.photos/eL1-OlKDqGf1IaL_b2O8aSj7osDX_eFVHZEoJ0f3ZV0/rs:fit:256:256/czM6Ly9pY29uczgu/Z3Bob3Rvcy1wcm9k/LnBob3Rvcy92M18w/NzYwNjc0LmpwZw.jpg'),
(115, 'Kurt', 'HYLAND', 'K9949540@kingston.ac.uk', '77882', 0, 2, 3, 1, 'https://images.generated.photos/3PeS-spTcZ_rwxLlY_DtRPEFnf3gRFVERVmqEoSemT4/rs:fit:256:256/czM6Ly9pY29uczgu/Z3Bob3Rvcy1wcm9k/LnBob3Rvcy92M18w/MTk3NTY4LmpwZw.jpg'),
(116, 'Filipa', 'IACOVOU', 'K7603596@kingston.ac.uk', '812192', 0, 2, 6, 1, 'https://images.generated.photos/C21xfTaqDf4k3JOl5FljAKze4GY8msV3Hr2T9kJExR0/rs:fit:256:256/czM6Ly9pY29uczgu/Z3Bob3Rvcy1wcm9k/LnBob3Rvcy92M18w/MzkxOTY2LmpwZw.jpg'),
(117, 'Abdul', 'IBRAHIM', 'K9404612@kingston.ac.uk', '369576', 0, 2, 6, 1, 'https://images.generated.photos/RGXOPryYJo9FsyrfM9yYhxGJzzAKKKOUyFLqYnCiHvI/rs:fit:256:256/czM6Ly9pY29uczgu/Z3Bob3Rvcy1wcm9k/LnBob3Rvcy92M18w/MTU1MTI3LmpwZw.jpg'),
(118, 'Khadiir', 'IBRAHIM', 'K3604192@kingston.ac.uk', '722085', 0, 2, 3, 1, 'https://images.generated.photos/H8-7k5M57zi3_zyK-XMFWaTomaVt7GLUfEvUmfoA3sk/rs:fit:256:256/czM6Ly9pY29uczgu/Z3Bob3Rvcy1wcm9k/LnBob3Rvcy92M18w/MzMwODkyLmpwZw.jpg'),
(119, 'Arooj', 'ISHAQ', 'K9888087@kingston.ac.uk', '922526', 0, 2, 6, 1, 'https://images.generated.photos/oQehFh4R2sa_U2H0Nrn1xYCCLMKtHi6SJKM0lGdqOLM/rs:fit:256:256/czM6Ly9pY29uczgu/Z3Bob3Rvcy1wcm9k/LnBob3Rvcy92M18w/ODM3OTQwLmpwZw.jpg'),
(120, 'Mayez', 'ISSA', 'K3444174@kingston.ac.uk', '599894', 0, 2, 6, 1, 'https://images.generated.photos/CgKdAXwvC7hEMAwVPM_34Ma2sMKVJ60fF3r9n3R5n2s/rs:fit:256:256/czM6Ly9pY29uczgu/Z3Bob3Rvcy1wcm9k/LnBob3Rvcy92M18w/ODAwNDgxLmpwZw.jpg'),
(121, 'Tariq', 'JAFRI', 'K2352424@kingston.ac.uk', '184658', 0, 2, 3, 1, 'https://images.generated.photos/Ysux_8E0--6S4cW7TLJ5OJPRuAgtdTIWjzW826oqqfU/rs:fit:256:256/czM6Ly9pY29uczgu/Z3Bob3Rvcy1wcm9k/LnBob3Rvcy92M18w/NzgzMTczLmpwZw.jpg'),
(122, 'Mamadou', 'JAMEEL', 'K7105019@kingston.ac.uk', '461105', 0, 2, 6, 1, 'https://images.generated.photos/HJRhkhCngb2-0kTxXfYZj2BhVeyKKINJ7KumE-Hd_gE/rs:fit:256:256/czM6Ly9pY29uczgu/Z3Bob3Rvcy1wcm9k/LnBob3Rvcy92M18w/NTY5OTI2LmpwZw.jpg'),
(123, 'Tashfeen', 'JASKERAN', 'K4294991@kingston.ac.uk', '976798', 0, 2, 6, 1, 'https://images.generated.photos/wxEohmquKxhszr5XiPb5OPrrgU6Ack-zoijM_89nlF8/rs:fit:256:256/czM6Ly9pY29uczgu/Z3Bob3Rvcy1wcm9k/LnBob3Rvcy92M18w/NjkyODMwLmpwZw.jpg'),
(124, 'Mazen', 'JAYASURIYA PERERA', 'K8016187@kingston.ac.uk', '332945', 0, 2, 3, 1, 'https://images.generated.photos/wV1tZpA5dQPfRQiceng-khVBQy0y1qbhBHt6qBUos60/rs:fit:256:256/czM6Ly9pY29uczgu/Z3Bob3Rvcy1wcm9k/LnBob3Rvcy92M18w/MTA4NzU5LmpwZw.jpg'),
(125, 'Ruthan', 'JEYAPRAGASH', 'K1410282@kingston.ac.uk', '741077', 0, 2, 6, 1, 'https://images.generated.photos/wKr4AYUB6JDywpYzesgjWIj5LMOlfYWx4ZhgMp851oQ/rs:fit:256:256/czM6Ly9pY29uczgu/Z3Bob3Rvcy1wcm9k/LnBob3Rvcy92M18w/Mzg0Mzk1LmpwZw.jpg'),
(126, 'Janith', 'JITCOVICI', 'K3754635@kingston.ac.uk', '58425', 0, 2, 6, 1, 'https://images.generated.photos/vnopGiDivHG6UKp3AgGkY44U3nOfR3lLsWNKdA-KEyQ/rs:fit:256:256/czM6Ly9pY29uczgu/Z3Bob3Rvcy1wcm9k/LnBob3Rvcy92M18w/MjAzMjQyLmpwZw.jpg'),
(127, 'Daniel', 'JOHN', 'K9469820@kingston.ac.uk', '216316', 0, 2, 3, 1, 'https://images.generated.photos/SaoSoJmmJ0AAUi49cSbqcsDXFxjkl63LbPbnOEhiVz0/rs:fit:256:256/czM6Ly9pY29uczgu/Z3Bob3Rvcy1wcm9k/LnBob3Rvcy92M18w/NTY3MjMwLmpwZw.jpg'),
(128, 'Elliot', 'JONES', 'K2217925@kingston.ac.uk', '184803', 0, 2, 6, 1, 'https://images.generated.photos/IRl1zRS279e2hyuhJ7gLqFC4WyJL1OMR_UImEaQYnMM/rs:fit:256:256/czM6Ly9pY29uczgu/Z3Bob3Rvcy1wcm9k/LnBob3Rvcy92M18w/MTUyNTA1LmpwZw.jpg'),
(129, 'Romario', 'JUSTUS', 'K7267804@kingston.ac.uk', '332807', 0, 2, 6, 1, 'https://images.generated.photos/v2zFVcSP9iz5nozsATj_XileGEg4qv8GxvK_hXE81-Y/rs:fit:256:256/czM6Ly9pY29uczgu/Z3Bob3Rvcy1wcm9k/LnBob3Rvcy92M18w/OTA3ODE5LmpwZw.jpg'),
(130, 'Bhargav', 'KAILASAM', 'K9923730@kingston.ac.uk', '505107', 0, 2, 3, 1, 'https://images.generated.photos/AIQZhFHClj3GuxzF0_eNPxr1tx3M6t-YSYMt0SgSh44/rs:fit:256:256/czM6Ly9pY29uczgu/Z3Bob3Rvcy1wcm9k/LnBob3Rvcy92M18w/OTM4Njg2LmpwZw.jpg'),
(131, 'Daiwik', 'KAM', 'K7293521@kingston.ac.uk', '748503', 0, 2, 6, 1, 'https://images.generated.photos/_bAKJiQZh9-XrKT3K-XCLIk0T-UtGaQfz8D-12y8gaU/rs:fit:256:256/czM6Ly9pY29uczgu/Z3Bob3Rvcy1wcm9k/LnBob3Rvcy92M18w/MDY0NjI5LmpwZw.jpg'),
(132, 'Simrandeep', 'KAMALESWARAN', 'K7530936@kingston.ac.uk', '28006', 0, 2, 6, 1, 'https://images.generated.photos/7Sfe0S_1P3tFr2PGGl5SeaAqsUeWVRD2-UuK7wkNcxM/rs:fit:256:256/czM6Ly9pY29uczgu/Z3Bob3Rvcy1wcm9k/LnBob3Rvcy92M18w/MzA1MDkxLmpwZw.jpg'),
(133, 'Harshil', 'KANDEL', 'K6911477@kingston.ac.uk', '65767', 0, 2, 3, 1, 'https://images.generated.photos/YBJh-Q8mxrCaCJ7dc1Wx41wCOqBpCkLBeIQGED2RVhg/rs:fit:256:256/czM6Ly9pY29uczgu/Z3Bob3Rvcy1wcm9k/LnBob3Rvcy92M18w/NzM4NDI4LmpwZw.jpg'),
(134, 'Junior', 'KANNEH', 'K5656986@kingston.ac.uk', '660256', 0, 2, 6, 1, 'https://images.generated.photos/LT2ltWbY0qzloYhACMj0ch8VgtXRk8WVCngBtZmJ8No/rs:fit:256:256/czM6Ly9pY29uczgu/Z3Bob3Rvcy1wcm9k/LnBob3Rvcy92M18w/Njc0NTE0LmpwZw.jpg'),
(135, 'Ragul', 'KARIM', 'K5764658@kingston.ac.uk', '620182', 0, 2, 6, 1, 'https://images.generated.photos/CN7rkheami9vL8v-qSc9Kxm6IHKom5rKO7h47oJlTys/rs:fit:256:256/czM6Ly9pY29uczgu/Z3Bob3Rvcy1wcm9k/LnBob3Rvcy92M18w/MDEyMTAxLmpwZw.jpg'),
(136, 'Isaac', 'KATO', 'K6442230@kingston.ac.uk', '798835', 0, 2, 3, 1, 'https://images.generated.photos/Gu1kMoq5prDEulnTyPiwetvA0ovLQ6YJ8SIRH327vkw/rs:fit:256:256/czM6Ly9pY29uczgu/Z3Bob3Rvcy1wcm9k/LnBob3Rvcy92M18w/MTI2ODMwLmpwZw.jpg'),
(137, 'Max', 'KENNEAVY', 'K4531891@kingston.ac.uk', '527973', 0, 2, 6, 1, 'https://images.generated.photos/gMC173_F8yruoYHDuzFKz2VYYedlUhTf8Y5KT_PUPP0/rs:fit:256:256/czM6Ly9pY29uczgu/Z3Bob3Rvcy1wcm9k/LnBob3Rvcy92M18w/Njg5MTk4LmpwZw.jpg'),
(138, 'Pawandeep', 'KEYAMO', 'K6252793@kingston.ac.uk', '355807', 0, 2, 6, 1, 'https://images.generated.photos/rwm_icl_UVAKglrFdFxuNbGMyIE8JljTR76B4ht_UpI/rs:fit:256:256/czM6Ly9pY29uczgu/Z3Bob3Rvcy1wcm9k/LnBob3Rvcy92M18w/MjY1MjIwLmpwZw.jpg'),
(139, 'Adil', 'KHAN', 'K2457028@kingston.ac.uk', '95250', 0, 2, 3, 1, 'https://images.generated.photos/x5UFfGxIsMlrNZx3s3eM_ECIK0So9GmfPIgwIzKMOvk/rs:fit:256:256/czM6Ly9pY29uczgu/Z3Bob3Rvcy1wcm9k/LnBob3Rvcy92M18w/MTI2MDUzLmpwZw.jpg'),
(140, 'Mohammad', 'KHAN', 'K4247452@kingston.ac.uk', '55238', 0, 2, 6, 1, 'https://images.generated.photos/CN7rkheami9vL8v-qSc9Kxm6IHKom5rKO7h47oJlTys/rs:fit:256:256/czM6Ly9pY29uczgu/Z3Bob3Rvcy1wcm9k/LnBob3Rvcy92M18w/MDEyMTAxLmpwZw.jpg'),
(141, 'Sulaiman', 'KHAN', 'K5650021@kingston.ac.uk', '469713', 0, 2, 6, 1, 'https://images.generated.photos/EGP62tk_fvrSvAFxGfD2u7ILrB4uKpe-mt4vUOLgBfs/rs:fit:256:256/czM6Ly9pY29uczgu/Z3Bob3Rvcy1wcm9k/LnBob3Rvcy92M18w/OTUwNzE0LmpwZw.jpg'),
(142, 'Zain', 'KHATIBI', 'K5482715@kingston.ac.uk', '497043', 0, 2, 3, 1, 'https://images.generated.photos/YBJh-Q8mxrCaCJ7dc1Wx41wCOqBpCkLBeIQGED2RVhg/rs:fit:256:256/czM6Ly9pY29uczgu/Z3Bob3Rvcy1wcm9k/LnBob3Rvcy92M18w/NzM4NDI4LmpwZw.jpg'),
(143, 'Rainer', 'KIDEGA', 'K5905485@kingston.ac.uk', '52562', 0, 2, 6, 1, 'https://images.generated.photos/KW3XTHDx79QjWwtAiBL5Z2JBoHngJyZPHt0jNza6Aus/rs:fit:256:256/czM6Ly9pY29uczgu/Z3Bob3Rvcy1wcm9k/LnBob3Rvcy92M18w/NDkwMzgxLmpwZw.jpg'),
(144, 'Zoni', 'KIRSA', 'K5152967@kingston.ac.uk', '539992', 0, 2, 6, 1, 'https://images.generated.photos/8B9Ke0-HIdZmLQ5aT2exgZRbQDbyFUXMVn5LQFI-ZrQ/rs:fit:256:256/czM6Ly9pY29uczgu/Z3Bob3Rvcy1wcm9k/LnBob3Rvcy92M18w/Mzk1OTU3LmpwZw.jpg'),
(145, 'Oleksandr', 'KOOMSON', 'K5905673@kingston.ac.uk', '109485', 0, 2, 3, 1, 'https://images.generated.photos/oiLHwGXJVq_K6b6tUX_rpGUAEyOLT9B2TsNJetPt7Ac/rs:fit:256:256/czM6Ly9pY29uczgu/Z3Bob3Rvcy1wcm9k/LnBob3Rvcy92M18w/MDQ0MzAxLmpwZw.jpg'),
(146, 'Saheed', 'KRISHNAPILLAI', 'K7028244@kingston.ac.uk', '116895', 0, 2, 6, 1, 'https://images.generated.photos/TlllLnZmYHMejFUfFN7lyIjyGiIo7SYOF1L-tnGURIE/rs:fit:256:256/czM6Ly9pY29uczgu/Z3Bob3Rvcy1wcm9k/LnBob3Rvcy92M18w/Nzg0ODMwLmpwZw.jpg'),
(147, 'Angelica', 'KULICZKOWSKI', 'K3578374@kingston.ac.uk', '598908', 0, 2, 6, 1, 'https://images.generated.photos/8TBNx_XodEKqvik2qNCPBrRu2d8yTEtRanc9pGt4GqA/rs:fit:256:256/czM6Ly9pY29uczgu/Z3Bob3Rvcy1wcm9k/LnBob3Rvcy92M18w/MjgxNjkyLmpwZw.jpg'),
(148, 'Nirojan', 'LABIB', 'K7531398@kingston.ac.uk', '974495', 0, 2, 3, 1, 'https://images.generated.photos/PHus5nEJieYqP9Jxv8fve6RsoL6jGAlU7qH0W9eGfAM/rs:fit:256:256/czM6Ly9pY29uczgu/Z3Bob3Rvcy1wcm9k/LnBob3Rvcy92M18w/NTAzOTMwLmpwZw.jpg'),
(149, 'Betzayda', 'LEVIN', 'K9064234@kingston.ac.uk', '159272', 0, 2, 6, 1, 'https://images.generated.photos/XRfSKWBVup-KW5T_lvS0tyce6rGaEBKUDWvk6lxZ8x8/rs:fit:256:256/czM6Ly9pY29uczgu/Z3Bob3Rvcy1wcm9k/LnBob3Rvcy92M18w/MDIwNTQwLmpwZw.jpg'),
(150, 'Minh', 'LIMBU', 'K7698399@kingston.ac.uk', '647457', 0, 2, 6, 1, 'https://images.generated.photos/_gCiWNrIHdM2-DhH7CwL5lN8gi7O-_s7lLcgJTDJ2ak/rs:fit:256:256/czM6Ly9pY29uczgu/Z3Bob3Rvcy1wcm9k/LnBob3Rvcy92M18w/NDg4MjQ5LmpwZw.jpg'),
(151, 'Logan', 'LINTOTT', 'K3445744@kingston.ac.uk', '627107', 0, 2, 3, 1, 'https://images.generated.photos/YBJh-Q8mxrCaCJ7dc1Wx41wCOqBpCkLBeIQGED2RVhg/rs:fit:256:256/czM6Ly9pY29uczgu/Z3Bob3Rvcy1wcm9k/LnBob3Rvcy92M18w/NzM4NDI4LmpwZw.jpg'),
(152, 'Ricardo', 'LOBO', 'K4076142@kingston.ac.uk', '718705', 0, 2, 6, 1, 'https://images.generated.photos/YBJh-Q8mxrCaCJ7dc1Wx41wCOqBpCkLBeIQGED2RVhg/rs:fit:256:256/czM6Ly9pY29uczgu/Z3Bob3Rvcy1wcm9k/LnBob3Rvcy92M18w/NzM4NDI4LmpwZw.jpg'),
(153, 'Andrey', 'LOPEZ CAJAS', 'K8745555@kingston.ac.uk', '77275', 0, 2, 6, 1, 'https://images.generated.photos/ahHydAf8aQiq_BF_VQylEc6gYP96iBCIU3MmxLHfXl8/rs:fit:256:256/czM6Ly9pY29uczgu/Z3Bob3Rvcy1wcm9k/LnBob3Rvcy92M18w/ODM4Mzc3LmpwZw.jpg'),
(154, 'Juvancis', 'LUU', 'K7636859@kingston.ac.uk', '980717', 0, 2, 3, 1, 'https://images.generated.photos/GvrS74ClRAkEQ_-WeZzKxvc-zbzc8ElrjEQ22YEHr7o/rs:fit:256:256/czM6Ly9pY29uczgu/Z3Bob3Rvcy1wcm9k/LnBob3Rvcy92M18w/NTI3NjcwLmpwZw.jpg'),
(155, 'Ismail', 'MACKAY', 'K7636426@kingston.ac.uk', '341174', 0, 2, 6, 1, 'https://images.generated.photos/H9oaVaeM2U36ksLO9v2Cc_FDfas6Q-wAdZe-9iRKpiY/rs:fit:256:256/czM6Ly9pY29uczgu/Z3Bob3Rvcy1wcm9k/LnBob3Rvcy92M18w/ODE3NTA2LmpwZw.jpg'),
(156, 'Mohammed', 'MAHDI', 'K6694378@kingston.ac.uk', '908063', 0, 2, 6, 1, 'https://images.generated.photos/C4wh2-BSdF58itHXDnhMja-hPUoSHJkB0TTI0WxslRo/rs:fit:256:256/czM6Ly9pY29uczgu/Z3Bob3Rvcy1wcm9k/LnBob3Rvcy92M18w/NjM5NzM4LmpwZw.jpg'),
(157, 'Abdul', 'MALEKI', 'K3929910@kingston.ac.uk', '451450', 0, 2, 3, 1, 'https://images.generated.photos/NS4qRSTckTqBsmeQUwxD7AM3WJTHBBhE46WC73ejnds/rs:fit:256:256/czM6Ly9pY29uczgu/Z3Bob3Rvcy1wcm9k/LnBob3Rvcy92M18w/MjYzNTY5LmpwZw.jpg'),
(158, 'Munasar', 'MANAN', 'K8037334@kingston.ac.uk', '841819', 0, 2, 6, 1, 'https://images.generated.photos/_-lwmuPjZsxYn19UATe-fh6ZwQwtAYhAVaqI1QHJWL8/rs:fit:256:256/czM6Ly9pY29uczgu/Z3Bob3Rvcy1wcm9k/LnBob3Rvcy92M18w/MDUxOTQzLmpwZw.jpg'),
(159, 'Kingston', 'MAPEMBE', 'K1981887@kingston.ac.uk', '489123', 0, 2, 6, 1, 'https://images.generated.photos/8B9Ke0-HIdZmLQ5aT2exgZRbQDbyFUXMVn5LQFI-ZrQ/rs:fit:256:256/czM6Ly9pY29uczgu/Z3Bob3Rvcy1wcm9k/LnBob3Rvcy92M18w/Mzk1OTU3LmpwZw.jpg'),
(160, 'Mohammad', 'MAROOF', 'K4462422@kingston.ac.uk', '622609', 0, 2, 3, 1, 'https://images.generated.photos/at6sfW3OnrZJ-HXDVcGgFazH_T9SjukFIOtaGkg2Gb4/rs:fit:256:256/czM6Ly9pY29uczgu/Z3Bob3Rvcy1wcm9k/LnBob3Rvcy92M18w/Mzg0NDYyLmpwZw.jpg'),
(161, 'Christopher', 'MATTHEWS', 'K8073581@kingston.ac.uk', '431784', 0, 2, 6, 1, 'https://images.generated.photos/3PeS-spTcZ_rwxLlY_DtRPEFnf3gRFVERVmqEoSemT4/rs:fit:256:256/czM6Ly9pY29uczgu/Z3Bob3Rvcy1wcm9k/LnBob3Rvcy92M18w/MTk3NTY4LmpwZw.jpg'),
(162, 'Jirhe', 'MBULUKO', 'K2480485@kingston.ac.uk', '731209', 0, 2, 6, 1, 'https://images.generated.photos/q8kDV9t6-lJYT8WQDK3yMt6fUgpzbqWq9Zs9KpG0WWU/rs:fit:256:256/czM6Ly9pY29uczgu/Z3Bob3Rvcy1wcm9k/LnBob3Rvcy92M18w/NzE3NTQxLmpwZw.jpg'),
(163, 'Tyler', 'MCKENNA', 'K2345001@kingston.ac.uk', '850696', 0, 2, 3, 1, 'https://images.generated.photos/-_-hyUefVoOz8qBBv31AeMbBMzZXLcCXiWAneZb0u2U/rs:fit:256:256/czM6Ly9pY29uczgu/Z3Bob3Rvcy1wcm9k/LnBob3Rvcy92M18w/Njg1NDE4LmpwZw.jpg'),
(164, 'Karim', 'MEHMI', 'K2611776@kingston.ac.uk', '205268', 0, 2, 6, 1, 'https://images.generated.photos/uv4odZft7J4BUmBeYZxb1JIBDsgesjmLFlIeNfGWKuQ/rs:fit:256:256/czM6Ly9pY29uczgu/Z3Bob3Rvcy1wcm9k/LnBob3Rvcy92M18w/Njk3MjY2LmpwZw.jpg'),
(165, 'Manisha', 'MENDOZA', 'K4600132@kingston.ac.uk', '816194', 0, 2, 6, 1, 'https://images.generated.photos/nv_RMMRulSX6wHv8v_K6urm0KhK9TRfoYMMRhwDbwpc/rs:fit:256:256/czM6Ly9pY29uczgu/Z3Bob3Rvcy1wcm9k/LnBob3Rvcy92M18w/MTI5MDgzLmpwZw.jpg'),
(166, 'Leon', 'MENEZES', 'K5346619@kingston.ac.uk', '256228', 0, 2, 3, 1, 'https://images.generated.photos/6FyFpnpX4UkLTPP844GJ5aEZ2uVcXDr8hwvmRM5ltzs/rs:fit:256:256/czM6Ly9pY29uczgu/Z3Bob3Rvcy1wcm9k/LnBob3Rvcy92M18w/ODQ0Mzc5LmpwZw.jpg'),
(167, 'Abdul-Samad', 'MIAH', 'K9099054@kingston.ac.uk', '900615', 0, 2, 6, 1, 'https://images.generated.photos/_bAKJiQZh9-XrKT3K-XCLIk0T-UtGaQfz8D-12y8gaU/rs:fit:256:256/czM6Ly9pY29uczgu/Z3Bob3Rvcy1wcm9k/LnBob3Rvcy92M18w/MDY0NjI5LmpwZw.jpg'),
(168, 'Sarah', 'MILLS', 'K2879676@kingston.ac.uk', '935538', 0, 2, 6, 1, 'https://images.generated.photos/BpBbDxuZHBOFYEXxG1epTXwTp98zLwjrsYtjSmbEJWQ/rs:fit:256:256/czM6Ly9pY29uczgu/Z3Bob3Rvcy1wcm9k/LnBob3Rvcy92M18w/NTk3MTY3LmpwZw.jpg'),
(169, 'Roman', 'MIRINGI', 'K8598707@kingston.ac.uk', '158801', 0, 2, 3, 1, 'https://images.generated.photos/G4JK6RYjaiMm2sfAjcTVwRM3SAqn0tV5zrPYjRqTRt0/rs:fit:256:256/czM6Ly9pY29uczgu/Z3Bob3Rvcy1wcm9k/LnBob3Rvcy92M18w/NjYxODkzLmpwZw.jpg'),
(170, 'Zain', 'MIRJAT', 'K8915159@kingston.ac.uk', '248625', 0, 2, 6, 1, 'https://images.generated.photos/vaD0SRzfRvdsRwFLkTqyPQ8e9cvxmODf-mKIb5aT1bA/rs:fit:256:256/czM6Ly9pY29uczgu/Z3Bob3Rvcy1wcm9k/LnBob3Rvcy92M18w/MTI3NTg4LmpwZw.jpg'),
(171, 'Alija', 'MOALLIM', 'K9326940@kingston.ac.uk', '19478', 0, 2, 6, 1, 'https://images.generated.photos/ECyEKkFqHcTSBRhYdKWmOpnM4PzRhUFhEYaP67y_EpI/rs:fit:256:256/czM6Ly9pY29uczgu/Z3Bob3Rvcy1wcm9k/LnBob3Rvcy92M18w/NTU1MzM5LmpwZw.jpg'),
(172, 'Abdihamid', 'MOHAMED', 'K5828584@kingston.ac.uk', '503836', 0, 2, 3, 1, 'https://images.generated.photos/rTRcIJvHEbHRIpJ5XII8RC4SU8CJStUlmL28LQ-LuFc/rs:fit:256:256/czM6Ly9pY29uczgu/Z3Bob3Rvcy1wcm9k/LnBob3Rvcy92M18w/MTM1MDIxLmpwZw.jpg'),
(173, 'Mohamed', 'MOHAMED', 'K9925094@kingston.ac.uk', '897000', 0, 2, 6, 1, 'https://images.generated.photos/Gu1kMoq5prDEulnTyPiwetvA0ovLQ6YJ8SIRH327vkw/rs:fit:256:256/czM6Ly9pY29uczgu/Z3Bob3Rvcy1wcm9k/LnBob3Rvcy92M18w/MTI2ODMwLmpwZw.jpg'),
(174, 'Sadik', 'MOHAMOUD', 'K1570347@kingston.ac.uk', '216527', 0, 2, 6, 1, 'https://images.generated.photos/KW3XTHDx79QjWwtAiBL5Z2JBoHngJyZPHt0jNza6Aus/rs:fit:256:256/czM6Ly9pY29uczgu/Z3Bob3Rvcy1wcm9k/LnBob3Rvcy92M18w/NDkwMzgxLmpwZw.jpg'),
(175, 'Jacob', 'MOHAMUD', 'K8668682@kingston.ac.uk', '323647', 0, 2, 3, 1, 'https://images.generated.photos/Pz7esNN7mx3_BctawohRHPclGjm4zNxfAbd9n5m21Fc/rs:fit:256:256/czM6Ly9pY29uczgu/Z3Bob3Rvcy1wcm9k/LnBob3Rvcy92M18w/MDQwMDkzLmpwZw.jpg'),
(176, 'Osman', 'MOHEBZADEH', 'K7001826@kingston.ac.uk', '275497', 0, 2, 6, 1, 'https://images.generated.photos/zpVvWX9F6rN5-rrwgiuvqL4QJAzCOvIwxhVp9m7irBY/rs:fit:256:256/czM6Ly9pY29uczgu/Z3Bob3Rvcy1wcm9k/LnBob3Rvcy92M18w/MDM3MzAxLmpwZw.jpg'),
(177, 'Dinara', 'MOONEEGADOO', 'K5796160@kingston.ac.uk', '979929', 0, 2, 6, 1, 'https://images.generated.photos/UWCO77rRpU9u49ofA59M9jM4iar1xPv6tR9EhWAnnCY/rs:fit:256:256/czM6Ly9pY29uczgu/Z3Bob3Rvcy1wcm9k/LnBob3Rvcy92M18w/MTEzNDQ3LmpwZw.jpg'),
(178, 'Lutfullah', 'MOSTAFA-KAMAL', 'K8289571@kingston.ac.uk', '749094', 0, 2, 3, 1, 'https://images.generated.photos/8UBE4rQhHXgGpDpyVobE31eqk0xAQVuvih7RuHnMbzU/rs:fit:256:256/czM6Ly9pY29uczgu/Z3Bob3Rvcy1wcm9k/LnBob3Rvcy92M18w/MjQwMzgyLmpwZw.jpg'),
(179, 'Zoey', 'MOULD', 'K2709674@kingston.ac.uk', '329950', 0, 2, 6, 1, 'https://images.generated.photos/KVOCYPD-d2FjOsU5L_dQvngcM_h2nloHheTPigB9Wm0/rs:fit:256:256/czM6Ly9pY29uczgu/Z3Bob3Rvcy1wcm9k/LnBob3Rvcy92M18w/MjI1NDg5LmpwZw.jpg'),
(180, 'Thishon', 'MUNIM', 'K7326172@kingston.ac.uk', '901616', 0, 2, 6, 1, 'https://images.generated.photos/xBoVOVFR9vsSgeiQQHvaRvVOE277JLvk6I0R705Bp-0/rs:fit:256:256/czM6Ly9pY29uczgu/Z3Bob3Rvcy1wcm9k/LnBob3Rvcy92M18w/NTQ3NDA2LmpwZw.jpg'),
(181, 'Thomas', 'MYERS', 'K3942572@kingston.ac.uk', '403821', 0, 2, 3, 1, 'https://images.generated.photos/c-J-xg0KAmlJlr9RlxsmOU5qitdf-bK8H__l3dMdEl8/rs:fit:256:256/czM6Ly9pY29uczgu/Z3Bob3Rvcy1wcm9k/LnBob3Rvcy92M18w/NDY1NDE5LmpwZw.jpg'),
(182, 'Mazen', 'NADEEM', 'K9046221@kingston.ac.uk', '787530', 0, 2, 6, 1, 'https://images.generated.photos/_-lwmuPjZsxYn19UATe-fh6ZwQwtAYhAVaqI1QHJWL8/rs:fit:256:256/czM6Ly9pY29uczgu/Z3Bob3Rvcy1wcm9k/LnBob3Rvcy92M18w/MDUxOTQzLmpwZw.jpg'),
(183, 'Gilmantas', 'NAGAWIECKI', 'K9750990@kingston.ac.uk', '54420', 0, 2, 6, 1, 'https://images.generated.photos/AmiO-_d4mr7gFLh37DwDc3WEkMEE9iM8R0uJWjG4aMY/rs:fit:256:256/czM6Ly9pY29uczgu/Z3Bob3Rvcy1wcm9k/LnBob3Rvcy92M18w/OTEwNTg0LmpwZw.jpg'),
(184, 'Arjun', 'NAJAFI', 'K2143755@kingston.ac.uk', '227346', 0, 2, 3, 1, 'https://images.generated.photos/zpVvWX9F6rN5-rrwgiuvqL4QJAzCOvIwxhVp9m7irBY/rs:fit:256:256/czM6Ly9pY29uczgu/Z3Bob3Rvcy1wcm9k/LnBob3Rvcy92M18w/MDM3MzAxLmpwZw.jpg'),
(185, 'Vimalraj', 'NAQVI', 'K6269426@kingston.ac.uk', '16009', 0, 2, 6, 1, 'https://images.generated.photos/p8qqcZPM3gEYuLbBy_4mbMYGlmstgJM34OBxpKDM-LI/rs:fit:256:256/czM6Ly9pY29uczgu/Z3Bob3Rvcy1wcm9k/LnBob3Rvcy92M18w/MjI4NDY3LmpwZw.jpg'),
(186, 'Akbar', 'NESIR', 'K4827442@kingston.ac.uk', '507420', 0, 2, 6, 1, 'https://images.generated.photos/OlokiSuYRHxLAyqOx71ly8-tfcgWnS7qbUjZAp8BgBE/rs:fit:256:256/czM6Ly9pY29uczgu/Z3Bob3Rvcy1wcm9k/LnBob3Rvcy92M18w/Nzc0NzgxLmpwZw.jpg'),
(187, 'Alex', 'NEWTON', 'K3391606@kingston.ac.uk', '272214', 0, 2, 3, 1, 'https://images.generated.photos/WIwNwGAxeJRXK01PcPpxHFnsAsWmKwbFJO1X0d05ZhQ/rs:fit:256:256/czM6Ly9pY29uczgu/Z3Bob3Rvcy1wcm9k/LnBob3Rvcy92M18w/Njk5MDY5LmpwZw.jpg'),
(188, 'Duc', 'NGUYEN', 'K3341720@kingston.ac.uk', '352266', 0, 2, 6, 1, 'https://images.generated.photos/NS4qRSTckTqBsmeQUwxD7AM3WJTHBBhE46WC73ejnds/rs:fit:256:256/czM6Ly9pY29uczgu/Z3Bob3Rvcy1wcm9k/LnBob3Rvcy92M18w/MjYzNTY5LmpwZw.jpg'),
(189, 'Churchill', 'NKONGHO', 'K8225152@kingston.ac.uk', '564732', 0, 2, 6, 1, 'https://images.generated.photos/hedydv7Gf5i_nMJyq3Nf9_dnYd0zlhbRhS4IoxXsU4U/rs:fit:256:256/czM6Ly9pY29uczgu/Z3Bob3Rvcy1wcm9k/LnBob3Rvcy92M18w/MjM3MjU2LmpwZw.jpg'),
(190, 'Bilaal', 'NOOR', 'K1135066@kingston.ac.uk', '282576', 0, 2, 3, 1, 'https://images.generated.photos/Pf_iarXQmdiJFM8hSAMV_ZyJWpVTadkvWGDF-akmaS4/rs:fit:256:256/czM6Ly9pY29uczgu/Z3Bob3Rvcy1wcm9k/LnBob3Rvcy92M18w/NTE3OTI1LmpwZw.jpg'),
(191, 'Halvor', 'NZEGBULEM', 'K1827041@kingston.ac.uk', '587830', 0, 2, 6, 1, 'https://images.generated.photos/wV1tZpA5dQPfRQiceng-khVBQy0y1qbhBHt6qBUos60/rs:fit:256:256/czM6Ly9pY29uczgu/Z3Bob3Rvcy1wcm9k/LnBob3Rvcy92M18w/MTA4NzU5LmpwZw.jpg'),
(192, 'Melissa', 'O\' BOYLE', 'K3413287@kingston.ac.uk', '64571', 0, 2, 6, 1, 'https://images.generated.photos/f0VlANjHP7_MU4doj6BJeVG4N046VAMkkudEOejY3K0/rs:fit:256:256/czM6Ly9pY29uczgu/Z3Bob3Rvcy1wcm9k/LnBob3Rvcy92M18w/NTQ2MTU0LmpwZw.jpg'),
(193, 'Isaac', 'OGUNSAN', 'K9344372@kingston.ac.uk', '261131', 0, 2, 3, 1, 'https://images.generated.photos/KLMO-H8fqYbjMHFIAuP07DnociKQkzDrzRh4_n1-woE/rs:fit:256:256/czM6Ly9pY29uczgu/Z3Bob3Rvcy1wcm9k/LnBob3Rvcy92M18w/OTc2NTg3LmpwZw.jpg'),
(194, 'Andrew', 'OLAREWAJU', 'K9359934@kingston.ac.uk', '678653', 0, 2, 6, 1, 'https://images.generated.photos/h8Fi82k89XGVn2eM5vX9z-2YwfVsxX3hKKpKBC69ugI/rs:fit:256:256/czM6Ly9pY29uczgu/Z3Bob3Rvcy1wcm9k/LnBob3Rvcy92M18w/MjIzMDkwLmpwZw.jpg'),
(195, 'Oludotun', 'ONAKPOMA', 'K1604405@kingston.ac.uk', '643183', 0, 2, 6, 1, 'https://images.generated.photos/at6sfW3OnrZJ-HXDVcGgFazH_T9SjukFIOtaGkg2Gb4/rs:fit:256:256/czM6Ly9pY29uczgu/Z3Bob3Rvcy1wcm9k/LnBob3Rvcy92M18w/Mzg0NDYyLmpwZw.jpg'),
(196, 'Priscilla', 'OVUZORIE', 'K8876583@kingston.ac.uk', '943111', 0, 2, 3, 1, 'https://images.generated.photos/7Sfe0S_1P3tFr2PGGl5SeaAqsUeWVRD2-UuK7wkNcxM/rs:fit:256:256/czM6Ly9pY29uczgu/Z3Bob3Rvcy1wcm9k/LnBob3Rvcy92M18w/MzA1MDkxLmpwZw.jpg'),
(197, 'Jack', 'PANDACIUC', 'K7621830@kingston.ac.uk', '698151', 0, 2, 6, 1, 'https://images.generated.photos/T_aLxxbvCteY1hL4iVd-NfjnHf_7wxww1Ap0vrXNeeM/rs:fit:256:256/czM6Ly9pY29uczgu/Z3Bob3Rvcy1wcm9k/LnBob3Rvcy92M18w/NzMzMDY2LmpwZw.jpg'),
(198, 'Mohammed', 'PARAMESWARAN', 'K9089784@kingston.ac.uk', '610759', 0, 2, 6, 1, 'https://images.generated.photos/-_-hyUefVoOz8qBBv31AeMbBMzZXLcCXiWAneZb0u2U/rs:fit:256:256/czM6Ly9pY29uczgu/Z3Bob3Rvcy1wcm9k/LnBob3Rvcy92M18w/Njg1NDE4LmpwZw.jpg'),
(199, 'Molly', 'PARKER', 'K4468197@kingston.ac.uk', '383432', 0, 2, 3, 1, 'https://images.generated.photos/q6x7cK5NAVOfn9oJM0kwkRETsejONg2lW4Tnzdnovc8/rs:fit:256:256/czM6Ly9pY29uczgu/Z3Bob3Rvcy1wcm9k/LnBob3Rvcy92M18w/MzgzMzMxLmpwZw.jpg'),
(200, 'Brijesh', 'PATEL', 'K1014023@kingston.ac.uk', '327090', 0, 2, 6, 1, 'https://images.generated.photos/XtsBlRxQLgWzFAtycpalUkvVdf9tAvCfC9vEPtSVaxY/rs:fit:256:256/czM6Ly9pY29uczgu/Z3Bob3Rvcy1wcm9k/LnBob3Rvcy92M18w/MzQ2ODE2LmpwZw.jpg'),
(201, 'Cadjempom', 'PELAYO', 'K2359800@kingston.ac.uk', '655158', 0, 2, 6, 1, 'https://images.generated.photos/_xN4XzX0ZXFwgqtR5COnnz7R9JJG2gVeUW-goAoaR4A/rs:fit:256:256/czM6Ly9pY29uczgu/Z3Bob3Rvcy1wcm9k/LnBob3Rvcy92M18w/NDkxMjEwLmpwZw.jpg'),
(202, 'Theo', 'PETKOVA', 'K1800096@kingston.ac.uk', '814856', 0, 2, 3, 1, 'https://images.generated.photos/m8Sph5rhjkIsOiVIp4zbvIuFl43F6BWIwhkkY86z2Ms/rs:fit:256:256/czM6Ly9pY29uczgu/Z3Bob3Rvcy1wcm9k/LnBob3Rvcy92M18w/ODU4MTE5LmpwZw.jpg'),
(203, 'Laurence', 'PHOPHUM', 'K4012797@kingston.ac.uk', '438253', 0, 2, 6, 1, 'https://images.generated.photos/LYa83chsjlauCsYjM68NCQvjzYT9SqbzFeJRDTUrWHI/rs:fit:256:256/czM6Ly9pY29uczgu/Z3Bob3Rvcy1wcm9k/LnBob3Rvcy92M18w/ODAxMDY3LmpwZw.jpg'),
(204, 'Samuel', 'PLUMMER', 'K5247352@kingston.ac.uk', '725016', 0, 2, 6, 1, 'https://images.generated.photos/lTWrNQwz2xhR7aeOkX77ihRYbAnqvHEEW6bGVO8tFnY/rs:fit:256:256/czM6Ly9pY29uczgu/Z3Bob3Rvcy1wcm9k/LnBob3Rvcy92M18w/MzQzMjM2LmpwZw.jpg'),
(205, 'Andrejs', 'PODWYSZYNSKI', 'K6883295@kingston.ac.uk', '313969', 0, 2, 3, 1, 'https://images.generated.photos/EGP62tk_fvrSvAFxGfD2u7ILrB4uKpe-mt4vUOLgBfs/rs:fit:256:256/czM6Ly9pY29uczgu/Z3Bob3Rvcy1wcm9k/LnBob3Rvcy92M18w/OTUwNzE0LmpwZw.jpg'),
(206, 'Sepehr', 'PRABAKARAN', 'K8402081@kingston.ac.uk', '472128', 0, 2, 6, 1, 'https://images.generated.photos/VRh3J6Kn5uwWEnN-nC_QxC6BtTrjGIM4utBXExhhugY/rs:fit:256:256/czM6Ly9pY29uczgu/Z3Bob3Rvcy1wcm9k/LnBob3Rvcy92M18w/MzIyMTc5LmpwZw.jpg'),
(207, 'Krisztian', 'PUMA TOLEDO', 'K8140330@kingston.ac.uk', '620537', 0, 2, 6, 1, 'https://images.generated.photos/vnopGiDivHG6UKp3AgGkY44U3nOfR3lLsWNKdA-KEyQ/rs:fit:256:256/czM6Ly9pY29uczgu/Z3Bob3Rvcy1wcm9k/LnBob3Rvcy92M18w/MjAzMjQyLmpwZw.jpg'),
(208, 'James', 'QUARTEY', 'K8745388@kingston.ac.uk', '193179', 0, 2, 3, 1, 'https://images.generated.photos/OlokiSuYRHxLAyqOx71ly8-tfcgWnS7qbUjZAp8BgBE/rs:fit:256:256/czM6Ly9pY29uczgu/Z3Bob3Rvcy1wcm9k/LnBob3Rvcy92M18w/Nzc0NzgxLmpwZw.jpg'),
(209, 'Kushal', 'QURASHI', 'K6573049@kingston.ac.uk', '749256', 0, 2, 6, 1, 'https://images.generated.photos/H_gh-YRgM4rCuLd0p0XlOeS-iS0pTDT7SN_evLfh2pA/rs:fit:256:256/czM6Ly9pY29uczgu/Z3Bob3Rvcy1wcm9k/LnBob3Rvcy92M18w/NDUwMzU1LmpwZw.jpg');
INSERT INTO `Users` (`UserID`, `UserFirstname`, `UserLastname`, `UserEmail`, `UserPassword`, `UserRegistered`, `UserUsertypeID`, `UserLevel`, `UserYearID`, `UserImageURL`) VALUES
(210, 'Hassan', 'QURESHI', 'K1698154@kingston.ac.uk', '529725', 0, 2, 6, 1, 'https://images.generated.photos/lryAp-pBERo7-D2B_faiIhsBXXJ5B9vNdJvEF3aZXbs/rs:fit:256:256/czM6Ly9pY29uczgu/Z3Bob3Rvcy1wcm9k/LnBob3Rvcy92M18w/MDU4NDA3LmpwZw.jpg'),
(211, 'Mohammad', 'RAHMAN', 'K6642404@kingston.ac.uk', '702462', 0, 2, 3, 1, 'https://images.generated.photos/vnopGiDivHG6UKp3AgGkY44U3nOfR3lLsWNKdA-KEyQ/rs:fit:256:256/czM6Ly9pY29uczgu/Z3Bob3Rvcy1wcm9k/LnBob3Rvcy92M18w/MjAzMjQyLmpwZw.jpg'),
(212, 'Saidur', 'RAIDHAN', 'K6810349@kingston.ac.uk', '269040', 0, 2, 6, 1, 'https://images.generated.photos/KW3XTHDx79QjWwtAiBL5Z2JBoHngJyZPHt0jNza6Aus/rs:fit:256:256/czM6Ly9pY29uczgu/Z3Bob3Rvcy1wcm9k/LnBob3Rvcy92M18w/NDkwMzgxLmpwZw.jpg'),
(213, 'Dinuka', 'RAJENDRAKUMAR', 'K5219615@kingston.ac.uk', '354973', 0, 2, 6, 1, 'https://images.generated.photos/lomhJZfmYpEL8dj4mpfR0I3Ye-MSQseX1JNsOLzZnZY/rs:fit:256:256/czM6Ly9pY29uczgu/Z3Bob3Rvcy1wcm9k/LnBob3Rvcy92M18w/MjYyOTU1LmpwZw.jpg'),
(214, 'Suvetha', 'RAMADAN', 'K7496482@kingston.ac.uk', '313342', 0, 2, 3, 1, 'https://images.generated.photos/m8Sph5rhjkIsOiVIp4zbvIuFl43F6BWIwhkkY86z2Ms/rs:fit:256:256/czM6Ly9pY29uczgu/Z3Bob3Rvcy1wcm9k/LnBob3Rvcy92M18w/ODU4MTE5LmpwZw.jpg'),
(215, 'Anoop', 'RANA', 'K7275122@kingston.ac.uk', '353989', 0, 2, 6, 1, 'https://images.generated.photos/AmiO-_d4mr7gFLh37DwDc3WEkMEE9iM8R0uJWjG4aMY/rs:fit:256:256/czM6Ly9pY29uczgu/Z3Bob3Rvcy1wcm9k/LnBob3Rvcy92M18w/OTEwNTg0LmpwZw.jpg'),
(216, 'Abesan', 'RAVAL', 'K6259388@kingston.ac.uk', '246237', 0, 2, 6, 1, 'https://images.generated.photos/b9s3cYIOYZKXyKFPISE67qpGvI6QtBs805rAq1MNMfc/rs:fit:256:256/czM6Ly9pY29uczgu/Z3Bob3Rvcy1wcm9k/LnBob3Rvcy92M18w/Nzk0OTY4LmpwZw.jpg'),
(217, 'Fatima', 'RIAZ', 'K4527470@kingston.ac.uk', '666631', 0, 2, 3, 1, 'https://images.generated.photos/QczyTPARxAa9zEmiX8P_Z_edsMeNT8SMnaWDPpgni4I/rs:fit:256:256/czM6Ly9pY29uczgu/Z3Bob3Rvcy1wcm9k/LnBob3Rvcy92M18w/MjA4MDEwLmpwZw.jpg'),
(218, 'Teddy', 'RICHARDSON', 'K2486994@kingston.ac.uk', '898287', 0, 2, 6, 1, 'https://images.generated.photos/0s29pYa3GoLpzDa_rSnFlOdjh7udUNfJ-OwZh7iO2DM/rs:fit:256:256/czM6Ly9pY29uczgu/Z3Bob3Rvcy1wcm9k/LnBob3Rvcy92M18w/NjMwNDM2LmpwZw.jpg'),
(219, 'Nikola', 'ROCKMAN', 'K8518537@kingston.ac.uk', '66391', 0, 2, 6, 1, 'https://images.generated.photos/lTWrNQwz2xhR7aeOkX77ihRYbAnqvHEEW6bGVO8tFnY/rs:fit:256:256/czM6Ly9pY29uczgu/Z3Bob3Rvcy1wcm9k/LnBob3Rvcy92M18w/MzQzMjM2LmpwZw.jpg'),
(220, 'James', 'RUKUNDO', 'K5032721@kingston.ac.uk', '606724', 0, 2, 3, 1, 'https://images.generated.photos/3PeS-spTcZ_rwxLlY_DtRPEFnf3gRFVERVmqEoSemT4/rs:fit:256:256/czM6Ly9pY29uczgu/Z3Bob3Rvcy1wcm9k/LnBob3Rvcy92M18w/MTk3NTY4LmpwZw.jpg'),
(221, 'Juan', 'SADAUSKIS', 'K1962360@kingston.ac.uk', '250118', 0, 2, 6, 1, 'https://images.generated.photos/SUqjtB9N8C3fEP0Ti_mCsGdP11lnz3B1PkTq2G_emyQ/rs:fit:256:256/czM6Ly9pY29uczgu/Z3Bob3Rvcy1wcm9k/LnBob3Rvcy92M18w/MTUzOTA4LmpwZw.jpg'),
(222, 'Usmaan', 'SAFA KADHAM', 'K7626224@kingston.ac.uk', '625518', 0, 2, 6, 1, 'https://images.generated.photos/_gCiWNrIHdM2-DhH7CwL5lN8gi7O-_s7lLcgJTDJ2ak/rs:fit:256:256/czM6Ly9pY29uczgu/Z3Bob3Rvcy1wcm9k/LnBob3Rvcy92M18w/NDg4MjQ5LmpwZw.jpg'),
(223, 'Omar', 'SAID', 'K1086077@kingston.ac.uk', '888530', 0, 2, 3, 1, 'https://images.generated.photos/CN7rkheami9vL8v-qSc9Kxm6IHKom5rKO7h47oJlTys/rs:fit:256:256/czM6Ly9pY29uczgu/Z3Bob3Rvcy1wcm9k/LnBob3Rvcy92M18w/MDEyMTAxLmpwZw.jpg'),
(224, 'Luca', 'SALUDO PERIODICO', 'K3327302@kingston.ac.uk', '612804', 0, 2, 6, 1, 'https://images.generated.photos/Rf3Bkicz4LYaSdocAI6zN087YPnBalDZIJtaSiO1aII/rs:fit:256:256/czM6Ly9pY29uczgu/Z3Bob3Rvcy1wcm9k/LnBob3Rvcy92M18w/NjI5NDY5LmpwZw.jpg'),
(225, 'Tom', 'SAMPENE', 'K2299385@kingston.ac.uk', '960771', 0, 2, 6, 1, 'https://images.generated.photos/7g-M8yAj1mK4UGthGq_qbgT18mRtr-0SkdNjyo1_P2k/rs:fit:256:256/czM6Ly9pY29uczgu/Z3Bob3Rvcy1wcm9k/LnBob3Rvcy92M18w/NjU2MTA0LmpwZw.jpg'),
(226, 'Mohamed', 'SAPKOTA', 'K1596114@kingston.ac.uk', '316025', 0, 2, 3, 1, 'https://images.generated.photos/i2FdynijXNPPeSaLirznug1FKnhzAgyDCLxMOAQuPys/rs:fit:256:256/czM6Ly9pY29uczgu/Z3Bob3Rvcy1wcm9k/LnBob3Rvcy92M18w/NTQ3ODg4LmpwZw.jpg'),
(227, 'Olumide', 'SARR JOBE', 'K6677046@kingston.ac.uk', '763487', 0, 2, 6, 1, 'https://images.generated.photos/CgKdAXwvC7hEMAwVPM_34Ma2sMKVJ60fF3r9n3R5n2s/rs:fit:256:256/czM6Ly9pY29uczgu/Z3Bob3Rvcy1wcm9k/LnBob3Rvcy92M18w/ODAwNDgxLmpwZw.jpg'),
(228, 'Alimita', 'SAWYER', 'K2914144@kingston.ac.uk', '945727', 0, 2, 6, 1, 'https://images.generated.photos/-DgNFSldpe4tz9iuEQtUSKZ-01F375tlR3XU3fNj6-0/rs:fit:256:256/czM6Ly9pY29uczgu/Z3Bob3Rvcy1wcm9k/LnBob3Rvcy92M18w/NTIyMTQwLmpwZw.jpg'),
(229, 'Tomasz', 'SECORD', 'K7120761@kingston.ac.uk', '453412', 0, 2, 3, 1, 'https://images.generated.photos/S4XDEOmA4v1wM0zVdAjZvXRyuNJ86z71Ya1BVdcVinI/rs:fit:256:256/czM6Ly9pY29uczgu/Z3Bob3Rvcy1wcm9k/LnBob3Rvcy92M18w/NzI4ODE5LmpwZw.jpg'),
(230, 'Adnane', 'SHAH', 'K4155909@kingston.ac.uk', '970697', 0, 2, 6, 1, 'https://images.generated.photos/k38wbQ8liIZYhnICesxKhfCYdXmgKH2_YkfOeMZzaFY/rs:fit:256:256/czM6Ly9pY29uczgu/Z3Bob3Rvcy1wcm9k/LnBob3Rvcy92M18w/ODgzMTgzLmpwZw.jpg'),
(231, 'Amir', 'SHAHJAHAN', 'K3199317@kingston.ac.uk', '383213', 0, 2, 6, 1, 'https://images.generated.photos/wKr4AYUB6JDywpYzesgjWIj5LMOlfYWx4ZhgMp851oQ/rs:fit:256:256/czM6Ly9pY29uczgu/Z3Bob3Rvcy1wcm9k/LnBob3Rvcy92M18w/Mzg0Mzk1LmpwZw.jpg'),
(232, 'Aamir', 'SHAIKH', 'K6751785@kingston.ac.uk', '514293', 0, 2, 3, 1, 'https://images.generated.photos/Pf_iarXQmdiJFM8hSAMV_ZyJWpVTadkvWGDF-akmaS4/rs:fit:256:256/czM6Ly9pY29uczgu/Z3Bob3Rvcy1wcm9k/LnBob3Rvcy92M18w/NTE3OTI1LmpwZw.jpg'),
(233, 'Liam', 'SHARP', 'K2481242@kingston.ac.uk', '727345', 0, 2, 6, 1, 'https://images.generated.photos/7YMzkd4G8Ih02hVY7oDyDHhr_hlo68Vr7w102g5aGhk/rs:fit:256:256/czM6Ly9pY29uczgu/Z3Bob3Rvcy1wcm9k/LnBob3Rvcy92M18w/MTcyMjUyLmpwZw.jpg'),
(234, 'Shakir', 'SHEEKH', 'K7492824@kingston.ac.uk', '691641', 0, 2, 6, 1, 'https://images.generated.photos/ePmKPAC3BwnNm1NMCogRGna-aG9PN5WiJe2OskMRaM0/rs:fit:256:256/czM6Ly9pY29uczgu/Z3Bob3Rvcy1wcm9k/LnBob3Rvcy92M18w/NjE0ODQzLmpwZw.jpg'),
(235, 'Muhammad', 'SHEIKH', 'K6526154@kingston.ac.uk', '263564', 0, 2, 3, 1, 'https://images.generated.photos/ePmKPAC3BwnNm1NMCogRGna-aG9PN5WiJe2OskMRaM0/rs:fit:256:256/czM6Ly9pY29uczgu/Z3Bob3Rvcy1wcm9k/LnBob3Rvcy92M18w/NjE0ODQzLmpwZw.jpg'),
(236, 'Zakariya', 'SHINE', 'K8344009@kingston.ac.uk', '778948', 0, 2, 6, 1, 'https://images.generated.photos/Pz7esNN7mx3_BctawohRHPclGjm4zNxfAbd9n5m21Fc/rs:fit:256:256/czM6Ly9pY29uczgu/Z3Bob3Rvcy1wcm9k/LnBob3Rvcy92M18w/MDQwMDkzLmpwZw.jpg'),
(237, 'Karanjot', 'SHONIWA', 'K1775245@kingston.ac.uk', '602098', 0, 2, 6, 1, 'https://images.generated.photos/OFnx_nOSFw7kkYtytWq4APddeC0RRrYnGYAGNDACHz8/rs:fit:256:256/czM6Ly9pY29uczgu/Z3Bob3Rvcy1wcm9k/LnBob3Rvcy92M18w/MzI1OTA4LmpwZw.jpg'),
(238, 'Maksim', 'SIATKOWSKI', 'K2689517@kingston.ac.uk', '931841', 0, 2, 3, 1, 'https://images.generated.photos/Pf_iarXQmdiJFM8hSAMV_ZyJWpVTadkvWGDF-akmaS4/rs:fit:256:256/czM6Ly9pY29uczgu/Z3Bob3Rvcy1wcm9k/LnBob3Rvcy92M18w/NTE3OTI1LmpwZw.jpg'),
(239, 'Benjamin', 'SIMPSON', 'K6525826@kingston.ac.uk', '978213', 0, 2, 6, 1, 'https://images.generated.photos/FtUOctrSGD0p9cMQOtVaNFqv7tIBsWT0umY_u9O8Rfw/rs:fit:256:256/czM6Ly9pY29uczgu/Z3Bob3Rvcy1wcm9k/LnBob3Rvcy92M18w/MDcyMDc2LmpwZw.jpg'),
(240, 'Mustafa', 'SMITH', 'K9579628@kingston.ac.uk', '724266', 0, 2, 6, 1, 'https://images.generated.photos/9ynBnpYXU3Q_MwSbJpiUKQ990qa7I6W_PtnNEVHMbkA/rs:fit:256:256/czM6Ly9pY29uczgu/Z3Bob3Rvcy1wcm9k/LnBob3Rvcy92M18w/NDEyMTE0LmpwZw.jpg'),
(241, 'Maximilian', 'SPAHIJA', 'K1278077@kingston.ac.uk', '352400', 0, 2, 3, 1, 'https://images.generated.photos/PHus5nEJieYqP9Jxv8fve6RsoL6jGAlU7qH0W9eGfAM/rs:fit:256:256/czM6Ly9pY29uczgu/Z3Bob3Rvcy1wcm9k/LnBob3Rvcy92M18w/NTAzOTMwLmpwZw.jpg'),
(242, 'Ollie', 'ST JOHN-HUGHES', 'K2656784@kingston.ac.uk', '468425', 0, 2, 6, 1, 'https://images.generated.photos/zpVvWX9F6rN5-rrwgiuvqL4QJAzCOvIwxhVp9m7irBY/rs:fit:256:256/czM6Ly9pY29uczgu/Z3Bob3Rvcy1wcm9k/LnBob3Rvcy92M18w/MDM3MzAxLmpwZw.jpg'),
(243, 'Aya', 'STEPHENSON', 'K2277325@kingston.ac.uk', '48023', 0, 2, 6, 1, 'https://images.generated.photos/nv_RMMRulSX6wHv8v_K6urm0KhK9TRfoYMMRhwDbwpc/rs:fit:256:256/czM6Ly9pY29uczgu/Z3Bob3Rvcy1wcm9k/LnBob3Rvcy92M18w/MTI5MDgzLmpwZw.jpg'),
(244, 'Robin', 'SUNWAR', 'K5596300@kingston.ac.uk', '570559', 0, 2, 3, 1, 'https://images.generated.photos/wRlCBspa90Yd7KYcaRFKHbdgPgttb5Q1soIBXispJns/rs:fit:256:256/czM6Ly9pY29uczgu/Z3Bob3Rvcy1wcm9k/LnBob3Rvcy92M18w/MzAyNTI4LmpwZw.jpg'),
(245, 'Daniellia', 'SVENDSEN', 'K3290053@kingston.ac.uk', '683306', 0, 2, 6, 1, 'https://images.generated.photos/oFKjEzWzzxP334cct2C4jG4B7KVNSnRiOxBkXtYnooc/rs:fit:256:256/czM6Ly9pY29uczgu/Z3Bob3Rvcy1wcm9k/LnBob3Rvcy92M18w/MDg0NDM4LmpwZw.jpg'),
(246, 'Hamdi', 'TAMANG', 'K3886919@kingston.ac.uk', '398390', 0, 2, 6, 1, 'https://images.generated.photos/QH1xW02UWJvADAm3XKBErOZ3iYz8KEsXQRGFRInzH6I/rs:fit:256:256/czM6Ly9pY29uczgu/Z3Bob3Rvcy1wcm9k/LnBob3Rvcy92M18w/MjIyNjY2LmpwZw.jpg'),
(247, 'Aisha', 'THAPA', 'K3827822@kingston.ac.uk', '393251', 0, 2, 3, 1, 'https://images.generated.photos/eXNjyoyRYTBuzxTySM2pvZswhsKkLQDd3kUK1Kea2YA/rs:fit:256:256/czM6Ly9pY29uczgu/Z3Bob3Rvcy1wcm9k/LnBob3Rvcy92M18w/NzE0NDM0LmpwZw.jpg'),
(248, 'Sonika', 'TIMOR', 'K2411662@kingston.ac.uk', '33621', 0, 2, 6, 1, 'https://images.generated.photos/xm1QwNWNapujlMyXeN4FDDQiIbZ320L6QVMatRdj8Ek/rs:fit:256:256/czM6Ly9pY29uczgu/Z3Bob3Rvcy1wcm9k/LnBob3Rvcy92M18w/MTYzMDcxLmpwZw.jpg'),
(249, 'Matthew', 'TOAL', 'K5790792@kingston.ac.uk', '491563', 0, 2, 6, 1, 'https://images.generated.photos/LT2ltWbY0qzloYhACMj0ch8VgtXRk8WVCngBtZmJ8No/rs:fit:256:256/czM6Ly9pY29uczgu/Z3Bob3Rvcy1wcm9k/LnBob3Rvcy92M18w/Njc0NTE0LmpwZw.jpg'),
(250, 'Victoria', 'TONGE', 'K7099424@kingston.ac.uk', '784815', 0, 2, 3, 1, 'https://images.generated.photos/Ofo9h1uwCasamryv_sC8uydMvwY8cTW7u7ci9WbSayQ/rs:fit:256:256/czM6Ly9pY29uczgu/Z3Bob3Rvcy1wcm9k/LnBob3Rvcy92M18w/MzE2MjU0LmpwZw.jpg'),
(251, 'Maria', 'TORDIA', 'K4831850@kingston.ac.uk', '96216', 0, 2, 6, 1, 'https://images.generated.photos/9ouTlPAKzmaO9Ai5VehLm4UJqpT9s9HbXFqxT905Ysc/rs:fit:256:256/czM6Ly9pY29uczgu/Z3Bob3Rvcy1wcm9k/LnBob3Rvcy92M18w/NzkwMjc0LmpwZw.jpg'),
(252, 'Sunil', 'TOUMI', 'K6667061@kingston.ac.uk', '190123', 0, 2, 6, 1, 'https://images.generated.photos/Phr9v-QZfdWXHyGSb9t5ORoNj1EwF3JTMVn8bsPJK7w/rs:fit:256:256/czM6Ly9pY29uczgu/Z3Bob3Rvcy1wcm9k/LnBob3Rvcy92M18w/MDAyOTY5LmpwZw.jpg'),
(253, 'German', 'TOWNDROW', 'K4023670@kingston.ac.uk', '50924', 0, 2, 3, 1, 'https://images.generated.photos/7CSkpEIfXYvCmWVjumwDR1-8KM6ibXnLITKw9P4ZarA/rs:fit:256:256/czM6Ly9pY29uczgu/Z3Bob3Rvcy1wcm9k/LnBob3Rvcy92M18w/ODU1NjQ0LmpwZw.jpg'),
(254, 'Loukas', 'TROULLIDES', 'K8410438@kingston.ac.uk', '928755', 0, 2, 6, 1, 'https://images.generated.photos/tcd-7pVoSrwBAW5wxgoTdkSWLacfi6D8Km-EFdUcqSs/rs:fit:256:256/czM6Ly9pY29uczgu/Z3Bob3Rvcy1wcm9k/LnBob3Rvcy92M18w/ODU4OTk2LmpwZw.jpg'),
(255, 'Priya', 'TURCU', 'K3133515@kingston.ac.uk', '934395', 0, 2, 6, 1, 'https://images.generated.photos/dtIQbIkZf22wYIVgs9rgdOtsrzv5ASLOyFXh2DS43Pk/rs:fit:256:256/czM6Ly9pY29uczgu/Z3Bob3Rvcy1wcm9k/LnBob3Rvcy92M18w/MTU1MTc1LmpwZw.jpg'),
(256, 'Jakir', 'UDDIN', 'K6726884@kingston.ac.uk', '925038', 0, 2, 3, 1, 'https://images.generated.photos/R-3NPwCNbIrl9Xu4LRMETELl415lzKA7GKxiwCihO_w/rs:fit:256:256/czM6Ly9pY29uczgu/Z3Bob3Rvcy1wcm9k/LnBob3Rvcy92M18w/NzAxMzkzLmpwZw.jpg'),
(257, 'Amir', 'UREHMAN', 'K8977485@kingston.ac.uk', '899973', 0, 2, 6, 1, 'https://images.generated.photos/lt9a1AN-sL6H2iElJZJ0ssxm3TbhcvOmJu3ATlvMD0Q/rs:fit:256:256/czM6Ly9pY29uczgu/Z3Bob3Rvcy1wcm9k/LnBob3Rvcy92M18w/ODQ2NTYzLmpwZw.jpg'),
(258, 'Mithuya', 'VARATHARASA', 'K3253189@kingston.ac.uk', '884784', 0, 2, 6, 1, 'https://images.generated.photos/QBUc8uC2Nu6fqTDMFATBpqL5H2XeMsxPozXyVpbzbq4/rs:fit:256:256/czM6Ly9pY29uczgu/Z3Bob3Rvcy1wcm9k/LnBob3Rvcy92M18w/MDE0MzI0LmpwZw.jpg'),
(259, 'Arvinth', 'VIGNESWARAN', 'K6307303@kingston.ac.uk', '5065', 0, 2, 3, 1, 'https://images.generated.photos/E4n5tzG78a0WYzHIF_PF9tb1i3WW5VGRa8WveIdmuEc/rs:fit:256:256/czM6Ly9pY29uczgu/Z3Bob3Rvcy1wcm9k/LnBob3Rvcy92M18w/OTgxNzcyLmpwZw.jpg'),
(260, 'Channakorn', 'VIRDEE', 'K5900438@kingston.ac.uk', '702043', 0, 2, 6, 1, 'https://images.generated.photos/wxEohmquKxhszr5XiPb5OPrrgU6Ack-zoijM_89nlF8/rs:fit:256:256/czM6Ly9pY29uczgu/Z3Bob3Rvcy1wcm9k/LnBob3Rvcy92M18w/NjkyODMwLmpwZw.jpg'),
(261, 'Chris', 'WAGNER', 'K9213298@kingston.ac.uk', '185496', 0, 2, 6, 1, 'https://images.generated.photos/LYa83chsjlauCsYjM68NCQvjzYT9SqbzFeJRDTUrWHI/rs:fit:256:256/czM6Ly9pY29uczgu/Z3Bob3Rvcy1wcm9k/LnBob3Rvcy92M18w/ODAxMDY3LmpwZw.jpg'),
(262, 'Habil', 'WAHAB', 'K8738148@kingston.ac.uk', '916659', 0, 2, 3, 1, 'https://images.generated.photos/lTWrNQwz2xhR7aeOkX77ihRYbAnqvHEEW6bGVO8tFnY/rs:fit:256:256/czM6Ly9pY29uczgu/Z3Bob3Rvcy1wcm9k/LnBob3Rvcy92M18w/MzQzMjM2LmpwZw.jpg'),
(263, 'Travis', 'WATKINSON', 'K1438455@kingston.ac.uk', '844083', 0, 2, 6, 1, 'https://images.generated.photos/hnWSsNBUCO54EsrQaocQblBrwyqUSkG2H28TcIR3_xo/rs:fit:256:256/czM6Ly9pY29uczgu/Z3Bob3Rvcy1wcm9k/LnBob3Rvcy92M18w/MTg2MTU1LmpwZw.jpg'),
(264, 'Hussein', 'WEERASINGHE', 'K3379354@kingston.ac.uk', '330691', 0, 2, 6, 1, 'https://images.generated.photos/7g-M8yAj1mK4UGthGq_qbgT18mRtr-0SkdNjyo1_P2k/rs:fit:256:256/czM6Ly9pY29uczgu/Z3Bob3Rvcy1wcm9k/LnBob3Rvcy92M18w/NjU2MTA0LmpwZw.jpg'),
(265, 'James', 'WILLIAMS', 'K2282591@kingston.ac.uk', '602150', 0, 2, 3, 1, 'https://images.generated.photos/R-3NPwCNbIrl9Xu4LRMETELl415lzKA7GKxiwCihO_w/rs:fit:256:256/czM6Ly9pY29uczgu/Z3Bob3Rvcy1wcm9k/LnBob3Rvcy92M18w/NzAxMzkzLmpwZw.jpg'),
(266, 'Seb', 'WREN', 'K6768963@kingston.ac.uk', '621500', 0, 2, 6, 1, 'https://images.generated.photos/RQvKUtLsJ9kGOqxov3p-v5ZwKyFD_ydFHR3piyKH018/rs:fit:256:256/czM6Ly9pY29uczgu/Z3Bob3Rvcy1wcm9k/LnBob3Rvcy92M18w/MjgxMzAxLmpwZw.jpg'),
(267, 'Houda', 'YALCIN', 'K1925993@kingston.ac.uk', '429764', 0, 2, 6, 1, 'https://images.generated.photos/NjkTP4tQOBNeRtu6XUqBY21qoQJFv6gA8AgOauiSrTI/rs:fit:256:256/czM6Ly9pY29uczgu/Z3Bob3Rvcy1wcm9k/LnBob3Rvcy92M18w/OTkxNTcyLmpwZw.jpg'),
(268, 'Ziqi', 'YAN', 'K5210611@kingston.ac.uk', '834240', 0, 2, 3, 1, 'https://images.generated.photos/rQb1H7VGHxItfnrHVH5mtWci1Q1wOp6JRmUf_6mcneI/rs:fit:256:256/czM6Ly9pY29uczgu/Z3Bob3Rvcy1wcm9k/LnBob3Rvcy92M18w/NTExNzg3LmpwZw.jpg'),
(269, 'Omid', 'YENGIL', 'K6982827@kingston.ac.uk', '15111', 0, 2, 6, 1, 'https://images.generated.photos/KW3XTHDx79QjWwtAiBL5Z2JBoHngJyZPHt0jNza6Aus/rs:fit:256:256/czM6Ly9pY29uczgu/Z3Bob3Rvcy1wcm9k/LnBob3Rvcy92M18w/NDkwMzgxLmpwZw.jpg'),
(270, 'Uma', 'ZAHAWI', 'K2271941@kingston.ac.uk', '696770', 0, 2, 6, 1, 'https://images.generated.photos/MeSdOWLmmY-RGbZYUPLVGzoJHa-Ur6YWDfAvKKpu6iI/rs:fit:256:256/czM6Ly9pY29uczgu/Z3Bob3Rvcy1wcm9k/LnBob3Rvcy92M18w/MDcxMzM5LmpwZw.jpg'),
(271, 'Soroush', 'ZEMOUR', 'K9878144@kingston.ac.uk', '660134', 0, 2, 3, 1, 'https://images.generated.photos/C4wh2-BSdF58itHXDnhMja-hPUoSHJkB0TTI0WxslRo/rs:fit:256:256/czM6Ly9pY29uczgu/Z3Bob3Rvcy1wcm9k/LnBob3Rvcy92M18w/NjM5NzM4LmpwZw.jpg'),
(272, 'Gabriella', 'ZHANG', 'K2739637@kingston.ac.uk', '973140', 0, 2, 6, 1, 'https://images.generated.photos/YUgyHb6fdm9MvtfReJo0IDCDFHcb36JeyAT8cd_Lgc0/rs:fit:256:256/czM6Ly9pY29uczgu/Z3Bob3Rvcy1wcm9k/LnBob3Rvcy92M18w/Mjg0OTI4LmpwZw.jpg'),
(273, 'Aleksander', 'ZHELEV', 'K6003738@kingston.ac.uk', '580131', 0, 2, 6, 1, 'https://images.generated.photos/MEhzHfD0AtIoLUVj5R4QKAmyaS87QnLhEpGvxxjwVcI/rs:fit:256:256/czM6Ly9pY29uczgu/Z3Bob3Rvcy1wcm9k/LnBob3Rvcy92M18w/MTg5NTA2LmpwZw.jpg'),
(274, 'Arnold', 'ZWIERZYNSKI', 'K8243443@kingston.ac.uk', '477504', 0, 2, 3, 1, 'https://images.generated.photos/oSZYIwnnkmx5ctxUcxnHLgePTkSPPF_2IDnf8xEVTBA/rs:fit:256:256/czM6Ly9pY29uczgu/Z3Bob3Rvcy1wcm9k/LnBob3Rvcy92M18w/OTQ4MjIzLmpwZw.jpg'),
(275, 'Sholeh', 'ABBAS', 'K2955214@kingston.ac.uk', '771914', 0, 2, 4, 1, 'https://images.generated.photos/evdpMs0ZUOoMA0ACfCy98zzmy347YQxRmrPCWHp3v0g/rs:fit:256:256/czM6Ly9pY29uczgu/Z3Bob3Rvcy1wcm9k/LnBob3Rvcy92M18w/MzUzMTEyLmpwZw.jpg'),
(276, 'Hashim', 'ABDALLAH', 'K1083353@kingston.ac.uk', '846102', 0, 2, 4, 1, 'https://images.generated.photos/eL1-OlKDqGf1IaL_b2O8aSj7osDX_eFVHZEoJ0f3ZV0/rs:fit:256:256/czM6Ly9pY29uczgu/Z3Bob3Rvcy1wcm9k/LnBob3Rvcy92M18w/NzYwNjc0LmpwZw.jpg'),
(277, 'Ahmad', 'ABDUL KABEER', 'K2990629@kingston.ac.uk', '213351', 0, 2, 4, 1, 'https://images.generated.photos/MisXC_ZEtY_OSQvatKbth6GyUEgjX9eS3hzX7J_9ODI/rs:fit:256:256/czM6Ly9pY29uczgu/Z3Bob3Rvcy1wcm9k/LnBob3Rvcy92M18w/NjQxNDMyLmpwZw.jpg'),
(278, 'Suheyb', 'ABDULQADIR', 'K8536850@kingston.ac.uk', '61239', 0, 2, 4, 1, 'https://images.generated.photos/O9bUHzlvamPOMiK9j-hLGhHEf9ywbB7FlKjK8yKGuaw/rs:fit:256:256/czM6Ly9pY29uczgu/Z3Bob3Rvcy1wcm9k/LnBob3Rvcy92M18w/MzM4NzE0LmpwZw.jpg'),
(279, 'Ezubair', 'ABRAHAM', 'K5638915@kingston.ac.uk', '354440', 0, 2, 4, 1, 'https://images.generated.photos/BSqXpGXFt93GoCENwTf8D5y3N6o7rMSQ4w14z93bgkI/rs:fit:256:256/czM6Ly9pY29uczgu/Z3Bob3Rvcy1wcm9k/LnBob3Rvcy92M18w/MDcwNDk4LmpwZw.jpg'),
(280, 'Hisham', 'ABUBAKAR', 'K1035263@kingston.ac.uk', '179104', 0, 2, 4, 1, 'https://images.generated.photos/4fHOS2cD9Ykbz5pJ_0KQucwvzCMPQTR7-5rGAydjLGo/rs:fit:256:256/czM6Ly9pY29uczgu/Z3Bob3Rvcy1wcm9k/LnBob3Rvcy92M18w/MjM0MjczLmpwZw.jpg'),
(281, 'Mahamud', 'ADEN', 'K2866646@kingston.ac.uk', '381544', 0, 2, 4, 1, 'https://images.generated.photos/tcd-7pVoSrwBAW5wxgoTdkSWLacfi6D8Km-EFdUcqSs/rs:fit:256:256/czM6Ly9pY29uczgu/Z3Bob3Rvcy1wcm9k/LnBob3Rvcy92M18w/ODU4OTk2LmpwZw.jpg'),
(282, 'Isaac', 'AFRAZEH', 'K7727337@kingston.ac.uk', '942846', 0, 2, 4, 1, 'https://images.generated.photos/FF4ulNLRGGsnEWCSK2hzxQ1kpTUXrQfb2_2BN4CbHj8/rs:fit:256:256/czM6Ly9pY29uczgu/Z3Bob3Rvcy1wcm9k/LnBob3Rvcy92M18w/OTU4NjEzLmpwZw.jpg'),
(283, 'Danish', 'AHMAD', 'K3008749@kingston.ac.uk', '132483', 0, 2, 4, 1, 'https://images.generated.photos/-_-hyUefVoOz8qBBv31AeMbBMzZXLcCXiWAneZb0u2U/rs:fit:256:256/czM6Ly9pY29uczgu/Z3Bob3Rvcy1wcm9k/LnBob3Rvcy92M18w/Njg1NDE4LmpwZw.jpg'),
(284, 'Shuja', 'AHMAD', 'K8319360@kingston.ac.uk', '923707', 0, 2, 4, 1, 'https://images.generated.photos/vnopGiDivHG6UKp3AgGkY44U3nOfR3lLsWNKdA-KEyQ/rs:fit:256:256/czM6Ly9pY29uczgu/Z3Bob3Rvcy1wcm9k/LnBob3Rvcy92M18w/MjAzMjQyLmpwZw.jpg'),
(285, 'Eray', 'AHMAD ALHUMAIDI', 'K5897503@kingston.ac.uk', '71183', 0, 2, 4, 1, 'https://images.generated.photos/hQhusbkbyyxfX8kKXcneY4rroLsc8NkBbMVoGhDN4eg/rs:fit:256:256/czM6Ly9pY29uczgu/Z3Bob3Rvcy1wcm9k/LnBob3Rvcy92M18w/ODQyNzI2LmpwZw.jpg'),
(286, 'Ayomide', 'AHMED', 'K4986483@kingston.ac.uk', '438959', 0, 2, 4, 1, 'https://images.generated.photos/b6qA2UrsUemQPIdmPNZHKnqLeyZsCv0Xhfkqu_A4zsQ/rs:fit:256:256/czM6Ly9pY29uczgu/Z3Bob3Rvcy1wcm9k/LnBob3Rvcy92M18w/NTM1Mzk4LmpwZw.jpg'),
(287, 'Faris', 'AHMED', 'K3265517@kingston.ac.uk', '331439', 0, 2, 4, 1, 'https://images.generated.photos/BdRHDOlzfO2nY3cm9SJuBaf_LPCCv0tzUq3hSv6-Ub8/rs:fit:256:256/czM6Ly9pY29uczgu/Z3Bob3Rvcy1wcm9k/LnBob3Rvcy92M18w/NDYzODY2LmpwZw.jpg'),
(288, 'Daniyal', 'AKBARI', 'K5515019@kingston.ac.uk', '266152', 0, 2, 4, 1, 'https://images.generated.photos/i2FdynijXNPPeSaLirznug1FKnhzAgyDCLxMOAQuPys/rs:fit:256:256/czM6Ly9pY29uczgu/Z3Bob3Rvcy1wcm9k/LnBob3Rvcy92M18w/NTQ3ODg4LmpwZw.jpg'),
(289, 'Samir', 'ALAHMAD', 'K7907243@kingston.ac.uk', '634530', 0, 2, 4, 1, 'https://images.generated.photos/1zzVOGo2BC7zlIbuqtT9E03KbcRrCFw0CeIkCRH-pQo/rs:fit:256:256/czM6Ly9pY29uczgu/Z3Bob3Rvcy1wcm9k/LnBob3Rvcy92M18w/OTU2NTI4LmpwZw.jpg'),
(290, 'Abdulmajeed', 'ALAMERI', 'K5203847@kingston.ac.uk', '848952', 0, 2, 4, 1, 'https://images.generated.photos/-_-hyUefVoOz8qBBv31AeMbBMzZXLcCXiWAneZb0u2U/rs:fit:256:256/czM6Ly9pY29uczgu/Z3Bob3Rvcy1wcm9k/LnBob3Rvcy92M18w/Njg1NDE4LmpwZw.jpg'),
(291, 'Sarah', 'ALANOV', 'K7484969@kingston.ac.uk', '937011', 0, 2, 4, 1, 'https://images.generated.photos/oFKjEzWzzxP334cct2C4jG4B7KVNSnRiOxBkXtYnooc/rs:fit:256:256/czM6Ly9pY29uczgu/Z3Bob3Rvcy1wcm9k/LnBob3Rvcy92M18w/MDg0NDM4LmpwZw.jpg'),
(292, 'Riam', 'ALHARBI', 'K5059505@kingston.ac.uk', '207489', 0, 2, 4, 1, 'https://images.generated.photos/dlgAVHAHZ97WB1x_wLlv8sHlqSlo3cKSL9gMD0sEnTU/rs:fit:256:256/czM6Ly9pY29uczgu/Z3Bob3Rvcy1wcm9k/LnBob3Rvcy92M18w/MDYxNTA1LmpwZw.jpg'),
(293, 'Alina', 'ALI', 'K9582864@kingston.ac.uk', '238745', 0, 2, 4, 1, 'https://images.generated.photos/nd05XJkPBAQhKezm1C17BDYjaQYnZh5_TWDCiEQxhwk/rs:fit:256:256/czM6Ly9pY29uczgu/Z3Bob3Rvcy1wcm9k/LnBob3Rvcy92M18w/NjI2NTU0LmpwZw.jpg'),
(294, 'Kamaal', 'ALI', 'K6341192@kingston.ac.uk', '484230', 0, 2, 4, 1, 'https://images.generated.photos/DQT0A5ca_jy8xfNEviD7gygHbsp7WeSOVlTw85T5RBg/rs:fit:256:256/czM6Ly9pY29uczgu/Z3Bob3Rvcy1wcm9k/LnBob3Rvcy92M18w/OTc2OTc4LmpwZw.jpg'),
(295, 'Muhamed', 'ALI', 'K7401613@kingston.ac.uk', '157084', 0, 2, 4, 1, 'https://images.generated.photos/at6sfW3OnrZJ-HXDVcGgFazH_T9SjukFIOtaGkg2Gb4/rs:fit:256:256/czM6Ly9pY29uczgu/Z3Bob3Rvcy1wcm9k/LnBob3Rvcy92M18w/Mzg0NDYyLmpwZw.jpg'),
(296, 'Pooya', 'ALI', 'K5984127@kingston.ac.uk', '804130', 0, 2, 4, 1, 'https://images.generated.photos/OlokiSuYRHxLAyqOx71ly8-tfcgWnS7qbUjZAp8BgBE/rs:fit:256:256/czM6Ly9pY29uczgu/Z3Bob3Rvcy1wcm9k/LnBob3Rvcy92M18w/Nzc0NzgxLmpwZw.jpg'),
(297, 'Tahreem', 'ALI', 'K3728624@kingston.ac.uk', '526442', 0, 2, 4, 1, 'https://images.generated.photos/rAGWjXdkmUxKVmECQUW490KSW4bE4AN8Nv8rs8pdmiI/rs:fit:256:256/czM6Ly9pY29uczgu/Z3Bob3Rvcy1wcm9k/LnBob3Rvcy92M18w/NTA4MDM0LmpwZw.jpg'),
(298, 'Younis', 'AL-JUMAILI', 'K2456899@kingston.ac.uk', '424929', 0, 2, 4, 1, 'https://images.generated.photos/0s29pYa3GoLpzDa_rSnFlOdjh7udUNfJ-OwZh7iO2DM/rs:fit:256:256/czM6Ly9pY29uczgu/Z3Bob3Rvcy1wcm9k/LnBob3Rvcy92M18w/NjMwNDM2LmpwZw.jpg'),
(299, 'Haidar', 'ALKHAMIS', 'K9209426@kingston.ac.uk', '744111', 0, 2, 4, 1, 'https://images.generated.photos/v4Pwf33BOICzF8LPupx3FhxjTgwTqp2sHpHpTLfzis4/rs:fit:256:256/czM6Ly9pY29uczgu/Z3Bob3Rvcy1wcm9k/LnBob3Rvcy92M18w/NTA1MDEwLmpwZw.jpg'),
(300, 'John', 'ALLI', 'K5956995@kingston.ac.uk', '765866', 0, 2, 4, 1, 'https://images.generated.photos/BYeSuRlUuLQIe0ePihHXe2i8IRzQ5B241wg3fI2XdD0/rs:fit:256:256/czM6Ly9pY29uczgu/Z3Bob3Rvcy1wcm9k/LnBob3Rvcy92M18w/NzE1MDUzLmpwZw.jpg'),
(301, 'Andrew', 'ALMEIDA', 'K9656438@kingston.ac.uk', '472373', 0, 2, 4, 1, 'https://images.generated.photos/q8kDV9t6-lJYT8WQDK3yMt6fUgpzbqWq9Zs9KpG0WWU/rs:fit:256:256/czM6Ly9pY29uczgu/Z3Bob3Rvcy1wcm9k/LnBob3Rvcy92M18w/NzE3NTQxLmpwZw.jpg'),
(302, 'Faisal', 'ALMUTAIRI', 'K8549696@kingston.ac.uk', '678495', 0, 2, 4, 1, 'https://images.generated.photos/dWK7KShY5kRnPjf-PoJwefNyCuaEQTBD2GR2ffPEEkg/rs:fit:256:256/czM6Ly9pY29uczgu/Z3Bob3Rvcy1wcm9k/LnBob3Rvcy92M18w/OTc4MDQ1LmpwZw.jpg'),
(303, 'Aziz', 'ALSAIK', 'K8108537@kingston.ac.uk', '962592', 0, 2, 4, 1, 'https://images.generated.photos/1XUTl-KsrdjedFMIKAxgp0p6mVYVb-bQTmrZb51QzFI/rs:fit:256:256/czM6Ly9pY29uczgu/Z3Bob3Rvcy1wcm9k/LnBob3Rvcy92M18w/MzczMDE0LmpwZw.jpg'),
(304, 'Sultan', 'ALZAHRANI', 'K8459028@kingston.ac.uk', '698205', 0, 2, 4, 1, 'https://images.generated.photos/H9oaVaeM2U36ksLO9v2Cc_FDfas6Q-wAdZe-9iRKpiY/rs:fit:256:256/czM6Ly9pY29uczgu/Z3Bob3Rvcy1wcm9k/LnBob3Rvcy92M18w/ODE3NTA2LmpwZw.jpg'),
(305, 'Ellis', 'AMBER', 'K2295595@kingston.ac.uk', '577747', 0, 2, 4, 1, 'https://images.generated.photos/fhGgr1mMMzg-3k0iPKKQ1D-yyq52wAnZmkHBysNJHIE/rs:fit:256:256/czM6Ly9pY29uczgu/Z3Bob3Rvcy1wcm9k/LnBob3Rvcy92M18w/ODc0MDg2LmpwZw.jpg'),
(306, 'Rahul', 'AMIN', 'K5964012@kingston.ac.uk', '858854', 0, 2, 4, 1, 'https://images.generated.photos/XSMdlJpG0nIzsUn50QBOOhZ68MKFQBZZ5x0OMtrh5xc/rs:fit:256:256/czM6Ly9pY29uczgu/Z3Bob3Rvcy1wcm9k/LnBob3Rvcy92M18w/MDQwNTU4LmpwZw.jpg'),
(307, 'Bilal', 'ANIKA', 'K3539754@kingston.ac.uk', '137533', 0, 2, 4, 1, 'https://images.generated.photos/LT2ltWbY0qzloYhACMj0ch8VgtXRk8WVCngBtZmJ8No/rs:fit:256:256/czM6Ly9pY29uczgu/Z3Bob3Rvcy1wcm9k/LnBob3Rvcy92M18w/Njc0NTE0LmpwZw.jpg'),
(308, 'Waqas', 'APPIAH SAKYI', 'K5682366@kingston.ac.uk', '376036', 0, 2, 4, 1, 'https://images.generated.photos/rQb1H7VGHxItfnrHVH5mtWci1Q1wOp6JRmUf_6mcneI/rs:fit:256:256/czM6Ly9pY29uczgu/Z3Bob3Rvcy1wcm9k/LnBob3Rvcy92M18w/NTExNzg3LmpwZw.jpg'),
(309, 'Muskaan', 'ARSHAD', 'K6461828@kingston.ac.uk', '830624', 0, 2, 4, 1, 'https://images.generated.photos/miAirTikeC7eWd6YGUc_suI1sDZzaGOeeKxdAiSXllI/rs:fit:256:256/czM6Ly9pY29uczgu/Z3Bob3Rvcy1wcm9k/LnBob3Rvcy92M18w/NTU5NjUxLmpwZw.jpg'),
(310, 'Oscar', 'ARTHUR', 'K5114287@kingston.ac.uk', '255581', 0, 2, 4, 1, 'https://images.generated.photos/aOd5DY9iU6pKv5dyxlIDZW6ceBtWgWwpsh5yKUFWcRE/rs:fit:256:256/czM6Ly9pY29uczgu/Z3Bob3Rvcy1wcm9k/LnBob3Rvcy92M18w/MTE3NTI4LmpwZw.jpg'),
(311, 'Sam', 'ASGHAR', 'K7963919@kingston.ac.uk', '161188', 0, 2, 4, 1, 'https://images.generated.photos/XtsBlRxQLgWzFAtycpalUkvVdf9tAvCfC9vEPtSVaxY/rs:fit:256:256/czM6Ly9pY29uczgu/Z3Bob3Rvcy1wcm9k/LnBob3Rvcy92M18w/MzQ2ODE2LmpwZw.jpg'),
(312, 'Raghav', 'ASHRAF', 'K3429832@kingston.ac.uk', '201695', 0, 2, 4, 1, 'https://images.generated.photos/USogc9nnQJaIRfIjXsoqZ1AfLT5hPaAMYpnqSbmQ0WI/rs:fit:256:256/czM6Ly9pY29uczgu/Z3Bob3Rvcy1wcm9k/LnBob3Rvcy92M18w/MjI3NzQ0LmpwZw.jpg'),
(313, 'Yassin', 'ATTARIAN', 'K2441427@kingston.ac.uk', '566089', 0, 2, 4, 1, 'https://images.generated.photos/GoTad-molmm806QqX9iiovkUl6t544qJnZ75wQEkYBA/rs:fit:256:256/czM6Ly9pY29uczgu/Z3Bob3Rvcy1wcm9k/LnBob3Rvcy92M18w/MjQ5MTAxLmpwZw.jpg'),
(314, 'Nadine', 'AUSTIN', 'K2560622@kingston.ac.uk', '72219', 0, 2, 4, 1, 'https://images.generated.photos/XeSDiajHkPbgk5oRsNaaPOGsDcPoMDZ9giyzw4_hJwg/rs:fit:256:256/czM6Ly9pY29uczgu/Z3Bob3Rvcy1wcm9k/LnBob3Rvcy92M18w/MDkzODg4LmpwZw.jpg'),
(315, 'Rohaan', 'AZIZ', 'K9373743@kingston.ac.uk', '142659', 0, 2, 4, 1, 'https://images.generated.photos/Ypb3BwMaDgO0IIP0_LqzMm6IXCaXW0Eksu5-aIjcvks/rs:fit:256:256/czM6Ly9pY29uczgu/Z3Bob3Rvcy1wcm9k/LnBob3Rvcy92M18w/NjY5MzcwLmpwZw.jpg'),
(316, 'Mohamed', 'BALASH', 'K6059183@kingston.ac.uk', '706283', 0, 2, 4, 1, 'https://images.generated.photos/IC1P3h5ZGPvY31ekk6g_zzPabj6rzztc3ROTXy_hImQ/rs:fit:256:256/czM6Ly9pY29uczgu/Z3Bob3Rvcy1wcm9k/LnBob3Rvcy92M18w/NTM1NTc3LmpwZw.jpg'),
(317, 'Angus', 'BALDWIN', 'K9579461@kingston.ac.uk', '832757', 0, 2, 4, 1, 'https://images.generated.photos/tcd-7pVoSrwBAW5wxgoTdkSWLacfi6D8Km-EFdUcqSs/rs:fit:256:256/czM6Ly9pY29uczgu/Z3Bob3Rvcy1wcm9k/LnBob3Rvcy92M18w/ODU4OTk2LmpwZw.jpg'),
(318, 'Anderson', 'BARDELLA', 'K9710092@kingston.ac.uk', '230441', 0, 2, 4, 1, 'https://images.generated.photos/GvrS74ClRAkEQ_-WeZzKxvc-zbzc8ElrjEQ22YEHr7o/rs:fit:256:256/czM6Ly9pY29uczgu/Z3Bob3Rvcy1wcm9k/LnBob3Rvcy92M18w/NTI3NjcwLmpwZw.jpg'),
(319, 'Thierno', 'BARZEY', 'K8779808@kingston.ac.uk', '593767', 0, 2, 4, 1, 'https://images.generated.photos/7g-M8yAj1mK4UGthGq_qbgT18mRtr-0SkdNjyo1_P2k/rs:fit:256:256/czM6Ly9pY29uczgu/Z3Bob3Rvcy1wcm9k/LnBob3Rvcy92M18w/NjU2MTA0LmpwZw.jpg'),
(320, 'Jade', 'BASHFORD', 'K3733936@kingston.ac.uk', '561383', 0, 2, 4, 1, 'https://images.generated.photos/Dfs_lwkxBARoUImrpWNfu3qlG8WTnRtC25N7wK2BE3Y/rs:fit:256:256/czM6Ly9pY29uczgu/Z3Bob3Rvcy1wcm9k/LnBob3Rvcy92M18w/OTMzNzE0LmpwZw.jpg'),
(321, 'Kai', 'BATANONI', 'K9994143@kingston.ac.uk', '420418', 0, 2, 4, 1, 'https://images.generated.photos/nJdJbQikKIIcURjhGmcLRoMMzwnEwq48EbYtiW7Z7R4/rs:fit:256:256/czM6Ly9pY29uczgu/Z3Bob3Rvcy1wcm9k/LnBob3Rvcy92M18w/NDIzNjc4LmpwZw.jpg'),
(322, 'Lokendra', 'BECKER', 'K3683930@kingston.ac.uk', '608424', 0, 2, 4, 1, 'https://images.generated.photos/gMC173_F8yruoYHDuzFKz2VYYedlUhTf8Y5KT_PUPP0/rs:fit:256:256/czM6Ly9pY29uczgu/Z3Bob3Rvcy1wcm9k/LnBob3Rvcy92M18w/Njg5MTk4LmpwZw.jpg'),
(323, 'Firat', 'BEHZADI', 'K8645149@kingston.ac.uk', '415244', 0, 2, 4, 1, 'https://images.generated.photos/Ypb3BwMaDgO0IIP0_LqzMm6IXCaXW0Eksu5-aIjcvks/rs:fit:256:256/czM6Ly9pY29uczgu/Z3Bob3Rvcy1wcm9k/LnBob3Rvcy92M18w/NjY5MzcwLmpwZw.jpg'),
(324, 'Hristo', 'BENOIT-HINDS', 'K7495978@kingston.ac.uk', '208092', 0, 2, 4, 1, 'https://images.generated.photos/xtRv-44QUo7gjd8VxJ6dCDD1V7rSpk7mqOd9f1bwlUo/rs:fit:256:256/czM6Ly9pY29uczgu/Z3Bob3Rvcy1wcm9k/LnBob3Rvcy92M18w/Njk4MzkyLmpwZw.jpg'),
(325, 'Shakiba', 'BHAMRA', 'K9804915@kingston.ac.uk', '7358', 0, 2, 4, 1, 'https://images.generated.photos/g1EMloA3I2s7oSzy-Y-zpaPy8kRomAV4_XcPhP24oPw/rs:fit:256:256/czM6Ly9pY29uczgu/Z3Bob3Rvcy1wcm9k/LnBob3Rvcy92M18w/MzM3MDE1LmpwZw.jpg'),
(326, 'Rilind', 'BIRDI', 'K3902546@kingston.ac.uk', '705893', 0, 2, 4, 1, 'https://images.generated.photos/q8kDV9t6-lJYT8WQDK3yMt6fUgpzbqWq9Zs9KpG0WWU/rs:fit:256:256/czM6Ly9pY29uczgu/Z3Bob3Rvcy1wcm9k/LnBob3Rvcy92M18w/NzE3NTQxLmpwZw.jpg'),
(327, 'Lucas', 'BLESZYNSKI', 'K5971672@kingston.ac.uk', '476535', 0, 2, 4, 1, 'https://images.generated.photos/VRh3J6Kn5uwWEnN-nC_QxC6BtTrjGIM4utBXExhhugY/rs:fit:256:256/czM6Ly9pY29uczgu/Z3Bob3Rvcy1wcm9k/LnBob3Rvcy92M18w/MzIyMTc5LmpwZw.jpg'),
(328, 'Freddie', 'BOKINALA', 'K8042959@kingston.ac.uk', '725631', 0, 2, 4, 1, 'https://images.generated.photos/YBJh-Q8mxrCaCJ7dc1Wx41wCOqBpCkLBeIQGED2RVhg/rs:fit:256:256/czM6Ly9pY29uczgu/Z3Bob3Rvcy1wcm9k/LnBob3Rvcy92M18w/NzM4NDI4LmpwZw.jpg'),
(329, 'Arron', 'BOOTH-HUDSON', 'K1405191@kingston.ac.uk', '737977', 0, 2, 4, 1, 'https://images.generated.photos/2gOrmyv2TLOKk4WhlFTDM8OaKNUyA_sN50IkKQoReCo/rs:fit:256:256/czM6Ly9pY29uczgu/Z3Bob3Rvcy1wcm9k/LnBob3Rvcy92M18w/Nzk2MjYyLmpwZw.jpg'),
(330, 'Simao', 'BORUSZEWSKI', 'K3719198@kingston.ac.uk', '762308', 0, 2, 4, 1, 'https://images.generated.photos/_-lwmuPjZsxYn19UATe-fh6ZwQwtAYhAVaqI1QHJWL8/rs:fit:256:256/czM6Ly9pY29uczgu/Z3Bob3Rvcy1wcm9k/LnBob3Rvcy92M18w/MDUxOTQzLmpwZw.jpg'),
(331, 'Oliver', 'BRAHO', 'K6549291@kingston.ac.uk', '468621', 0, 2, 4, 1, 'https://images.generated.photos/AmiO-_d4mr7gFLh37DwDc3WEkMEE9iM8R0uJWjG4aMY/rs:fit:256:256/czM6Ly9pY29uczgu/Z3Bob3Rvcy1wcm9k/LnBob3Rvcy92M18w/OTEwNTg0LmpwZw.jpg'),
(332, 'Casey', 'BURTON', 'K4443909@kingston.ac.uk', '545583', 0, 2, 4, 1, 'https://images.generated.photos/WI80uorWegDL73F_SgzW7IGi6smPw2-xwa0kVOE8YY4/rs:fit:256:256/czM6Ly9pY29uczgu/Z3Bob3Rvcy1wcm9k/LnBob3Rvcy92M18w/OTcxMjU3LmpwZw.jpg'),
(333, 'Ethan', 'CAMPIGOTTO', 'K2561021@kingston.ac.uk', '124723', 0, 2, 4, 1, 'https://images.generated.photos/2RaeRvcQCbCsMXEU0Q57ug5IxQuhWtS_6e98TafQTa4/rs:fit:256:256/czM6Ly9pY29uczgu/Z3Bob3Rvcy1wcm9k/LnBob3Rvcy92M18w/MTY0MTg4LmpwZw.jpg'),
(334, 'Aaron', 'CARVILLE', 'K3733781@kingston.ac.uk', '509144', 0, 2, 4, 1, 'https://images.generated.photos/vaD0SRzfRvdsRwFLkTqyPQ8e9cvxmODf-mKIb5aT1bA/rs:fit:256:256/czM6Ly9pY29uczgu/Z3Bob3Rvcy1wcm9k/LnBob3Rvcy92M18w/MTI3NTg4LmpwZw.jpg'),
(335, 'Arun', 'CHACHIA', 'K1884224@kingston.ac.uk', '458585', 0, 2, 4, 1, 'https://images.generated.photos/jNZgUbWhmYExU3zAnhVUbfQ5Q_2a1HUDZr_TMaOMOmU/rs:fit:256:256/czM6Ly9pY29uczgu/Z3Bob3Rvcy1wcm9k/LnBob3Rvcy92M18w/NzQ3NjY1LmpwZw.jpg'),
(336, 'Adam', 'CHIKER', 'K1830505@kingston.ac.uk', '737720', 0, 2, 4, 1, 'https://images.generated.photos/Pf_iarXQmdiJFM8hSAMV_ZyJWpVTadkvWGDF-akmaS4/rs:fit:256:256/czM6Ly9pY29uczgu/Z3Bob3Rvcy1wcm9k/LnBob3Rvcy92M18w/NTE3OTI1LmpwZw.jpg'),
(337, 'Karanvir', 'CHOUDHARY', 'K2262172@kingston.ac.uk', '168507', 0, 2, 4, 1, 'https://images.generated.photos/JVF4pyOq4fKwmpYwYv6WO-ma5p3njz54JPIAk9-7YeY/rs:fit:256:256/czM6Ly9pY29uczgu/Z3Bob3Rvcy1wcm9k/LnBob3Rvcy92M18w/MDIyNzQ5LmpwZw.jpg'),
(338, 'Vijay', 'CHOWDHURY', 'K6442940@kingston.ac.uk', '994600', 0, 2, 4, 1, 'https://images.generated.photos/jX37IA2tPWH3xEC7wvrfh6TUtf5H66hlaXZATLRlx4M/rs:fit:256:256/czM6Ly9pY29uczgu/Z3Bob3Rvcy1wcm9k/LnBob3Rvcy92M18w/MTE0NjU3LmpwZw.jpg'),
(339, 'Ledia', 'CIVJANS', 'K5070482@kingston.ac.uk', '76737', 0, 2, 4, 1, 'https://images.generated.photos/H_gh-YRgM4rCuLd0p0XlOeS-iS0pTDT7SN_evLfh2pA/rs:fit:256:256/czM6Ly9pY29uczgu/Z3Bob3Rvcy1wcm9k/LnBob3Rvcy92M18w/NDUwMzU1LmpwZw.jpg'),
(340, 'Tom', 'CLARKE', 'K2807669@kingston.ac.uk', '693723', 0, 2, 4, 1, 'https://images.generated.photos/LT2ltWbY0qzloYhACMj0ch8VgtXRk8WVCngBtZmJ8No/rs:fit:256:256/czM6Ly9pY29uczgu/Z3Bob3Rvcy1wcm9k/LnBob3Rvcy92M18w/Njc0NTE0LmpwZw.jpg'),
(341, 'Sam', 'COOK-SINCLAIR', 'K8654063@kingston.ac.uk', '874455', 0, 2, 4, 1, 'https://images.generated.photos/vtztmmolzs3kn33MaGwKVLJ5JoNeEadMQtqKd_3pQjk/rs:fit:256:256/czM6Ly9pY29uczgu/Z3Bob3Rvcy1wcm9k/LnBob3Rvcy92M18w/ODUyMzQzLmpwZw.jpg'),
(342, 'Xena', 'DADA', 'K7604001@kingston.ac.uk', '84708', 0, 2, 4, 1, 'https://images.generated.photos/MFF1Wosr9X-K2qT-Hqb23_61BCG87zVHo69hgSkq-7A/rs:fit:256:256/czM6Ly9pY29uczgu/Z3Bob3Rvcy1wcm9k/LnBob3Rvcy92M18w/NzUzMjY2LmpwZw.jpg'),
(343, 'Alexander', 'DARCY', 'K9989999@kingston.ac.uk', '849327', 0, 2, 4, 1, 'https://images.generated.photos/jk5AsjhJQhAmOeV2lFnJawPZ5323Aqd2IXS_RYBLIl4/rs:fit:256:256/czM6Ly9pY29uczgu/Z3Bob3Rvcy1wcm9k/LnBob3Rvcy92M18w/ODQ3MjQ5LmpwZw.jpg'),
(344, 'Chris', 'DAY', 'K6248292@kingston.ac.uk', '979847', 0, 2, 4, 1, 'https://images.generated.photos/qRXH-kWJyBf0KLKjYOqPILXsN1WgI1eM4iS1S2eCanA/rs:fit:256:256/czM6Ly9pY29uczgu/Z3Bob3Rvcy1wcm9k/LnBob3Rvcy92M18w/MTA3ODAxLmpwZw.jpg'),
(345, 'Nicole', 'DE\'GAETANO', 'K1935219@kingston.ac.uk', '133551', 0, 2, 4, 1, 'https://images.generated.photos/5jyzlI2vm0IckNAlWn9KtNRL9VNobH9HAb2weFCnU0c/rs:fit:256:256/czM6Ly9pY29uczgu/Z3Bob3Rvcy1wcm9k/LnBob3Rvcy92M18w/Mjc2MTU5LmpwZw.jpg'),
(346, 'Anok', 'DERBAL', 'K8380165@kingston.ac.uk', '517278', 0, 2, 4, 1, 'https://images.generated.photos/_bAKJiQZh9-XrKT3K-XCLIk0T-UtGaQfz8D-12y8gaU/rs:fit:256:256/czM6Ly9pY29uczgu/Z3Bob3Rvcy1wcm9k/LnBob3Rvcy92M18w/MDY0NjI5LmpwZw.jpg'),
(347, 'Asish', 'DEY', 'K3717829@kingston.ac.uk', '168532', 0, 2, 4, 1, 'https://images.generated.photos/tcd-7pVoSrwBAW5wxgoTdkSWLacfi6D8Km-EFdUcqSs/rs:fit:256:256/czM6Ly9pY29uczgu/Z3Bob3Rvcy1wcm9k/LnBob3Rvcy92M18w/ODU4OTk2LmpwZw.jpg'),
(348, 'Avni', 'DHARIWAL', 'K3057758@kingston.ac.uk', '694056', 0, 2, 4, 1, 'https://images.generated.photos/r8nBVov0WuRMAAvX3Vut6SF1KSY1YcBI-1Uol5s3YNw/rs:fit:256:256/czM6Ly9pY29uczgu/Z3Bob3Rvcy1wcm9k/LnBob3Rvcy92M18w/NTk1NjkxLmpwZw.jpg'),
(349, 'Akumdeep', 'DHRMENDR', 'K2663765@kingston.ac.uk', '760062', 0, 2, 4, 1, 'https://images.generated.photos/lTWrNQwz2xhR7aeOkX77ihRYbAnqvHEEW6bGVO8tFnY/rs:fit:256:256/czM6Ly9pY29uczgu/Z3Bob3Rvcy1wcm9k/LnBob3Rvcy92M18w/MzQzMjM2LmpwZw.jpg'),
(350, 'Ryanna', 'DIXON', 'K3184455@kingston.ac.uk', '936224', 0, 2, 4, 1, 'https://images.generated.photos/KapPAbWIs61cyZJCI4j-F3zTypQGoM5xN_6WrelfH-I/rs:fit:256:256/czM6Ly9pY29uczgu/Z3Bob3Rvcy1wcm9k/LnBob3Rvcy92M18w/NTMzODM1LmpwZw.jpg'),
(351, 'Adam', 'DJIN', 'K3536988@kingston.ac.uk', '224739', 0, 2, 4, 1, 'https://images.generated.photos/AmiO-_d4mr7gFLh37DwDc3WEkMEE9iM8R0uJWjG4aMY/rs:fit:256:256/czM6Ly9pY29uczgu/Z3Bob3Rvcy1wcm9k/LnBob3Rvcy92M18w/OTEwNTg0LmpwZw.jpg'),
(352, 'Jason', 'DUGGAL', 'K2131015@kingston.ac.uk', '14766', 0, 2, 4, 1, 'https://images.generated.photos/h8Fi82k89XGVn2eM5vX9z-2YwfVsxX3hKKpKBC69ugI/rs:fit:256:256/czM6Ly9pY29uczgu/Z3Bob3Rvcy1wcm9k/LnBob3Rvcy92M18w/MjIzMDkwLmpwZw.jpg'),
(353, 'Joseph', 'DURIE', 'K2954385@kingston.ac.uk', '46452', 0, 2, 4, 1, 'https://images.generated.photos/N1FMFlCatY7KjnXQCEV1OAsQTUl08p-Po6rkP_4VreM/rs:fit:256:256/czM6Ly9pY29uczgu/Z3Bob3Rvcy1wcm9k/LnBob3Rvcy92M18w/NDI0MDA4LmpwZw.jpg'),
(354, 'Ryan', 'EDWARDS', 'K2769667@kingston.ac.uk', '230362', 0, 2, 4, 1, 'https://images.generated.photos/aOd5DY9iU6pKv5dyxlIDZW6ceBtWgWwpsh5yKUFWcRE/rs:fit:256:256/czM6Ly9pY29uczgu/Z3Bob3Rvcy1wcm9k/LnBob3Rvcy92M18w/MTE3NTI4LmpwZw.jpg'),
(355, 'Hemaiatullah', 'EL ALAOUNA', 'K7608220@kingston.ac.uk', '443148', 0, 2, 4, 1, 'https://images.generated.photos/Pz7esNN7mx3_BctawohRHPclGjm4zNxfAbd9n5m21Fc/rs:fit:256:256/czM6Ly9pY29uczgu/Z3Bob3Rvcy1wcm9k/LnBob3Rvcy92M18w/MDQwMDkzLmpwZw.jpg'),
(356, 'Rahma', 'ELMI', 'K6437730@kingston.ac.uk', '244045', 0, 2, 4, 1, 'https://images.generated.photos/7fLYlxBttwajHocsTDWVv_bww3A2L5u-v-MM6AB6CaQ/rs:fit:256:256/czM6Ly9pY29uczgu/Z3Bob3Rvcy1wcm9k/LnBob3Rvcy92M18w/NTA1NTQ2LmpwZw.jpg'),
(357, 'Talha', 'FAGU', 'K6218932@kingston.ac.uk', '384843', 0, 2, 4, 1, 'https://images.generated.photos/wV1tZpA5dQPfRQiceng-khVBQy0y1qbhBHt6qBUos60/rs:fit:256:256/czM6Ly9pY29uczgu/Z3Bob3Rvcy1wcm9k/LnBob3Rvcy92M18w/MTA4NzU5LmpwZw.jpg'),
(358, 'Ayuub', 'FARAZ', 'K1696590@kingston.ac.uk', '887747', 0, 2, 4, 1, 'https://images.generated.photos/XtsBlRxQLgWzFAtycpalUkvVdf9tAvCfC9vEPtSVaxY/rs:fit:256:256/czM6Ly9pY29uczgu/Z3Bob3Rvcy1wcm9k/LnBob3Rvcy92M18w/MzQ2ODE2LmpwZw.jpg'),
(359, 'Pouya', 'FATHY FARGHALY', 'K3827171@kingston.ac.uk', '226002', 0, 2, 4, 1, 'https://images.generated.photos/v2zFVcSP9iz5nozsATj_XileGEg4qv8GxvK_hXE81-Y/rs:fit:256:256/czM6Ly9pY29uczgu/Z3Bob3Rvcy1wcm9k/LnBob3Rvcy92M18w/OTA3ODE5LmpwZw.jpg'),
(360, 'Rodney', 'FEAST', 'K5693295@kingston.ac.uk', '588859', 0, 2, 4, 1, 'https://images.generated.photos/b6qA2UrsUemQPIdmPNZHKnqLeyZsCv0Xhfkqu_A4zsQ/rs:fit:256:256/czM6Ly9pY29uczgu/Z3Bob3Rvcy1wcm9k/LnBob3Rvcy92M18w/NTM1Mzk4LmpwZw.jpg'),
(361, 'Leonardo', 'FELIX', 'K1798897@kingston.ac.uk', '637297', 0, 2, 4, 1, 'https://images.generated.photos/bfyqSPI4AIpT9jxgEan8W8QYkBmss4z6y_SY4j9k3hM/rs:fit:256:256/czM6Ly9pY29uczgu/Z3Bob3Rvcy1wcm9k/LnBob3Rvcy92M18w/ODU3Mzc2LmpwZw.jpg'),
(362, 'Juan', 'FRASER', 'K5180220@kingston.ac.uk', '85654', 0, 2, 4, 1, 'https://images.generated.photos/uv4odZft7J4BUmBeYZxb1JIBDsgesjmLFlIeNfGWKuQ/rs:fit:256:256/czM6Ly9pY29uczgu/Z3Bob3Rvcy1wcm9k/LnBob3Rvcy92M18w/Njk3MjY2LmpwZw.jpg'),
(363, 'Habibullah', 'GABERTAI', 'K3208085@kingston.ac.uk', '765470', 0, 2, 4, 1, 'https://images.generated.photos/BdRHDOlzfO2nY3cm9SJuBaf_LPCCv0tzUq3hSv6-Ub8/rs:fit:256:256/czM6Ly9pY29uczgu/Z3Bob3Rvcy1wcm9k/LnBob3Rvcy92M18w/NDYzODY2LmpwZw.jpg'),
(364, 'Christian', 'GARCES', 'K8966234@kingston.ac.uk', '472896', 0, 2, 4, 1, 'https://images.generated.photos/_Re75Xtsdr2cnu4R1H3TCvA0Y9Jd8ySUp5hgCkqnI90/rs:fit:256:256/czM6Ly9pY29uczgu/Z3Bob3Rvcy1wcm9k/LnBob3Rvcy92M18w/MDI1MjIxLmpwZw.jpg'),
(365, 'Jakub', 'GENEV', 'K6024509@kingston.ac.uk', '8552', 0, 2, 4, 1, 'https://images.generated.photos/qRXH-kWJyBf0KLKjYOqPILXsN1WgI1eM4iS1S2eCanA/rs:fit:256:256/czM6Ly9pY29uczgu/Z3Bob3Rvcy1wcm9k/LnBob3Rvcy92M18w/MTA3ODAxLmpwZw.jpg'),
(366, 'Mohammad', 'GHATAURA', 'K5250058@kingston.ac.uk', '421373', 0, 2, 4, 1, 'https://images.generated.photos/r4fGnq0WHndOFmEDrPWQVlUTJoQQePulEkoo-REYEP8/rs:fit:256:256/czM6Ly9pY29uczgu/Z3Bob3Rvcy1wcm9k/LnBob3Rvcy92M18w/OTQ5OTk4LmpwZw.jpg'),
(367, 'Kremena', 'GONCALVES', 'K8534329@kingston.ac.uk', '961214', 0, 2, 4, 1, 'https://images.generated.photos/U-uHoVyaAd_BfHN8EM5J-k6BpVSUmUHEptJ8tPRiATE/rs:fit:256:256/czM6Ly9pY29uczgu/Z3Bob3Rvcy1wcm9k/LnBob3Rvcy92M18w/ODIyNzM0LmpwZw.jpg'),
(368, 'Jake', 'GREEN', 'K4209116@kingston.ac.uk', '871481', 0, 2, 4, 1, 'https://images.generated.photos/FF4ulNLRGGsnEWCSK2hzxQ1kpTUXrQfb2_2BN4CbHj8/rs:fit:256:256/czM6Ly9pY29uczgu/Z3Bob3Rvcy1wcm9k/LnBob3Rvcy92M18w/OTU4NjEzLmpwZw.jpg'),
(369, 'Nathan', 'GURBIEL', 'K9618790@kingston.ac.uk', '198840', 0, 2, 4, 1, 'https://images.generated.photos/JaFMncOoAFAerEyw_xWIeFMjzgfkkseT_oGEyP6CgQI/rs:fit:256:256/czM6Ly9pY29uczgu/Z3Bob3Rvcy1wcm9k/LnBob3Rvcy92M18w/MzI5MTY3LmpwZw.jpg'),
(370, 'Shakur', 'GURKAN', 'K4866399@kingston.ac.uk', '68596', 0, 2, 4, 1, 'https://images.generated.photos/BYeSuRlUuLQIe0ePihHXe2i8IRzQ5B241wg3fI2XdD0/rs:fit:256:256/czM6Ly9pY29uczgu/Z3Bob3Rvcy1wcm9k/LnBob3Rvcy92M18w/NzE1MDUzLmpwZw.jpg'),
(371, 'Biraj', 'GURUNG', 'K6557268@kingston.ac.uk', '749958', 0, 2, 4, 1, 'https://images.generated.photos/7XnCnhvTRcDleV_ZeYrjtKdJcAi3Pv3fUsh2SAeBo-A/rs:fit:256:256/czM6Ly9pY29uczgu/Z3Bob3Rvcy1wcm9k/LnBob3Rvcy92M18w/NzY5NTIzLmpwZw.jpg'),
(372, 'Lamek', 'GURUNG', 'K8122400@kingston.ac.uk', '828926', 0, 2, 4, 1, 'https://images.generated.photos/6FyFpnpX4UkLTPP844GJ5aEZ2uVcXDr8hwvmRM5ltzs/rs:fit:256:256/czM6Ly9pY29uczgu/Z3Bob3Rvcy1wcm9k/LnBob3Rvcy92M18w/ODQ0Mzc5LmpwZw.jpg'),
(373, 'Ashish', 'GYAMFI', 'K2433116@kingston.ac.uk', '340590', 0, 2, 4, 1, 'https://images.generated.photos/4fHOS2cD9Ykbz5pJ_0KQucwvzCMPQTR7-5rGAydjLGo/rs:fit:256:256/czM6Ly9pY29uczgu/Z3Bob3Rvcy1wcm9k/LnBob3Rvcy92M18w/MjM0MjczLmpwZw.jpg'),
(374, 'Mubeen', 'HAIDER', 'K1577027@kingston.ac.uk', '648540', 0, 2, 4, 1, 'https://images.generated.photos/rTRcIJvHEbHRIpJ5XII8RC4SU8CJStUlmL28LQ-LuFc/rs:fit:256:256/czM6Ly9pY29uczgu/Z3Bob3Rvcy1wcm9k/LnBob3Rvcy92M18w/MTM1MDIxLmpwZw.jpg'),
(375, 'Daniel Luis', 'HALL', 'K9018519@kingston.ac.uk', '599584', 0, 2, 4, 1, 'https://images.generated.photos/XRfSKWBVup-KW5T_lvS0tyce6rGaEBKUDWvk6lxZ8x8/rs:fit:256:256/czM6Ly9pY29uczgu/Z3Bob3Rvcy1wcm9k/LnBob3Rvcy92M18w/MDIwNTQwLmpwZw.jpg'),
(376, 'Zaki', 'HAMADI', 'K6937997@kingston.ac.uk', '536975', 0, 2, 4, 1, 'https://images.generated.photos/jk5AsjhJQhAmOeV2lFnJawPZ5323Aqd2IXS_RYBLIl4/rs:fit:256:256/czM6Ly9pY29uczgu/Z3Bob3Rvcy1wcm9k/LnBob3Rvcy92M18w/ODQ3MjQ5LmpwZw.jpg'),
(377, 'Ghaleb', 'HARB', 'K3242569@kingston.ac.uk', '227412', 0, 2, 4, 1, 'https://images.generated.photos/rQb1H7VGHxItfnrHVH5mtWci1Q1wOp6JRmUf_6mcneI/rs:fit:256:256/czM6Ly9pY29uczgu/Z3Bob3Rvcy1wcm9k/LnBob3Rvcy92M18w/NTExNzg3LmpwZw.jpg'),
(378, 'Gemma', 'HARPER', 'K9504766@kingston.ac.uk', '882927', 0, 2, 4, 1, 'https://images.generated.photos/hnWSsNBUCO54EsrQaocQblBrwyqUSkG2H28TcIR3_xo/rs:fit:256:256/czM6Ly9pY29uczgu/Z3Bob3Rvcy1wcm9k/LnBob3Rvcy92M18w/MTg2MTU1LmpwZw.jpg'),
(379, 'Aseel', 'HASSAN', 'K7548827@kingston.ac.uk', '704442', 0, 2, 4, 1, 'https://images.generated.photos/_bAKJiQZh9-XrKT3K-XCLIk0T-UtGaQfz8D-12y8gaU/rs:fit:256:256/czM6Ly9pY29uczgu/Z3Bob3Rvcy1wcm9k/LnBob3Rvcy92M18w/MDY0NjI5LmpwZw.jpg'),
(380, 'Mustafa', 'HASSAN', 'K9795258@kingston.ac.uk', '398025', 0, 2, 4, 1, 'https://images.generated.photos/hedydv7Gf5i_nMJyq3Nf9_dnYd0zlhbRhS4IoxXsU4U/rs:fit:256:256/czM6Ly9pY29uczgu/Z3Bob3Rvcy1wcm9k/LnBob3Rvcy92M18w/MjM3MjU2LmpwZw.jpg'),
(381, 'Ameer', 'HAYBE', 'K2191620@kingston.ac.uk', '443804', 0, 2, 4, 1, 'https://images.generated.photos/GoTad-molmm806QqX9iiovkUl6t544qJnZ75wQEkYBA/rs:fit:256:256/czM6Ly9pY29uczgu/Z3Bob3Rvcy1wcm9k/LnBob3Rvcy92M18w/MjQ5MTAxLmpwZw.jpg'),
(382, 'Sevan', 'HEIKA', 'K3682138@kingston.ac.uk', '150724', 0, 2, 4, 1, 'https://images.generated.photos/snrE1AzxltGXdCkWTy8VXkYgiyL914Z7d5m1TEwDo3A/rs:fit:256:256/czM6Ly9pY29uczgu/Z3Bob3Rvcy1wcm9k/LnBob3Rvcy92M18w/MzYyMjAzLmpwZw.jpg'),
(383, 'Ezra', 'HOESTAN', 'K6078108@kingston.ac.uk', '726564', 0, 2, 4, 1, 'https://images.generated.photos/hnWSsNBUCO54EsrQaocQblBrwyqUSkG2H28TcIR3_xo/rs:fit:256:256/czM6Ly9pY29uczgu/Z3Bob3Rvcy1wcm9k/LnBob3Rvcy92M18w/MTg2MTU1LmpwZw.jpg'),
(384, 'James', 'HUBBARD', 'K8199605@kingston.ac.uk', '14242', 0, 2, 4, 1, 'https://images.generated.photos/_-lwmuPjZsxYn19UATe-fh6ZwQwtAYhAVaqI1QHJWL8/rs:fit:256:256/czM6Ly9pY29uczgu/Z3Bob3Rvcy1wcm9k/LnBob3Rvcy92M18w/MDUxOTQzLmpwZw.jpg'),
(385, 'Bibi', 'HUMADI', 'K5778681@kingston.ac.uk', '521484', 0, 2, 4, 1, 'https://images.generated.photos/SUqjtB9N8C3fEP0Ti_mCsGdP11lnz3B1PkTq2G_emyQ/rs:fit:256:256/czM6Ly9pY29uczgu/Z3Bob3Rvcy1wcm9k/LnBob3Rvcy92M18w/MTUzOTA4LmpwZw.jpg'),
(386, 'Rabia', 'HUSSAIN', 'K5434591@kingston.ac.uk', '83817', 0, 2, 4, 1, 'https://images.generated.photos/wz_KIcXoTspRlXy5Zh1KRO-isWMlqQ85S2AahFaGEAY/rs:fit:256:256/czM6Ly9pY29uczgu/Z3Bob3Rvcy1wcm9k/LnBob3Rvcy92M18w/MjEwOTk2LmpwZw.jpg'),
(387, 'Malik', 'HUSSEIN', 'K7916754@kingston.ac.uk', '480569', 0, 2, 4, 1, 'https://images.generated.photos/2RaeRvcQCbCsMXEU0Q57ug5IxQuhWtS_6e98TafQTa4/rs:fit:256:256/czM6Ly9pY29uczgu/Z3Bob3Rvcy1wcm9k/LnBob3Rvcy92M18w/MTY0MTg4LmpwZw.jpg'),
(388, 'Walid', 'HUSSEIN', 'K6187340@kingston.ac.uk', '669450', 0, 2, 4, 1, 'https://images.generated.photos/snrE1AzxltGXdCkWTy8VXkYgiyL914Z7d5m1TEwDo3A/rs:fit:256:256/czM6Ly9pY29uczgu/Z3Bob3Rvcy1wcm9k/LnBob3Rvcy92M18w/MzYyMjAzLmpwZw.jpg'),
(389, 'Cabdiraxman', 'IBRAHIM', 'K5197941@kingston.ac.uk', '619836', 0, 2, 4, 1, 'https://images.generated.photos/PHus5nEJieYqP9Jxv8fve6RsoL6jGAlU7qH0W9eGfAM/rs:fit:256:256/czM6Ly9pY29uczgu/Z3Bob3Rvcy1wcm9k/LnBob3Rvcy92M18w/NTAzOTMwLmpwZw.jpg'),
(390, 'Shadrack', 'IMADE', 'K9136137@kingston.ac.uk', '653955', 0, 2, 4, 1, 'https://images.generated.photos/E4n5tzG78a0WYzHIF_PF9tb1i3WW5VGRa8WveIdmuEc/rs:fit:256:256/czM6Ly9pY29uczgu/Z3Bob3Rvcy1wcm9k/LnBob3Rvcy92M18w/OTgxNzcyLmpwZw.jpg'),
(391, 'James', 'INGHAM', 'K1040536@kingston.ac.uk', '98829', 0, 2, 4, 1, 'https://images.generated.photos/qRXH-kWJyBf0KLKjYOqPILXsN1WgI1eM4iS1S2eCanA/rs:fit:256:256/czM6Ly9pY29uczgu/Z3Bob3Rvcy1wcm9k/LnBob3Rvcy92M18w/MTA3ODAxLmpwZw.jpg'),
(392, 'Nabil', 'IQBAL', 'K6945115@kingston.ac.uk', '605452', 0, 2, 4, 1, 'https://images.generated.photos/q8kDV9t6-lJYT8WQDK3yMt6fUgpzbqWq9Zs9KpG0WWU/rs:fit:256:256/czM6Ly9pY29uczgu/Z3Bob3Rvcy1wcm9k/LnBob3Rvcy92M18w/NzE3NTQxLmpwZw.jpg'),
(393, 'Rhitik', 'IREO', 'K7820217@kingston.ac.uk', '963993', 0, 2, 4, 1, 'https://images.generated.photos/7daIvS9wrz3IDdQFeWOpEVGJ9F_u21AVOnCeCpNYaPU/rs:fit:256:256/czM6Ly9pY29uczgu/Z3Bob3Rvcy1wcm9k/LnBob3Rvcy92M18w/NjY2OTk3LmpwZw.jpg'),
(394, 'Mohamed', 'ISLAM', 'K6009223@kingston.ac.uk', '370559', 0, 2, 4, 1, 'https://images.generated.photos/p7cTF1YZTlO6hOfNG5dkXROLVIuXxU8e_cqzj88PnWg/rs:fit:256:256/czM6Ly9pY29uczgu/Z3Bob3Rvcy1wcm9k/LnBob3Rvcy92M18w/Njc3NjM2LmpwZw.jpg'),
(395, 'Mahmoud', 'ISSE', 'K9965154@kingston.ac.uk', '85718', 0, 2, 4, 1, 'https://images.generated.photos/7g-M8yAj1mK4UGthGq_qbgT18mRtr-0SkdNjyo1_P2k/rs:fit:256:256/czM6Ly9pY29uczgu/Z3Bob3Rvcy1wcm9k/LnBob3Rvcy92M18w/NjU2MTA0LmpwZw.jpg'),
(396, 'Safi', 'JAISANKAR', 'K2811154@kingston.ac.uk', '511599', 0, 2, 4, 1, 'https://images.generated.photos/Vw9bcKGr8krxrpY7dKSi-MJ11hDsjkB_t1Jjq0hoxHY/rs:fit:256:256/czM6Ly9pY29uczgu/Z3Bob3Rvcy1wcm9k/LnBob3Rvcy92M18w/OTU2MzIxLmpwZw.jpg'),
(397, 'Usayrim', 'JAMIL', 'K4405091@kingston.ac.uk', '183910', 0, 2, 4, 1, 'https://images.generated.photos/wxEohmquKxhszr5XiPb5OPrrgU6Ack-zoijM_89nlF8/rs:fit:256:256/czM6Ly9pY29uczgu/Z3Bob3Rvcy1wcm9k/LnBob3Rvcy92M18w/NjkyODMwLmpwZw.jpg'),
(398, 'Charles', 'JAVEED', 'K1398271@kingston.ac.uk', '865028', 0, 2, 4, 1, 'https://images.generated.photos/R-3NPwCNbIrl9Xu4LRMETELl415lzKA7GKxiwCihO_w/rs:fit:256:256/czM6Ly9pY29uczgu/Z3Bob3Rvcy1wcm9k/LnBob3Rvcy92M18w/NzAxMzkzLmpwZw.jpg'),
(399, 'Kiara', 'JEYACHANDRAN SELVARAJAH', 'K2919855@kingston.ac.uk', '391489', 0, 2, 4, 1, 'https://images.generated.photos/Sf37uEx17aGn-UssPTnbrxg7LNddCCIQ7qP9tBcC9p8/rs:fit:256:256/czM6Ly9pY29uczgu/Z3Bob3Rvcy1wcm9k/LnBob3Rvcy92M18w/MjE2MzExLmpwZw.jpg'),
(400, 'Ranuja', 'JEYASINGAM', 'K7725320@kingston.ac.uk', '320612', 0, 2, 4, 1, 'https://images.generated.photos/Rf3Bkicz4LYaSdocAI6zN087YPnBalDZIJtaSiO1aII/rs:fit:256:256/czM6Ly9pY29uczgu/Z3Bob3Rvcy1wcm9k/LnBob3Rvcy92M18w/NjI5NDY5LmpwZw.jpg'),
(401, 'Dragos', 'JOLAOSO', 'K1265382@kingston.ac.uk', '187824', 0, 2, 4, 1, 'https://images.generated.photos/lO7H_9qp0UOrlj_1j8GIgGzD2dzFS4m-jnyL-ubpc_g/rs:fit:256:256/czM6Ly9pY29uczgu/Z3Bob3Rvcy1wcm9k/LnBob3Rvcy92M18w/NzQ5NzgyLmpwZw.jpg'),
(402, 'Joshua', 'JONES', 'K9490077@kingston.ac.uk', '46881', 0, 2, 4, 1, 'https://images.generated.photos/K-Qiv-oJotYLuvCb1QkaFlNLBKhHloocYWcCbMqr31k/rs:fit:256:256/czM6Ly9pY29uczgu/Z3Bob3Rvcy1wcm9k/LnBob3Rvcy92M18w/OTg1OTgyLmpwZw.jpg'),
(403, 'Thomas', 'JOSHUA', 'K6087061@kingston.ac.uk', '66402', 0, 2, 4, 1, 'https://images.generated.photos/dQg3v96JnDZSaZ01j9uuZqcdeI8amdZjnm6igH50Dzc/rs:fit:256:256/czM6Ly9pY29uczgu/Z3Bob3Rvcy1wcm9k/LnBob3Rvcy92M18w/NzI3NzMyLmpwZw.jpg'),
(404, 'Don', 'KABA', 'K8904088@kingston.ac.uk', '312125', 0, 2, 4, 1, 'https://images.generated.photos/SaoSoJmmJ0AAUi49cSbqcsDXFxjkl63LbPbnOEhiVz0/rs:fit:256:256/czM6Ly9pY29uczgu/Z3Bob3Rvcy1wcm9k/LnBob3Rvcy92M18w/NTY3MjMwLmpwZw.jpg'),
(405, 'Bhominathan', 'KALAM', 'K8688666@kingston.ac.uk', '920895', 0, 2, 4, 1, 'https://images.generated.photos/aq8CpUjuwVtT5YP5t9kRUvUliP0rZmuxMeKsToHswds/rs:fit:256:256/czM6Ly9pY29uczgu/Z3Bob3Rvcy1wcm9k/LnBob3Rvcy92M18w/MDc0MDU2LmpwZw.jpg'),
(406, 'Kajaanan', 'KAMALUDDIN', 'K4179772@kingston.ac.uk', '3433', 0, 2, 4, 1, 'https://images.generated.photos/vnopGiDivHG6UKp3AgGkY44U3nOfR3lLsWNKdA-KEyQ/rs:fit:256:256/czM6Ly9pY29uczgu/Z3Bob3Rvcy1wcm9k/LnBob3Rvcy92M18w/MjAzMjQyLmpwZw.jpg'),
(407, 'Prashanta', 'KANLAYANARAK', 'K3602676@kingston.ac.uk', '357280', 0, 2, 4, 1, 'https://images.generated.photos/C4wh2-BSdF58itHXDnhMja-hPUoSHJkB0TTI0WxslRo/rs:fit:256:256/czM6Ly9pY29uczgu/Z3Bob3Rvcy1wcm9k/LnBob3Rvcy92M18w/NjM5NzM4LmpwZw.jpg'),
(408, 'Minhaz', 'KASENTHIRAN', 'K9035086@kingston.ac.uk', '959028', 0, 2, 4, 1, 'https://images.generated.photos/ePmKPAC3BwnNm1NMCogRGna-aG9PN5WiJe2OskMRaM0/rs:fit:256:256/czM6Ly9pY29uczgu/Z3Bob3Rvcy1wcm9k/LnBob3Rvcy92M18w/NjE0ODQzLmpwZw.jpg'),
(409, 'Davis', 'KEHOE', 'K7945504@kingston.ac.uk', '661884', 0, 2, 4, 1, 'https://images.generated.photos/IRl1zRS279e2hyuhJ7gLqFC4WyJL1OMR_UImEaQYnMM/rs:fit:256:256/czM6Ly9pY29uczgu/Z3Bob3Rvcy1wcm9k/LnBob3Rvcy92M18w/MTUyNTA1LmpwZw.jpg'),
(410, 'Elsa', 'KHALDI', 'K4573626@kingston.ac.uk', '969061', 0, 2, 4, 1, 'https://images.generated.photos/g1EMloA3I2s7oSzy-Y-zpaPy8kRomAV4_XcPhP24oPw/rs:fit:256:256/czM6Ly9pY29uczgu/Z3Bob3Rvcy1wcm9k/LnBob3Rvcy92M18w/MzM3MDE1LmpwZw.jpg'),
(411, 'Ali', 'KHAN', 'K5874868@kingston.ac.uk', '939949', 0, 2, 4, 1, 'https://images.generated.photos/gMC173_F8yruoYHDuzFKz2VYYedlUhTf8Y5KT_PUPP0/rs:fit:256:256/czM6Ly9pY29uczgu/Z3Bob3Rvcy1wcm9k/LnBob3Rvcy92M18w/Njg5MTk4LmpwZw.jpg'),
(412, 'Muhammad', 'KHAN', 'K9648820@kingston.ac.uk', '312311', 0, 2, 4, 1, 'https://images.generated.photos/3PeS-spTcZ_rwxLlY_DtRPEFnf3gRFVERVmqEoSemT4/rs:fit:256:256/czM6Ly9pY29uczgu/Z3Bob3Rvcy1wcm9k/LnBob3Rvcy92M18w/MTk3NTY4LmpwZw.jpg'),
(413, 'Syn', 'KHAN', 'K6556543@kingston.ac.uk', '668807', 0, 2, 4, 1, 'https://images.generated.photos/XRfSKWBVup-KW5T_lvS0tyce6rGaEBKUDWvk6lxZ8x8/rs:fit:256:256/czM6Ly9pY29uczgu/Z3Bob3Rvcy1wcm9k/LnBob3Rvcy92M18w/MDIwNTQwLmpwZw.jpg'),
(414, 'Asad', 'KHATWANI', 'K7938378@kingston.ac.uk', '680097', 0, 2, 4, 1, 'https://images.generated.photos/aOd5DY9iU6pKv5dyxlIDZW6ceBtWgWwpsh5yKUFWcRE/rs:fit:256:256/czM6Ly9pY29uczgu/Z3Bob3Rvcy1wcm9k/LnBob3Rvcy92M18w/MTE3NTI4LmpwZw.jpg'),
(415, 'Anita', 'KIWAN', 'K9497356@kingston.ac.uk', '258093', 0, 2, 4, 1, 'https://images.generated.photos/nDbSJCF8fw7NckgALBP2wjkhv8lkyD1XW5gV-qI8N_0/rs:fit:256:256/czM6Ly9pY29uczgu/Z3Bob3Rvcy1wcm9k/LnBob3Rvcy92M18w/MTEyNjA4LmpwZw.jpg'),
(416, 'Sophie', 'KNAPP', 'K7678610@kingston.ac.uk', '128558', 0, 2, 4, 1, 'https://images.generated.photos/YC0PY-M13t9p9mGVt7Y5lPd-O-4AE1jKIwuIRdMYOfE/rs:fit:256:256/czM6Ly9pY29uczgu/Z3Bob3Rvcy1wcm9k/LnBob3Rvcy92M18w/MDMxMjI2LmpwZw.jpg'),
(417, 'Alvin', 'KOCH', 'K1852657@kingston.ac.uk', '451770', 0, 2, 4, 1, 'https://images.generated.photos/BYeSuRlUuLQIe0ePihHXe2i8IRzQ5B241wg3fI2XdD0/rs:fit:256:256/czM6Ly9pY29uczgu/Z3Bob3Rvcy1wcm9k/LnBob3Rvcy92M18w/NzE1MDUzLmpwZw.jpg');
INSERT INTO `Users` (`UserID`, `UserFirstname`, `UserLastname`, `UserEmail`, `UserPassword`, `UserRegistered`, `UserUsertypeID`, `UserLevel`, `UserYearID`, `UserImageURL`) VALUES
(418, 'Alpha', 'KOKO', 'K4617744@kingston.ac.uk', '468650', 0, 2, 4, 1, 'https://images.generated.photos/xtRv-44QUo7gjd8VxJ6dCDD1V7rSpk7mqOd9f1bwlUo/rs:fit:256:256/czM6Ly9pY29uczgu/Z3Bob3Rvcy1wcm9k/LnBob3Rvcy92M18w/Njk4MzkyLmpwZw.jpg'),
(419, 'Stephen', 'KOSHUTOVA', 'K3126773@kingston.ac.uk', '10917', 0, 2, 4, 1, 'https://images.generated.photos/YE7ZCeUdGc7fqtU41kt7xcIMSPI2IftIf8SLNBCszXA/rs:fit:256:256/czM6Ly9pY29uczgu/Z3Bob3Rvcy1wcm9k/LnBob3Rvcy92M18w/MTA2OTI1LmpwZw.jpg'),
(420, 'Vinusen', 'KULANDAVELU', 'K8388625@kingston.ac.uk', '165396', 0, 2, 4, 1, 'https://images.generated.photos/snrE1AzxltGXdCkWTy8VXkYgiyL914Z7d5m1TEwDo3A/rs:fit:256:256/czM6Ly9pY29uczgu/Z3Bob3Rvcy1wcm9k/LnBob3Rvcy92M18w/MzYyMjAzLmpwZw.jpg'),
(421, 'Sky', 'KYAW', 'K6572423@kingston.ac.uk', '573950', 0, 2, 4, 1, 'https://images.generated.photos/3PeS-spTcZ_rwxLlY_DtRPEFnf3gRFVERVmqEoSemT4/rs:fit:256:256/czM6Ly9pY29uczgu/Z3Bob3Rvcy1wcm9k/LnBob3Rvcy92M18w/MTk3NTY4LmpwZw.jpg'),
(422, 'Olivia', 'LAURIE', 'K1538468@kingston.ac.uk', '339165', 0, 2, 4, 1, 'https://images.generated.photos/lomhJZfmYpEL8dj4mpfR0I3Ye-MSQseX1JNsOLzZnZY/rs:fit:256:256/czM6Ly9pY29uczgu/Z3Bob3Rvcy1wcm9k/LnBob3Rvcy92M18w/MjYyOTU1LmpwZw.jpg'),
(423, 'Fatin', 'LEE', 'K9486050@kingston.ac.uk', '511551', 0, 2, 4, 1, 'https://images.generated.photos/evdpMs0ZUOoMA0ACfCy98zzmy347YQxRmrPCWHp3v0g/rs:fit:256:256/czM6Ly9pY29uczgu/Z3Bob3Rvcy1wcm9k/LnBob3Rvcy92M18w/MzUzMTEyLmpwZw.jpg'),
(424, 'Nir', 'LILLESAETER', 'K3560241@kingston.ac.uk', '470860', 0, 2, 4, 1, 'https://images.generated.photos/_cPqHwfJvMmuhJez0vDVpb9ahliuW9-DKLZzQVavhHg/rs:fit:256:256/czM6Ly9pY29uczgu/Z3Bob3Rvcy1wcm9k/LnBob3Rvcy92M18w/OTEwNjA1LmpwZw.jpg'),
(425, 'Ning', 'LOH', 'K7861805@kingston.ac.uk', '233083', 0, 2, 4, 1, 'https://images.generated.photos/FF4ulNLRGGsnEWCSK2hzxQ1kpTUXrQfb2_2BN4CbHj8/rs:fit:256:256/czM6Ly9pY29uczgu/Z3Bob3Rvcy1wcm9k/LnBob3Rvcy92M18w/OTU4NjEzLmpwZw.jpg'),
(426, 'Dean', 'LONDRA', 'K2320447@kingston.ac.uk', '402771', 0, 2, 4, 1, 'https://images.generated.photos/MisXC_ZEtY_OSQvatKbth6GyUEgjX9eS3hzX7J_9ODI/rs:fit:256:256/czM6Ly9pY29uczgu/Z3Bob3Rvcy1wcm9k/LnBob3Rvcy92M18w/NjQxNDMyLmpwZw.jpg'),
(427, 'Damien', 'LOUISON', 'K2451432@kingston.ac.uk', '434273', 0, 2, 4, 1, 'https://images.generated.photos/bfyqSPI4AIpT9jxgEan8W8QYkBmss4z6y_SY4j9k3hM/rs:fit:256:256/czM6Ly9pY29uczgu/Z3Bob3Rvcy1wcm9k/LnBob3Rvcy92M18w/ODU3Mzc2LmpwZw.jpg'),
(428, 'Daniel', 'MACCORMACK', 'K7628319@kingston.ac.uk', '167544', 0, 2, 4, 1, 'https://images.generated.photos/WIwNwGAxeJRXK01PcPpxHFnsAsWmKwbFJO1X0d05ZhQ/rs:fit:256:256/czM6Ly9pY29uczgu/Z3Bob3Rvcy1wcm9k/LnBob3Rvcy92M18w/Njk5MDY5LmpwZw.jpg'),
(429, 'Richard', 'MAGECHA', 'K2827895@kingston.ac.uk', '779178', 0, 2, 4, 1, 'https://images.generated.photos/fhGgr1mMMzg-3k0iPKKQ1D-yyq52wAnZmkHBysNJHIE/rs:fit:256:256/czM6Ly9pY29uczgu/Z3Bob3Rvcy1wcm9k/LnBob3Rvcy92M18w/ODc0MDg2LmpwZw.jpg'),
(430, 'Nyeem', 'MAHALINGAM', 'K9446212@kingston.ac.uk', '950883', 0, 2, 4, 1, 'https://images.generated.photos/VRh3J6Kn5uwWEnN-nC_QxC6BtTrjGIM4utBXExhhugY/rs:fit:256:256/czM6Ly9pY29uczgu/Z3Bob3Rvcy1wcm9k/LnBob3Rvcy92M18w/MzIyMTc5LmpwZw.jpg'),
(431, 'Hussein', 'MAHMOUD', 'K2604643@kingston.ac.uk', '976298', 0, 2, 4, 1, 'https://images.generated.photos/9XB2eMDvWnZhhR4fqiBUE4uLZzOHKNSoDNhclJMY9Nc/rs:fit:256:256/czM6Ly9pY29uczgu/Z3Bob3Rvcy1wcm9k/LnBob3Rvcy92M18w/NzIwMzY2LmpwZw.jpg'),
(432, 'Ehsan', 'MALIK-RAMZAN', 'K6416833@kingston.ac.uk', '787772', 0, 2, 4, 1, 'https://images.generated.photos/q8kDV9t6-lJYT8WQDK3yMt6fUgpzbqWq9Zs9KpG0WWU/rs:fit:256:256/czM6Ly9pY29uczgu/Z3Bob3Rvcy1wcm9k/LnBob3Rvcy92M18w/NzE3NTQxLmpwZw.jpg'),
(433, 'Abdul', 'MANDALIYA', 'K5842126@kingston.ac.uk', '364773', 0, 2, 4, 1, 'https://images.generated.photos/fhGgr1mMMzg-3k0iPKKQ1D-yyq52wAnZmkHBysNJHIE/rs:fit:256:256/czM6Ly9pY29uczgu/Z3Bob3Rvcy1wcm9k/LnBob3Rvcy92M18w/ODc0MDg2LmpwZw.jpg'),
(434, 'Renato', 'MAREVERWA', 'K7817980@kingston.ac.uk', '707289', 0, 2, 4, 1, 'https://images.generated.photos/T_aLxxbvCteY1hL4iVd-NfjnHf_7wxww1Ap0vrXNeeM/rs:fit:256:256/czM6Ly9pY29uczgu/Z3Bob3Rvcy1wcm9k/LnBob3Rvcy92M18w/NzMzMDY2LmpwZw.jpg'),
(435, 'Mohamed', 'MASSAQUOI', 'K8351016@kingston.ac.uk', '198683', 0, 2, 4, 1, 'https://images.generated.photos/XRfSKWBVup-KW5T_lvS0tyce6rGaEBKUDWvk6lxZ8x8/rs:fit:256:256/czM6Ly9pY29uczgu/Z3Bob3Rvcy1wcm9k/LnBob3Rvcy92M18w/MDIwNTQwLmpwZw.jpg'),
(436, 'Charles', 'MCEWAN', 'K9368577@kingston.ac.uk', '983528', 0, 2, 4, 1, 'https://images.generated.photos/KVOCYPD-d2FjOsU5L_dQvngcM_h2nloHheTPigB9Wm0/rs:fit:256:256/czM6Ly9pY29uczgu/Z3Bob3Rvcy1wcm9k/LnBob3Rvcy92M18w/MjI1NDg5LmpwZw.jpg'),
(437, 'Bikram', 'MEKKI', 'K7882919@kingston.ac.uk', '146547', 0, 2, 4, 1, 'https://images.generated.photos/G4JK6RYjaiMm2sfAjcTVwRM3SAqn0tV5zrPYjRqTRt0/rs:fit:256:256/czM6Ly9pY29uczgu/Z3Bob3Rvcy1wcm9k/LnBob3Rvcy92M18w/NjYxODkzLmpwZw.jpg'),
(438, 'Shane', 'MERAL', 'K2668644@kingston.ac.uk', '744358', 0, 2, 4, 1, 'https://images.generated.photos/lt9a1AN-sL6H2iElJZJ0ssxm3TbhcvOmJu3ATlvMD0Q/rs:fit:256:256/czM6Ly9pY29uczgu/Z3Bob3Rvcy1wcm9k/LnBob3Rvcy92M18w/ODQ2NTYzLmpwZw.jpg'),
(439, 'George', 'MERCER', 'K3515581@kingston.ac.uk', '408422', 0, 2, 4, 1, 'https://images.generated.photos/2gOrmyv2TLOKk4WhlFTDM8OaKNUyA_sN50IkKQoReCo/rs:fit:256:256/czM6Ly9pY29uczgu/Z3Bob3Rvcy1wcm9k/LnBob3Rvcy92M18w/Nzk2MjYyLmpwZw.jpg'),
(440, 'Julio', 'METUSHI', 'K3882072@kingston.ac.uk', '722946', 0, 2, 4, 1, 'https://images.generated.photos/KLMO-H8fqYbjMHFIAuP07DnociKQkzDrzRh4_n1-woE/rs:fit:256:256/czM6Ly9pY29uczgu/Z3Bob3Rvcy1wcm9k/LnBob3Rvcy92M18w/OTc2NTg3LmpwZw.jpg'),
(441, 'Tahmina', 'MIAH', 'K7549868@kingston.ac.uk', '735534', 0, 2, 4, 1, 'https://images.generated.photos/7XnCnhvTRcDleV_ZeYrjtKdJcAi3Pv3fUsh2SAeBo-A/rs:fit:256:256/czM6Ly9pY29uczgu/Z3Bob3Rvcy1wcm9k/LnBob3Rvcy92M18w/NzY5NTIzLmpwZw.jpg'),
(442, 'Mimi', 'MIRNOWICZ', 'K4950063@kingston.ac.uk', '119185', 0, 2, 4, 1, 'https://images.generated.photos/rQb1H7VGHxItfnrHVH5mtWci1Q1wOp6JRmUf_6mcneI/rs:fit:256:256/czM6Ly9pY29uczgu/Z3Bob3Rvcy1wcm9k/LnBob3Rvcy92M18w/NTExNzg3LmpwZw.jpg'),
(443, 'Rabia', 'MIRZA', 'K7314106@kingston.ac.uk', '397793', 0, 2, 4, 1, 'https://images.generated.photos/AKXBHA4_GoGKiD27_d-XiJKswOFMF8UbcJbvrerbQEk/rs:fit:256:256/czM6Ly9pY29uczgu/Z3Bob3Rvcy1wcm9k/LnBob3Rvcy92M18w/NTYxMzExLmpwZw.jpg'),
(444, 'Abraar', 'MOFIZUR', 'K5696413@kingston.ac.uk', '637110', 0, 2, 4, 1, 'https://images.generated.photos/aOd5DY9iU6pKv5dyxlIDZW6ceBtWgWwpsh5yKUFWcRE/rs:fit:256:256/czM6Ly9pY29uczgu/Z3Bob3Rvcy1wcm9k/LnBob3Rvcy92M18w/MTE3NTI4LmpwZw.jpg'),
(445, 'Abdulmalik', 'MOHAMED', 'K1471090@kingston.ac.uk', '588903', 0, 2, 4, 1, 'https://images.generated.photos/wKr4AYUB6JDywpYzesgjWIj5LMOlfYWx4ZhgMp851oQ/rs:fit:256:256/czM6Ly9pY29uczgu/Z3Bob3Rvcy1wcm9k/LnBob3Rvcy92M18w/Mzg0Mzk1LmpwZw.jpg'),
(446, 'Nofal', 'MOHAMED', 'K6135740@kingston.ac.uk', '92801', 0, 2, 4, 1, 'https://images.generated.photos/m8Sph5rhjkIsOiVIp4zbvIuFl43F6BWIwhkkY86z2Ms/rs:fit:256:256/czM6Ly9pY29uczgu/Z3Bob3Rvcy1wcm9k/LnBob3Rvcy92M18w/ODU4MTE5LmpwZw.jpg'),
(447, 'Ali', 'MOHAMOUD', 'K2316330@kingston.ac.uk', '749551', 0, 2, 4, 1, 'https://images.generated.photos/OlokiSuYRHxLAyqOx71ly8-tfcgWnS7qbUjZAp8BgBE/rs:fit:256:256/czM6Ly9pY29uczgu/Z3Bob3Rvcy1wcm9k/LnBob3Rvcy92M18w/Nzc0NzgxLmpwZw.jpg'),
(448, 'Liban', 'MOHAMUD', 'K6386376@kingston.ac.uk', '932308', 0, 2, 4, 1, 'https://images.generated.photos/r4fGnq0WHndOFmEDrPWQVlUTJoQQePulEkoo-REYEP8/rs:fit:256:256/czM6Ly9pY29uczgu/Z3Bob3Rvcy1wcm9k/LnBob3Rvcy92M18w/OTQ5OTk4LmpwZw.jpg'),
(449, 'Elyas', 'MOHSINE', 'K6830094@kingston.ac.uk', '527412', 0, 2, 4, 1, 'https://images.generated.photos/JaFMncOoAFAerEyw_xWIeFMjzgfkkseT_oGEyP6CgQI/rs:fit:256:256/czM6Ly9pY29uczgu/Z3Bob3Rvcy1wcm9k/LnBob3Rvcy92M18w/MzI5MTY3LmpwZw.jpg'),
(450, 'Ethan', 'MORRIS', 'K4330401@kingston.ac.uk', '514064', 0, 2, 4, 1, 'https://images.generated.photos/Ysux_8E0--6S4cW7TLJ5OJPRuAgtdTIWjzW826oqqfU/rs:fit:256:256/czM6Ly9pY29uczgu/Z3Bob3Rvcy1wcm9k/LnBob3Rvcy92M18w/NzgzMTczLmpwZw.jpg'),
(451, 'Marwa', 'MOUHITZADEH', 'K2545601@kingston.ac.uk', '923503', 0, 2, 4, 1, 'https://images.generated.photos/JCFtX7rxTOpaz0cJQit2pO7SpLg8N78ztrmESpgbU5Q/rs:fit:256:256/czM6Ly9pY29uczgu/Z3Bob3Rvcy1wcm9k/LnBob3Rvcy92M18w/NjU4OTUyLmpwZw.jpg'),
(452, 'Charlie', 'MUNEVAR MURIEL', 'K5886994@kingston.ac.uk', '508691', 0, 2, 4, 1, 'https://images.generated.photos/aq8CpUjuwVtT5YP5t9kRUvUliP0rZmuxMeKsToHswds/rs:fit:256:256/czM6Ly9pY29uczgu/Z3Bob3Rvcy1wcm9k/LnBob3Rvcy92M18w/MDc0MDU2LmpwZw.jpg'),
(453, 'Shaikh', 'MUSA-LUCAS', 'K5294651@kingston.ac.uk', '796960', 0, 2, 4, 1, 'https://images.generated.photos/E4n5tzG78a0WYzHIF_PF9tb1i3WW5VGRa8WveIdmuEc/rs:fit:256:256/czM6Ly9pY29uczgu/Z3Bob3Rvcy1wcm9k/LnBob3Rvcy92M18w/OTgxNzcyLmpwZw.jpg'),
(454, 'Kevin', 'MUTUNGA', 'K2917908@kingston.ac.uk', '358321', 0, 2, 4, 1, 'https://images.generated.photos/EEdWkOioagx2Mj1WxzcJs9RraQNChrskCDuG1E6Y1qE/rs:fit:256:256/czM6Ly9pY29uczgu/Z3Bob3Rvcy1wcm9k/LnBob3Rvcy92M18w/MDgwNjIwLmpwZw.jpg'),
(455, 'Faiq', 'NADEEM', 'K2729014@kingston.ac.uk', '756358', 0, 2, 4, 1, 'https://images.generated.photos/YBJh-Q8mxrCaCJ7dc1Wx41wCOqBpCkLBeIQGED2RVhg/rs:fit:256:256/czM6Ly9pY29uczgu/Z3Bob3Rvcy1wcm9k/LnBob3Rvcy92M18w/NzM4NDI4LmpwZw.jpg'),
(456, 'Sangkaren', 'NAIKEN', 'K3033919@kingston.ac.uk', '465965', 0, 2, 4, 1, 'https://images.generated.photos/CgKdAXwvC7hEMAwVPM_34Ma2sMKVJ60fF3r9n3R5n2s/rs:fit:256:256/czM6Ly9pY29uczgu/Z3Bob3Rvcy1wcm9k/LnBob3Rvcy92M18w/ODAwNDgxLmpwZw.jpg'),
(457, 'Jan', 'NAKROSIS', 'K4511483@kingston.ac.uk', '494181', 0, 2, 4, 1, 'https://images.generated.photos/bxn2p0TM_PUFA1SaWQFWONvmVRiHBURfjREg3rhfJLc/rs:fit:256:256/czM6Ly9pY29uczgu/Z3Bob3Rvcy1wcm9k/LnBob3Rvcy92M18w/MjI4NjUxLmpwZw.jpg'),
(458, 'Zara', 'NALLAPUNENI', 'K9752484@kingston.ac.uk', '29918', 0, 2, 4, 1, 'https://images.generated.photos/nv_RMMRulSX6wHv8v_K6urm0KhK9TRfoYMMRhwDbwpc/rs:fit:256:256/czM6Ly9pY29uczgu/Z3Bob3Rvcy1wcm9k/LnBob3Rvcy92M18w/MTI5MDgzLmpwZw.jpg'),
(459, 'Hasan', 'NAYYAR', 'K5743167@kingston.ac.uk', '275819', 0, 2, 4, 1, 'https://images.generated.photos/uv4odZft7J4BUmBeYZxb1JIBDsgesjmLFlIeNfGWKuQ/rs:fit:256:256/czM6Ly9pY29uczgu/Z3Bob3Rvcy1wcm9k/LnBob3Rvcy92M18w/Njk3MjY2LmpwZw.jpg'),
(460, 'Tom', 'NEAL', 'K5896335@kingston.ac.uk', '319637', 0, 2, 4, 1, 'https://images.generated.photos/uv4odZft7J4BUmBeYZxb1JIBDsgesjmLFlIeNfGWKuQ/rs:fit:256:256/czM6Ly9pY29uczgu/Z3Bob3Rvcy1wcm9k/LnBob3Rvcy92M18w/Njk3MjY2LmpwZw.jpg'),
(461, 'Usman', 'NIAZI', 'K6632704@kingston.ac.uk', '790868', 0, 2, 4, 1, 'https://images.generated.photos/Phr9v-QZfdWXHyGSb9t5ORoNj1EwF3JTMVn8bsPJK7w/rs:fit:256:256/czM6Ly9pY29uczgu/Z3Bob3Rvcy1wcm9k/LnBob3Rvcy92M18w/MDAyOTY5LmpwZw.jpg'),
(462, 'James', 'NICHOLL-KAYES', 'K2659045@kingston.ac.uk', '813093', 0, 2, 4, 1, 'https://images.generated.photos/kz5FIL_sP4j_JbcyM78IoV50oHrsFrtd9k_nFORKRkw/rs:fit:256:256/czM6Ly9pY29uczgu/Z3Bob3Rvcy1wcm9k/LnBob3Rvcy92M18w/NDU2MDI2LmpwZw.jpg'),
(463, 'Elias', 'NWADIKE', 'K4155131@kingston.ac.uk', '53849', 0, 2, 4, 1, 'https://images.generated.photos/MEhzHfD0AtIoLUVj5R4QKAmyaS87QnLhEpGvxxjwVcI/rs:fit:256:256/czM6Ly9pY29uczgu/Z3Bob3Rvcy1wcm9k/LnBob3Rvcy92M18w/MTg5NTA2LmpwZw.jpg'),
(464, 'Usama', 'OBOUSY', 'K7463732@kingston.ac.uk', '308654', 0, 2, 4, 1, 'https://images.generated.photos/7fLYlxBttwajHocsTDWVv_bww3A2L5u-v-MM6AB6CaQ/rs:fit:256:256/czM6Ly9pY29uczgu/Z3Bob3Rvcy1wcm9k/LnBob3Rvcy92M18w/NTA1NTQ2LmpwZw.jpg'),
(465, 'Laoise', 'O\'FLAHERTY', 'K9108440@kingston.ac.uk', '801662', 0, 2, 4, 1, 'https://images.generated.photos/gMC173_F8yruoYHDuzFKz2VYYedlUhTf8Y5KT_PUPP0/rs:fit:256:256/czM6Ly9pY29uczgu/Z3Bob3Rvcy1wcm9k/LnBob3Rvcy92M18w/Njg5MTk4LmpwZw.jpg'),
(466, 'Louis', 'OLMEDO CUICHAN', 'K2284813@kingston.ac.uk', '349322', 0, 2, 4, 1, 'https://images.generated.photos/a5k2ir8qaYtZiiMHnAHYn_3Hy1IKzkKH800vvLq738I/rs:fit:256:256/czM6Ly9pY29uczgu/Z3Bob3Rvcy1wcm9k/LnBob3Rvcy92M18w/Njg1NTExLmpwZw.jpg'),
(467, 'Tobi', 'OLU', 'K8769678@kingston.ac.uk', '50799', 0, 2, 4, 1, 'https://images.generated.photos/JaFMncOoAFAerEyw_xWIeFMjzgfkkseT_oGEyP6CgQI/rs:fit:256:256/czM6Ly9pY29uczgu/Z3Bob3Rvcy1wcm9k/LnBob3Rvcy92M18w/MzI5MTY3LmpwZw.jpg'),
(468, 'Tasa', 'ONATE BONE', 'K8422462@kingston.ac.uk', '734476', 0, 2, 4, 1, 'https://images.generated.photos/7YMzkd4G8Ih02hVY7oDyDHhr_hlo68Vr7w102g5aGhk/rs:fit:256:256/czM6Ly9pY29uczgu/Z3Bob3Rvcy1wcm9k/LnBob3Rvcy92M18w/MTcyMjUyLmpwZw.jpg'),
(469, 'Linh', 'OOI', 'K9999268@kingston.ac.uk', '573508', 0, 2, 4, 1, 'https://images.generated.photos/JaFMncOoAFAerEyw_xWIeFMjzgfkkseT_oGEyP6CgQI/rs:fit:256:256/czM6Ly9pY29uczgu/Z3Bob3Rvcy1wcm9k/LnBob3Rvcy92M18w/MzI5MTY3LmpwZw.jpg'),
(470, 'David', 'OSAMA', 'K5561523@kingston.ac.uk', '438346', 0, 2, 4, 1, 'https://images.generated.photos/hedydv7Gf5i_nMJyq3Nf9_dnYd0zlhbRhS4IoxXsU4U/rs:fit:256:256/czM6Ly9pY29uczgu/Z3Bob3Rvcy1wcm9k/LnBob3Rvcy92M18w/MjM3MjU2LmpwZw.jpg'),
(471, 'Kome', 'OYEBADE', 'K3170033@kingston.ac.uk', '584804', 0, 2, 4, 1, 'https://images.generated.photos/lryAp-pBERo7-D2B_faiIhsBXXJ5B9vNdJvEF3aZXbs/rs:fit:256:256/czM6Ly9pY29uczgu/Z3Bob3Rvcy1wcm9k/LnBob3Rvcy92M18w/MDU4NDA3LmpwZw.jpg'),
(472, 'Kabi', 'PARK', 'K1174194@kingston.ac.uk', '851131', 0, 2, 4, 1, 'https://images.generated.photos/EGP62tk_fvrSvAFxGfD2u7ILrB4uKpe-mt4vUOLgBfs/rs:fit:256:256/czM6Ly9pY29uczgu/Z3Bob3Rvcy1wcm9k/LnBob3Rvcy92M18w/OTUwNzE0LmpwZw.jpg'),
(473, 'Matt', 'PATRICK', 'K3848442@kingston.ac.uk', '872490', 0, 2, 4, 1, 'https://images.generated.photos/N1FMFlCatY7KjnXQCEV1OAsQTUl08p-Po6rkP_4VreM/rs:fit:256:256/czM6Ly9pY29uczgu/Z3Bob3Rvcy1wcm9k/LnBob3Rvcy92M18w/NDI0MDA4LmpwZw.jpg'),
(474, 'Marius', 'PAULINO DA SILVA', 'K2831579@kingston.ac.uk', '52881', 0, 2, 4, 1, 'https://images.generated.photos/GoTad-molmm806QqX9iiovkUl6t544qJnZ75wQEkYBA/rs:fit:256:256/czM6Ly9pY29uczgu/Z3Bob3Rvcy1wcm9k/LnBob3Rvcy92M18w/MjQ5MTAxLmpwZw.jpg'),
(475, 'Joseph', 'PERIES', 'K9131026@kingston.ac.uk', '154733', 0, 2, 4, 1, 'https://images.generated.photos/ZGbONLnD7PtyiMOB7Zxuaw6tlKFhAf8MSSTlI-vzgpI/rs:fit:256:256/czM6Ly9pY29uczgu/Z3Bob3Rvcy1wcm9k/LnBob3Rvcy92M18w/ODQ2MDUxLmpwZw.jpg'),
(476, 'Milena', 'PETRE', 'K9410594@kingston.ac.uk', '653333', 0, 2, 4, 1, 'https://images.generated.photos/VlRT7WZX3loi_--PZaSzofIKcCgCAz0rQ-k77dA3qIU/rs:fit:256:256/czM6Ly9pY29uczgu/Z3Bob3Rvcy1wcm9k/LnBob3Rvcy92M18w/NTU0NjEwLmpwZw.jpg'),
(477, 'Beer', 'PINNOCK', 'K5394102@kingston.ac.uk', '951459', 0, 2, 4, 1, 'https://images.generated.photos/3PeS-spTcZ_rwxLlY_DtRPEFnf3gRFVERVmqEoSemT4/rs:fit:256:256/czM6Ly9pY29uczgu/Z3Bob3Rvcy1wcm9k/LnBob3Rvcy92M18w/MTk3NTY4LmpwZw.jpg'),
(478, 'Adrian', 'POKRYWINSKI', 'K2165793@kingston.ac.uk', '910668', 0, 2, 4, 1, 'https://images.generated.photos/yuaPACLo7bqsuCVowqowDgG9fzcHHXE7UaqanVyZvbM/rs:fit:256:256/czM6Ly9pY29uczgu/Z3Bob3Rvcy1wcm9k/LnBob3Rvcy92M18w/MjI2NzMzLmpwZw.jpg'),
(479, 'Shish', 'POORABDULAHZADEH', 'K8223933@kingston.ac.uk', '218719', 0, 2, 4, 1, 'https://images.generated.photos/PHus5nEJieYqP9Jxv8fve6RsoL6jGAlU7qH0W9eGfAM/rs:fit:256:256/czM6Ly9pY29uczgu/Z3Bob3Rvcy1wcm9k/LnBob3Rvcy92M18w/NTAzOTMwLmpwZw.jpg'),
(480, 'Vithush', 'PRAVINKANT', 'K8300997@kingston.ac.uk', '547987', 0, 2, 4, 1, 'https://images.generated.photos/_Re75Xtsdr2cnu4R1H3TCvA0Y9Jd8ySUp5hgCkqnI90/rs:fit:256:256/czM6Ly9pY29uczgu/Z3Bob3Rvcy1wcm9k/LnBob3Rvcy92M18w/MDI1MjIxLmpwZw.jpg'),
(481, 'Martin', 'PRICE', 'K1469467@kingston.ac.uk', '428653', 0, 2, 4, 1, 'https://images.generated.photos/lO7H_9qp0UOrlj_1j8GIgGzD2dzFS4m-jnyL-ubpc_g/rs:fit:256:256/czM6Ly9pY29uczgu/Z3Bob3Rvcy1wcm9k/LnBob3Rvcy92M18w/NzQ5NzgyLmpwZw.jpg'),
(482, 'Mahbub', 'QURESHI', 'K5344476@kingston.ac.uk', '607275', 0, 2, 4, 1, 'https://images.generated.photos/x5UFfGxIsMlrNZx3s3eM_ECIK0So9GmfPIgwIzKMOvk/rs:fit:256:256/czM6Ly9pY29uczgu/Z3Bob3Rvcy1wcm9k/LnBob3Rvcy92M18w/MTI2MDUzLmpwZw.jpg'),
(483, 'Manuel', 'RAABE', 'K8517625@kingston.ac.uk', '930745', 0, 2, 4, 1, 'https://images.generated.photos/tcd-7pVoSrwBAW5wxgoTdkSWLacfi6D8Km-EFdUcqSs/rs:fit:256:256/czM6Ly9pY29uczgu/Z3Bob3Rvcy1wcm9k/LnBob3Rvcy92M18w/ODU4OTk2LmpwZw.jpg'),
(484, 'Muhammad', 'RAGE', 'K1443260@kingston.ac.uk', '474950', 0, 2, 4, 1, 'https://images.generated.photos/OrGQoXqJoG5HC2Ta9JqHcI3RWSRt9B9BlH2pwGK9ztU/rs:fit:256:256/czM6Ly9pY29uczgu/Z3Bob3Rvcy1wcm9k/LnBob3Rvcy92M18w/MDQwMTIyLmpwZw.jpg'),
(485, 'Mohammed', 'RAHMAN', 'K1917901@kingston.ac.uk', '938277', 0, 2, 4, 1, 'https://images.generated.photos/r4fGnq0WHndOFmEDrPWQVlUTJoQQePulEkoo-REYEP8/rs:fit:256:256/czM6Ly9pY29uczgu/Z3Bob3Rvcy1wcm9k/LnBob3Rvcy92M18w/OTQ5OTk4LmpwZw.jpg'),
(486, 'Kassam', 'RAJA', 'K7408208@kingston.ac.uk', '65587', 0, 2, 4, 1, 'https://images.generated.photos/wRlCBspa90Yd7KYcaRFKHbdgPgttb5Q1soIBXispJns/rs:fit:256:256/czM6Ly9pY29uczgu/Z3Bob3Rvcy1wcm9k/LnBob3Rvcy92M18w/MzAyNTI4LmpwZw.jpg'),
(487, 'Nikesh', 'RAKULAN', 'K5927831@kingston.ac.uk', '785112', 0, 2, 4, 1, 'https://images.generated.photos/Rf3Bkicz4LYaSdocAI6zN087YPnBalDZIJtaSiO1aII/rs:fit:256:256/czM6Ly9pY29uczgu/Z3Bob3Rvcy1wcm9k/LnBob3Rvcy92M18w/NjI5NDY5LmpwZw.jpg'),
(488, 'Kareem', 'RAMAJ', 'K4049382@kingston.ac.uk', '380690', 0, 2, 4, 1, 'https://images.generated.photos/7XnCnhvTRcDleV_ZeYrjtKdJcAi3Pv3fUsh2SAeBo-A/rs:fit:256:256/czM6Ly9pY29uczgu/Z3Bob3Rvcy1wcm9k/LnBob3Rvcy92M18w/NzY5NTIzLmpwZw.jpg'),
(489, 'James', 'RANDALL', 'K5063743@kingston.ac.uk', '720061', 0, 2, 4, 1, 'https://images.generated.photos/p8qqcZPM3gEYuLbBy_4mbMYGlmstgJM34OBxpKDM-LI/rs:fit:256:256/czM6Ly9pY29uczgu/Z3Bob3Rvcy1wcm9k/LnBob3Rvcy92M18w/MjI4NDY3LmpwZw.jpg'),
(490, 'Sagar', 'RASOOL', 'K3268582@kingston.ac.uk', '136781', 0, 2, 4, 1, 'https://images.generated.photos/Ysux_8E0--6S4cW7TLJ5OJPRuAgtdTIWjzW826oqqfU/rs:fit:256:256/czM6Ly9pY29uczgu/Z3Bob3Rvcy1wcm9k/LnBob3Rvcy92M18w/NzgzMTczLmpwZw.jpg'),
(491, 'Kinjal', 'RAVIKUMAR', 'K4662826@kingston.ac.uk', '258797', 0, 2, 4, 1, 'https://images.generated.photos/3PuomxpAl9EgKY0XfRlwnul_jf-cb49538JAfhlGvdw/rs:fit:256:256/czM6Ly9pY29uczgu/Z3Bob3Rvcy1wcm9k/LnBob3Rvcy92M18w/NTQ4NzY4LmpwZw.jpg'),
(492, 'Dryden', 'RICHARDSON', 'K3220024@kingston.ac.uk', '218881', 0, 2, 4, 1, 'https://images.generated.photos/LT2ltWbY0qzloYhACMj0ch8VgtXRk8WVCngBtZmJ8No/rs:fit:256:256/czM6Ly9pY29uczgu/Z3Bob3Rvcy1wcm9k/LnBob3Rvcy92M18w/Njc0NTE0LmpwZw.jpg'),
(493, 'Tovi', 'ROQUAIN', 'K7331327@kingston.ac.uk', '89457', 0, 2, 4, 1, 'https://images.generated.photos/2RaeRvcQCbCsMXEU0Q57ug5IxQuhWtS_6e98TafQTa4/rs:fit:256:256/czM6Ly9pY29uczgu/Z3Bob3Rvcy1wcm9k/LnBob3Rvcy92M18w/MTY0MTg4LmpwZw.jpg'),
(494, 'Shamaila', 'RUDDOCK', 'K7554224@kingston.ac.uk', '511379', 0, 2, 4, 1, 'https://images.generated.photos/2GsnOjzfD0DdiKji9TCECeJjojjn-cyKNScsoJ7dfLY/rs:fit:256:256/czM6Ly9pY29uczgu/Z3Bob3Rvcy1wcm9k/LnBob3Rvcy92M18w/NTMwOTg1LmpwZw.jpg'),
(495, 'Amooti', 'SADAGHAT', 'K3971045@kingston.ac.uk', '993333', 0, 2, 4, 1, 'https://images.generated.photos/snrE1AzxltGXdCkWTy8VXkYgiyL914Z7d5m1TEwDo3A/rs:fit:256:256/czM6Ly9pY29uczgu/Z3Bob3Rvcy1wcm9k/LnBob3Rvcy92M18w/MzYyMjAzLmpwZw.jpg'),
(496, 'Osvaldas', 'SADOWSKI', 'K9959713@kingston.ac.uk', '598226', 0, 2, 4, 1, 'https://images.generated.photos/S4XDEOmA4v1wM0zVdAjZvXRyuNJ86z71Ya1BVdcVinI/rs:fit:256:256/czM6Ly9pY29uczgu/Z3Bob3Rvcy1wcm9k/LnBob3Rvcy92M18w/NzI4ODE5LmpwZw.jpg'),
(497, 'Adam', 'SAGLAM', 'K8362464@kingston.ac.uk', '8322', 0, 2, 4, 1, 'https://images.generated.photos/QBUc8uC2Nu6fqTDMFATBpqL5H2XeMsxPozXyVpbzbq4/rs:fit:256:256/czM6Ly9pY29uczgu/Z3Bob3Rvcy1wcm9k/LnBob3Rvcy92M18w/MDE0MzI0LmpwZw.jpg'),
(498, 'Wali', 'SALAH', 'K1249143@kingston.ac.uk', '47746', 0, 2, 4, 1, 'https://images.generated.photos/-bHC_Sb3KuCyf4ONrt6HtA80cKaWk2k5OYnEESne8rU/rs:fit:256:256/czM6Ly9pY29uczgu/Z3Bob3Rvcy1wcm9k/LnBob3Rvcy92M18w/ODM2NTgwLmpwZw.jpg'),
(499, 'Jhon', 'SANCHEZ', 'K5014657@kingston.ac.uk', '909436', 0, 2, 4, 1, 'https://images.generated.photos/ahHydAf8aQiq_BF_VQylEc6gYP96iBCIU3MmxLHfXl8/rs:fit:256:256/czM6Ly9pY29uczgu/Z3Bob3Rvcy1wcm9k/LnBob3Rvcy92M18w/ODM4Mzc3LmpwZw.jpg'),
(500, 'Nitesh', 'SARAI', 'K1994539@kingston.ac.uk', '772085', 0, 2, 4, 1, 'https://images.generated.photos/aOd5DY9iU6pKv5dyxlIDZW6ceBtWgWwpsh5yKUFWcRE/rs:fit:256:256/czM6Ly9pY29uczgu/Z3Bob3Rvcy1wcm9k/LnBob3Rvcy92M18w/MTE3NTI4LmpwZw.jpg'),
(501, 'Ishmail', 'SAYEED', 'K2411534@kingston.ac.uk', '39225', 0, 2, 4, 1, 'https://images.generated.photos/R-3NPwCNbIrl9Xu4LRMETELl415lzKA7GKxiwCihO_w/rs:fit:256:256/czM6Ly9pY29uczgu/Z3Bob3Rvcy1wcm9k/LnBob3Rvcy92M18w/NzAxMzkzLmpwZw.jpg'),
(502, 'Daniel', 'SCOTHERN', 'K2746496@kingston.ac.uk', '177435', 0, 2, 4, 1, 'https://images.generated.photos/dWK7KShY5kRnPjf-PoJwefNyCuaEQTBD2GR2ffPEEkg/rs:fit:256:256/czM6Ly9pY29uczgu/Z3Bob3Rvcy1wcm9k/LnBob3Rvcy92M18w/OTc4MDQ1LmpwZw.jpg'),
(503, 'Declan', 'SEDRATI', 'K7317479@kingston.ac.uk', '709643', 0, 2, 4, 1, 'https://images.generated.photos/PHus5nEJieYqP9Jxv8fve6RsoL6jGAlU7qH0W9eGfAM/rs:fit:256:256/czM6Ly9pY29uczgu/Z3Bob3Rvcy1wcm9k/LnBob3Rvcy92M18w/NTAzOTMwLmpwZw.jpg'),
(504, 'Harshil', 'SHAHI', 'K1835341@kingston.ac.uk', '37545', 0, 2, 4, 1, 'https://images.generated.photos/Ysux_8E0--6S4cW7TLJ5OJPRuAgtdTIWjzW826oqqfU/rs:fit:256:256/czM6Ly9pY29uczgu/Z3Bob3Rvcy1wcm9k/LnBob3Rvcy92M18w/NzgzMTczLmpwZw.jpg'),
(505, 'Shaik', 'SHAHMARD', 'K5891397@kingston.ac.uk', '2114', 0, 2, 4, 1, 'https://images.generated.photos/kz5FIL_sP4j_JbcyM78IoV50oHrsFrtd9k_nFORKRkw/rs:fit:256:256/czM6Ly9pY29uczgu/Z3Bob3Rvcy1wcm9k/LnBob3Rvcy92M18w/NDU2MDI2LmpwZw.jpg'),
(506, 'Zayn', 'SHAMLOLL', 'K2718543@kingston.ac.uk', '530621', 0, 2, 4, 1, 'https://images.generated.photos/jNZgUbWhmYExU3zAnhVUbfQ5Q_2a1HUDZr_TMaOMOmU/rs:fit:256:256/czM6Ly9pY29uczgu/Z3Bob3Rvcy1wcm9k/LnBob3Rvcy92M18w/NzQ3NjY1LmpwZw.jpg'),
(507, 'Abdishakur', 'SHEIKH', 'K4012323@kingston.ac.uk', '989648', 0, 2, 4, 1, 'https://images.generated.photos/jk5AsjhJQhAmOeV2lFnJawPZ5323Aqd2IXS_RYBLIl4/rs:fit:256:256/czM6Ly9pY29uczgu/Z3Bob3Rvcy1wcm9k/LnBob3Rvcy92M18w/ODQ3MjQ5LmpwZw.jpg'),
(508, 'Omar Rashid', 'SHEIKH', 'K8192944@kingston.ac.uk', '603948', 0, 2, 4, 1, 'https://images.generated.photos/wxEohmquKxhszr5XiPb5OPrrgU6Ack-zoijM_89nlF8/rs:fit:256:256/czM6Ly9pY29uczgu/Z3Bob3Rvcy1wcm9k/LnBob3Rvcy92M18w/NjkyODMwLmpwZw.jpg'),
(509, 'Natalie', 'SHEPHERD', 'K4429045@kingston.ac.uk', '592648', 0, 2, 4, 1, 'https://images.generated.photos/GBEOZBJkB7RLlDBD00iKm_MWVHCIQMQMoxtgf6uPgl8/rs:fit:256:256/czM6Ly9pY29uczgu/Z3Bob3Rvcy1wcm9k/LnBob3Rvcy92M18w/NDE1NTY1LmpwZw.jpg'),
(510, 'Jazir', 'SIVARAJAH', 'K5324520@kingston.ac.uk', '560333', 0, 2, 4, 1, 'https://images.generated.photos/YBJh-Q8mxrCaCJ7dc1Wx41wCOqBpCkLBeIQGED2RVhg/rs:fit:256:256/czM6Ly9pY29uczgu/Z3Bob3Rvcy1wcm9k/LnBob3Rvcy92M18w/NzM4NDI4LmpwZw.jpg'),
(511, 'Rosevelt', 'SKIPSEY', 'K4985788@kingston.ac.uk', '149819', 0, 2, 4, 1, 'https://images.generated.photos/lryAp-pBERo7-D2B_faiIhsBXXJ5B9vNdJvEF3aZXbs/rs:fit:256:256/czM6Ly9pY29uczgu/Z3Bob3Rvcy1wcm9k/LnBob3Rvcy92M18w/MDU4NDA3LmpwZw.jpg'),
(512, 'Krzysztof', 'SMOL', 'K1591073@kingston.ac.uk', '128804', 0, 2, 4, 1, 'https://images.generated.photos/v2zFVcSP9iz5nozsATj_XileGEg4qv8GxvK_hXE81-Y/rs:fit:256:256/czM6Ly9pY29uczgu/Z3Bob3Rvcy1wcm9k/LnBob3Rvcy92M18w/OTA3ODE5LmpwZw.jpg'),
(513, 'Sheriff', 'SOYEMI', 'K8955128@kingston.ac.uk', '276250', 0, 2, 4, 1, 'https://images.generated.photos/EKhkYUJFRjkJRLez_v2sdND8ouCJjkYsleug7E3Q4AU/rs:fit:256:256/czM6Ly9pY29uczgu/Z3Bob3Rvcy1wcm9k/LnBob3Rvcy92M18w/NTk5NDM1LmpwZw.jpg'),
(514, 'Miles', 'STANLEY', 'K3721060@kingston.ac.uk', '736794', 0, 2, 4, 1, 'https://images.generated.photos/r4fGnq0WHndOFmEDrPWQVlUTJoQQePulEkoo-REYEP8/rs:fit:256:256/czM6Ly9pY29uczgu/Z3Bob3Rvcy1wcm9k/LnBob3Rvcy92M18w/OTQ5OTk4LmpwZw.jpg'),
(515, 'Luke', 'STEVENS', 'K6845215@kingston.ac.uk', '376325', 0, 2, 4, 1, 'https://images.generated.photos/XtsBlRxQLgWzFAtycpalUkvVdf9tAvCfC9vEPtSVaxY/rs:fit:256:256/czM6Ly9pY29uczgu/Z3Bob3Rvcy1wcm9k/LnBob3Rvcy92M18w/MzQ2ODE2LmpwZw.jpg'),
(516, 'Denny', 'STOKLOSA', 'K7785014@kingston.ac.uk', '88847', 0, 2, 4, 1, 'https://images.generated.photos/eL1-OlKDqGf1IaL_b2O8aSj7osDX_eFVHZEoJ0f3ZV0/rs:fit:256:256/czM6Ly9pY29uczgu/Z3Bob3Rvcy1wcm9k/LnBob3Rvcy92M18w/NzYwNjc0LmpwZw.jpg'),
(517, 'Tariq', 'SUKKAR', 'K4209617@kingston.ac.uk', '1603', 0, 2, 4, 1, 'https://images.generated.photos/_-lwmuPjZsxYn19UATe-fh6ZwQwtAYhAVaqI1QHJWL8/rs:fit:256:256/czM6Ly9pY29uczgu/Z3Bob3Rvcy1wcm9k/LnBob3Rvcy92M18w/MDUxOTQzLmpwZw.jpg'),
(518, 'Pratima', 'TAHIR', 'K4130362@kingston.ac.uk', '176394', 0, 2, 4, 1, 'https://images.generated.photos/FZnQKkyj8ilydJcyhLitVX5hK8wD5NOIDobJsLukEr4/rs:fit:256:256/czM6Ly9pY29uczgu/Z3Bob3Rvcy1wcm9k/LnBob3Rvcy92M18w/NjUwNTY5LmpwZw.jpg'),
(519, 'Silje', 'TATARU', 'K8225342@kingston.ac.uk', '844371', 0, 2, 4, 1, 'https://images.generated.photos/YFMdrptA1Clt2VmRcLl3LyKtgPHX5xt_jj5Gfp_i57o/rs:fit:256:256/czM6Ly9pY29uczgu/Z3Bob3Rvcy1wcm9k/LnBob3Rvcy92M18w/MTYxNjQyLmpwZw.jpg'),
(520, 'Bisal', 'THANAPAKARAN', 'K4236311@kingston.ac.uk', '155089', 0, 2, 4, 1, 'https://images.generated.photos/Ysux_8E0--6S4cW7TLJ5OJPRuAgtdTIWjzW826oqqfU/rs:fit:256:256/czM6Ly9pY29uczgu/Z3Bob3Rvcy1wcm9k/LnBob3Rvcy92M18w/NzgzMTczLmpwZw.jpg'),
(521, 'Susan', 'THOMAS', 'K9035468@kingston.ac.uk', '547586', 0, 2, 4, 1, 'https://images.generated.photos/U-uHoVyaAd_BfHN8EM5J-k6BpVSUmUHEptJ8tPRiATE/rs:fit:256:256/czM6Ly9pY29uczgu/Z3Bob3Rvcy1wcm9k/LnBob3Rvcy92M18w/ODIyNzM0LmpwZw.jpg'),
(522, 'Sulaiman', 'TIMOR', 'K3390078@kingston.ac.uk', '43434', 0, 2, 4, 1, 'https://images.generated.photos/hedydv7Gf5i_nMJyq3Nf9_dnYd0zlhbRhS4IoxXsU4U/rs:fit:256:256/czM6Ly9pY29uczgu/Z3Bob3Rvcy1wcm9k/LnBob3Rvcy92M18w/MjM3MjU2LmpwZw.jpg'),
(523, 'Tornike', 'TORO', 'K9178795@kingston.ac.uk', '134425', 0, 2, 4, 1, 'https://images.generated.photos/25lBpIbemAPwX08uLPyS9vBRmCigGL_Gc4P6XRhaL-U/rs:fit:256:256/czM6Ly9pY29uczgu/Z3Bob3Rvcy1wcm9k/LnBob3Rvcy92M18w/NjYxODYyLmpwZw.jpg'),
(524, 'Adon', 'TRAORE-OLORHO', 'K4733567@kingston.ac.uk', '340805', 0, 2, 4, 1, 'https://images.generated.photos/Ypb3BwMaDgO0IIP0_LqzMm6IXCaXW0Eksu5-aIjcvks/rs:fit:256:256/czM6Ly9pY29uczgu/Z3Bob3Rvcy1wcm9k/LnBob3Rvcy92M18w/NjY5MzcwLmpwZw.jpg'),
(525, 'Jordan', 'TSARTSAROV', 'K5908299@kingston.ac.uk', '84265', 0, 2, 4, 1, 'https://images.generated.photos/DQT0A5ca_jy8xfNEviD7gygHbsp7WeSOVlTw85T5RBg/rs:fit:256:256/czM6Ly9pY29uczgu/Z3Bob3Rvcy1wcm9k/LnBob3Rvcy92M18w/OTc2OTc4LmpwZw.jpg'),
(526, 'Aidan', 'TURNEY', 'K1993401@kingston.ac.uk', '605147', 0, 2, 4, 1, 'https://images.generated.photos/vaD0SRzfRvdsRwFLkTqyPQ8e9cvxmODf-mKIb5aT1bA/rs:fit:256:256/czM6Ly9pY29uczgu/Z3Bob3Rvcy1wcm9k/LnBob3Rvcy92M18w/MTI3NTg4LmpwZw.jpg'),
(527, 'Justin', 'TWUMASI', 'K3346661@kingston.ac.uk', '731659', 0, 2, 4, 1, 'https://images.generated.photos/1zzVOGo2BC7zlIbuqtT9E03KbcRrCFw0CeIkCRH-pQo/rs:fit:256:256/czM6Ly9pY29uczgu/Z3Bob3Rvcy1wcm9k/LnBob3Rvcy92M18w/OTU2NTI4LmpwZw.jpg'),
(528, 'Bilal', 'UDDIN', 'K2648430@kingston.ac.uk', '39780', 0, 2, 4, 1, 'https://images.generated.photos/u9GHQPcjkrz6AYtgAUST5JWNuQSDsOJbJ7F24hL9nqA/rs:fit:256:256/czM6Ly9pY29uczgu/Z3Bob3Rvcy1wcm9k/LnBob3Rvcy92M18w/NzAyNDg1LmpwZw.jpg'),
(529, 'Mohamed', 'ULLAH', 'K6325134@kingston.ac.uk', '120711', 0, 2, 4, 1, 'https://images.generated.photos/at6sfW3OnrZJ-HXDVcGgFazH_T9SjukFIOtaGkg2Gb4/rs:fit:256:256/czM6Ly9pY29uczgu/Z3Bob3Rvcy1wcm9k/LnBob3Rvcy92M18w/Mzg0NDYyLmpwZw.jpg'),
(530, 'Obaid', 'URUTHIRAN', 'K2637148@kingston.ac.uk', '722198', 0, 2, 4, 1, 'https://images.generated.photos/b82uNFwRYtxKtmUbI0gbD6H-aICxsl6eolBeqDMx4dU/rs:fit:256:256/czM6Ly9pY29uczgu/Z3Bob3Rvcy1wcm9k/LnBob3Rvcy92M18w/OTg4NTM0LmpwZw.jpg'),
(531, 'Subamagisha', 'VASWANI', 'K6719826@kingston.ac.uk', '736757', 0, 2, 4, 1, 'https://images.generated.photos/LYa83chsjlauCsYjM68NCQvjzYT9SqbzFeJRDTUrWHI/rs:fit:256:256/czM6Ly9pY29uczgu/Z3Bob3Rvcy1wcm9k/LnBob3Rvcy92M18w/ODAxMDY3LmpwZw.jpg'),
(532, 'Shivashan', 'VIMALKANT', 'K6448017@kingston.ac.uk', '847539', 0, 2, 4, 1, 'https://images.generated.photos/7g-M8yAj1mK4UGthGq_qbgT18mRtr-0SkdNjyo1_P2k/rs:fit:256:256/czM6Ly9pY29uczgu/Z3Bob3Rvcy1wcm9k/LnBob3Rvcy92M18w/NjU2MTA0LmpwZw.jpg'),
(533, 'Ramneet', 'VISHWAKARMA', 'K6342654@kingston.ac.uk', '466646', 0, 2, 4, 1, 'https://images.generated.photos/7fLYlxBttwajHocsTDWVv_bww3A2L5u-v-MM6AB6CaQ/rs:fit:256:256/czM6Ly9pY29uczgu/Z3Bob3Rvcy1wcm9k/LnBob3Rvcy92M18w/NTA1NTQ2LmpwZw.jpg'),
(534, 'Artur', 'WAGNER', 'K6664833@kingston.ac.uk', '165198', 0, 2, 4, 1, 'https://images.generated.photos/XRfSKWBVup-KW5T_lvS0tyce6rGaEBKUDWvk6lxZ8x8/rs:fit:256:256/czM6Ly9pY29uczgu/Z3Bob3Rvcy1wcm9k/LnBob3Rvcy92M18w/MDIwNTQwLmpwZw.jpg'),
(535, 'Habil', 'WANDEREMA', 'K5784192@kingston.ac.uk', '864108', 0, 2, 4, 1, 'https://images.generated.photos/-_-hyUefVoOz8qBBv31AeMbBMzZXLcCXiWAneZb0u2U/rs:fit:256:256/czM6Ly9pY29uczgu/Z3Bob3Rvcy1wcm9k/LnBob3Rvcy92M18w/Njg1NDE4LmpwZw.jpg'),
(536, 'Harry', 'WELSH', 'K5429632@kingston.ac.uk', '809069', 0, 2, 4, 1, 'https://images.generated.photos/Vb-f5Y0LCXeVy38W8GnVp5T8sjjD0A4eEr9K9w22ahA/rs:fit:256:256/czM6Ly9pY29uczgu/Z3Bob3Rvcy1wcm9k/LnBob3Rvcy92M18w/NDE0NTc2LmpwZw.jpg'),
(537, 'Deborah', 'WENDA', 'K2534952@kingston.ac.uk', '662497', 0, 2, 4, 1, 'https://images.generated.photos/J5YQrWyWc0G7YmJm-bc2b_0Z7aomfqyY0TPmunJ4pQc/rs:fit:256:256/czM6Ly9pY29uczgu/Z3Bob3Rvcy1wcm9k/LnBob3Rvcy92M18w/NzkzMzIxLmpwZw.jpg'),
(538, 'Hasith', 'WHARRIER', 'K3814402@kingston.ac.uk', '848188', 0, 2, 4, 1, 'https://images.generated.photos/ZMRqwtUOeauWsLGSvMQGDdJrBS7gQHY-5eOkkCE5Sx4/rs:fit:256:256/czM6Ly9pY29uczgu/Z3Bob3Rvcy1wcm9k/LnBob3Rvcy92M18w/NTUwNDU2LmpwZw.jpg'),
(539, 'Alex', 'WILLIAMS', 'K9000105@kingston.ac.uk', '630780', 0, 2, 4, 1, 'https://images.generated.photos/6FyFpnpX4UkLTPP844GJ5aEZ2uVcXDr8hwvmRM5ltzs/rs:fit:256:256/czM6Ly9pY29uczgu/Z3Bob3Rvcy1wcm9k/LnBob3Rvcy92M18w/ODQ0Mzc5LmpwZw.jpg'),
(540, 'Shingi', 'XIN', 'K3554548@kingston.ac.uk', '917546', 0, 2, 4, 1, 'https://images.generated.photos/9ynBnpYXU3Q_MwSbJpiUKQ990qa7I6W_PtnNEVHMbkA/rs:fit:256:256/czM6Ly9pY29uczgu/Z3Bob3Rvcy1wcm9k/LnBob3Rvcy92M18w/NDEyMTE0LmpwZw.jpg'),
(541, 'Jordan', 'YAMAC', 'K4708578@kingston.ac.uk', '579634', 0, 2, 4, 1, 'https://images.generated.photos/T_aLxxbvCteY1hL4iVd-NfjnHf_7wxww1Ap0vrXNeeM/rs:fit:256:256/czM6Ly9pY29uczgu/Z3Bob3Rvcy1wcm9k/LnBob3Rvcy92M18w/NzMzMDY2LmpwZw.jpg'),
(542, 'Yingyi', 'YANG', 'K1041143@kingston.ac.uk', '45906', 0, 2, 4, 1, 'https://images.generated.photos/ECyEKkFqHcTSBRhYdKWmOpnM4PzRhUFhEYaP67y_EpI/rs:fit:256:256/czM6Ly9pY29uczgu/Z3Bob3Rvcy1wcm9k/LnBob3Rvcy92M18w/NTU1MzM5LmpwZw.jpg'),
(543, 'Duran', 'YILMAZ', 'K4908349@kingston.ac.uk', '72088', 0, 2, 4, 1, 'https://images.generated.photos/CV3h-p1LXPkRS9IhnLDT6ywbwIZ5pacptd1Mv4eaCI0/rs:fit:256:256/czM6Ly9pY29uczgu/Z3Bob3Rvcy1wcm9k/LnBob3Rvcy92M18w/MTU2NzU0LmpwZw.jpg'),
(544, 'Farras', 'ZAMIR', 'K3412432@kingston.ac.uk', '605520', 0, 2, 4, 1, 'https://images.generated.photos/bxn2p0TM_PUFA1SaWQFWONvmVRiHBURfjREg3rhfJLc/rs:fit:256:256/czM6Ly9pY29uczgu/Z3Bob3Rvcy1wcm9k/LnBob3Rvcy92M18w/MjI4NjUxLmpwZw.jpg'),
(545, 'Reem', 'ZERROUKI', 'K9333351@kingston.ac.uk', '758791', 0, 2, 4, 1, 'https://images.generated.photos/Mkp_jUHhRkZuvVgk0jj_dCnCvfsr4XE2XHo_h5eGMzI/rs:fit:256:256/czM6Ly9pY29uczgu/Z3Bob3Rvcy1wcm9k/LnBob3Rvcy92M18w/MjEyNjUyLmpwZw.jpg'),
(546, 'Stanimir', 'ZHYVETS', 'K8917164@kingston.ac.uk', '442843', 0, 2, 4, 1, 'https://images.generated.photos/wRlCBspa90Yd7KYcaRFKHbdgPgttb5Q1soIBXispJns/rs:fit:256:256/czM6Ly9pY29uczgu/Z3Bob3Rvcy1wcm9k/LnBob3Rvcy92M18w/MzAyNTI4LmpwZw.jpg'),
(547, 'Quayem', 'ABDALGANI', 'K4551182@kingston.ac.uk', '635410', 0, 2, 5, 1, 'https://images.generated.photos/IC1P3h5ZGPvY31ekk6g_zzPabj6rzztc3ROTXy_hImQ/rs:fit:256:256/czM6Ly9pY29uczgu/Z3Bob3Rvcy1wcm9k/LnBob3Rvcy92M18w/NTM1NTc3LmpwZw.jpg'),
(548, 'Hamza', 'ABDALLAH', 'K4270569@kingston.ac.uk', '903815', 0, 2, 5, 1, 'https://images.generated.photos/YFbWxZ8QOMx0aAJYNiTa1HyJ2Jq2YBn6OTCY3coweAs/rs:fit:256:256/czM6Ly9pY29uczgu/Z3Bob3Rvcy1wcm9k/LnBob3Rvcy92M18w/MTEwNjk2LmpwZw.jpg'),
(549, 'Muhammad', 'ABDULKHADIR', 'K6715445@kingston.ac.uk', '968553', 0, 2, 5, 1, 'https://images.generated.photos/7XnCnhvTRcDleV_ZeYrjtKdJcAi3Pv3fUsh2SAeBo-A/rs:fit:256:256/czM6Ly9pY29uczgu/Z3Bob3Rvcy1wcm9k/LnBob3Rvcy92M18w/NzY5NTIzLmpwZw.jpg'),
(550, 'Hanad', 'ABI', 'K8980953@kingston.ac.uk', '242913', 0, 2, 5, 1, 'https://images.generated.photos/7CSkpEIfXYvCmWVjumwDR1-8KM6ibXnLITKw9P4ZarA/rs:fit:256:256/czM6Ly9pY29uczgu/Z3Bob3Rvcy1wcm9k/LnBob3Rvcy92M18w/ODU1NjQ0LmpwZw.jpg'),
(551, 'Kamel-Lee', 'ABRO', 'K6413601@kingston.ac.uk', '151733', 0, 2, 5, 1, 'https://images.generated.photos/bFV7RQ9DuXUmt_Du0TXMeIUSCn8FgflG7wYTi4jmqRg/rs:fit:256:256/czM6Ly9pY29uczgu/Z3Bob3Rvcy1wcm9k/LnBob3Rvcy92M18w/NTU1MjgzLmpwZw.jpg'),
(552, 'Mohamed', 'ADAM', 'K7454066@kingston.ac.uk', '927857', 0, 2, 5, 1, 'https://images.generated.photos/Ypb3BwMaDgO0IIP0_LqzMm6IXCaXW0Eksu5-aIjcvks/rs:fit:256:256/czM6Ly9pY29uczgu/Z3Bob3Rvcy1wcm9k/LnBob3Rvcy92M18w/NjY5MzcwLmpwZw.jpg'),
(553, 'Chris', 'ADDY', 'K2090268@kingston.ac.uk', '818150', 0, 2, 5, 1, 'https://images.generated.photos/DQT0A5ca_jy8xfNEviD7gygHbsp7WeSOVlTw85T5RBg/rs:fit:256:256/czM6Ly9pY29uczgu/Z3Bob3Rvcy1wcm9k/LnBob3Rvcy92M18w/OTc2OTc4LmpwZw.jpg'),
(554, 'Daniel', 'ADEKOYA', 'K9805372@kingston.ac.uk', '752690', 0, 2, 5, 1, 'https://images.generated.photos/ahHydAf8aQiq_BF_VQylEc6gYP96iBCIU3MmxLHfXl8/rs:fit:256:256/czM6Ly9pY29uczgu/Z3Bob3Rvcy1wcm9k/LnBob3Rvcy92M18w/ODM4Mzc3LmpwZw.jpg'),
(555, 'Jabriil', 'ADESOJI', 'K8799361@kingston.ac.uk', '805427', 0, 2, 5, 1, 'https://images.generated.photos/at6sfW3OnrZJ-HXDVcGgFazH_T9SjukFIOtaGkg2Gb4/rs:fit:256:256/czM6Ly9pY29uczgu/Z3Bob3Rvcy1wcm9k/LnBob3Rvcy92M18w/Mzg0NDYyLmpwZw.jpg'),
(556, 'Arash', 'AGPUR', 'K9475177@kingston.ac.uk', '261613', 0, 2, 5, 1, 'https://images.generated.photos/eL1-OlKDqGf1IaL_b2O8aSj7osDX_eFVHZEoJ0f3ZV0/rs:fit:256:256/czM6Ly9pY29uczgu/Z3Bob3Rvcy1wcm9k/LnBob3Rvcy92M18w/NzYwNjc0LmpwZw.jpg'),
(557, 'Patrik', 'AGUILAR', 'K4676617@kingston.ac.uk', '414395', 0, 2, 5, 1, 'https://images.generated.photos/g1EMloA3I2s7oSzy-Y-zpaPy8kRomAV4_XcPhP24oPw/rs:fit:256:256/czM6Ly9pY29uczgu/Z3Bob3Rvcy1wcm9k/LnBob3Rvcy92M18w/MzM3MDE1LmpwZw.jpg'),
(558, 'Riaz', 'AHMAD', 'K3156598@kingston.ac.uk', '144736', 0, 2, 5, 1, 'https://images.generated.photos/EEdWkOioagx2Mj1WxzcJs9RraQNChrskCDuG1E6Y1qE/rs:fit:256:256/czM6Ly9pY29uczgu/Z3Bob3Rvcy1wcm9k/LnBob3Rvcy92M18w/MDgwNjIwLmpwZw.jpg'),
(559, 'Tahir', 'AHMAD', 'K8403466@kingston.ac.uk', '518333', 0, 2, 5, 1, 'https://images.generated.photos/jX37IA2tPWH3xEC7wvrfh6TUtf5H66hlaXZATLRlx4M/rs:fit:256:256/czM6Ly9pY29uczgu/Z3Bob3Rvcy1wcm9k/LnBob3Rvcy92M18w/MTE0NjU3LmpwZw.jpg'),
(560, 'Ayub', 'AHMED', 'K1598785@kingston.ac.uk', '565273', 0, 2, 5, 1, 'https://images.generated.photos/bfyqSPI4AIpT9jxgEan8W8QYkBmss4z6y_SY4j9k3hM/rs:fit:256:256/czM6Ly9pY29uczgu/Z3Bob3Rvcy1wcm9k/LnBob3Rvcy92M18w/ODU3Mzc2LmpwZw.jpg'),
(561, 'Muhammad', 'AHMED', 'K9063283@kingston.ac.uk', '456901', 0, 2, 5, 1, 'https://images.generated.photos/EKhkYUJFRjkJRLez_v2sdND8ouCJjkYsleug7E3Q4AU/rs:fit:256:256/czM6Ly9pY29uczgu/Z3Bob3Rvcy1wcm9k/LnBob3Rvcy92M18w/NTk5NDM1LmpwZw.jpg'),
(562, 'Vahaj', 'AHMED', 'K3991404@kingston.ac.uk', '508319', 0, 2, 5, 1, 'https://images.generated.photos/JVF4pyOq4fKwmpYwYv6WO-ma5p3njz54JPIAk9-7YeY/rs:fit:256:256/czM6Ly9pY29uczgu/Z3Bob3Rvcy1wcm9k/LnBob3Rvcy92M18w/MDIyNzQ5LmpwZw.jpg'),
(563, 'Sara', 'AL MAHASHER', 'K4434509@kingston.ac.uk', '97120', 0, 2, 5, 1, 'https://images.generated.photos/93TXOQYGko5PiWhul3pqEQkkiLGOxWP4ZtTRvLpPvh0/rs:fit:256:256/czM6Ly9pY29uczgu/Z3Bob3Rvcy1wcm9k/LnBob3Rvcy92M18w/ODQ5MzcwLmpwZw.jpg'),
(564, 'Hala', 'AL-ALAWI', 'K6403375@kingston.ac.uk', '171067', 0, 2, 5, 1, 'https://images.generated.photos/MEhzHfD0AtIoLUVj5R4QKAmyaS87QnLhEpGvxxjwVcI/rs:fit:256:256/czM6Ly9pY29uczgu/Z3Bob3Rvcy1wcm9k/LnBob3Rvcy92M18w/MTg5NTA2LmpwZw.jpg'),
(565, 'Ahmed', 'ALDAMSA', 'K8254732@kingston.ac.uk', '364206', 0, 2, 5, 1, 'https://images.generated.photos/FtUOctrSGD0p9cMQOtVaNFqv7tIBsWT0umY_u9O8Rfw/rs:fit:256:256/czM6Ly9pY29uczgu/Z3Bob3Rvcy1wcm9k/LnBob3Rvcy92M18w/MDcyMDc2LmpwZw.jpg'),
(566, 'Abdullah', 'ALHARBI', 'K8950578@kingston.ac.uk', '21693', 0, 2, 5, 1, 'https://images.generated.photos/8B9Ke0-HIdZmLQ5aT2exgZRbQDbyFUXMVn5LQFI-ZrQ/rs:fit:256:256/czM6Ly9pY29uczgu/Z3Bob3Rvcy1wcm9k/LnBob3Rvcy92M18w/Mzk1OTU3LmpwZw.jpg'),
(567, 'Aisha', 'ALI', 'K4626805@kingston.ac.uk', '830804', 0, 2, 5, 1, 'https://images.generated.photos/R4kMirdAU2PShhDQjqCvE_Zk60uJfcVwNDbnVztJo-A/rs:fit:256:256/czM6Ly9pY29uczgu/Z3Bob3Rvcy1wcm9k/LnBob3Rvcy92M18w/NzE2MzI5LmpwZw.jpg'),
(568, 'Ayub', 'ALI', 'K6554635@kingston.ac.uk', '6202', 0, 2, 5, 1, 'https://images.generated.photos/oSZYIwnnkmx5ctxUcxnHLgePTkSPPF_2IDnf8xEVTBA/rs:fit:256:256/czM6Ly9pY29uczgu/Z3Bob3Rvcy1wcm9k/LnBob3Rvcy92M18w/OTQ4MjIzLmpwZw.jpg'),
(569, 'Mohamed', 'ALI', 'K5904481@kingston.ac.uk', '839904', 0, 2, 5, 1, 'https://images.generated.photos/vdZwkxKqsgJMwcCLT5FJkzAx42l9gQRs-NzcpgLSeKY/rs:fit:256:256/czM6Ly9pY29uczgu/Z3Bob3Rvcy1wcm9k/LnBob3Rvcy92M18w/OTAwODE0LmpwZw.jpg'),
(570, 'Nawal', 'ALI', 'K8678970@kingston.ac.uk', '371724', 0, 2, 5, 1, 'https://images.generated.photos/FS7Vvla-3LD46DNelXsoeSJqzAHZ1iHT6vMS-dHX6Sk/rs:fit:256:256/czM6Ly9pY29uczgu/Z3Bob3Rvcy1wcm9k/LnBob3Rvcy92M18w/NDg1NDI3LmpwZw.jpg'),
(571, 'Muhammad', 'ALI AHMED', 'K4290464@kingston.ac.uk', '852407', 0, 2, 5, 1, 'https://images.generated.photos/KW3XTHDx79QjWwtAiBL5Z2JBoHngJyZPHt0jNza6Aus/rs:fit:256:256/czM6Ly9pY29uczgu/Z3Bob3Rvcy1wcm9k/LnBob3Rvcy92M18w/NDkwMzgxLmpwZw.jpg'),
(572, 'Sarmed', 'ALKANDARI', 'K8156516@kingston.ac.uk', '495443', 0, 2, 5, 1, 'https://images.generated.photos/CN7rkheami9vL8v-qSc9Kxm6IHKom5rKO7h47oJlTys/rs:fit:256:256/czM6Ly9pY29uczgu/Z3Bob3Rvcy1wcm9k/LnBob3Rvcy92M18w/MDEyMTAxLmpwZw.jpg'),
(573, 'Dzhamal', 'ALLAM', 'K4415227@kingston.ac.uk', '622608', 0, 2, 5, 1, 'https://images.generated.photos/gMC173_F8yruoYHDuzFKz2VYYedlUhTf8Y5KT_PUPP0/rs:fit:256:256/czM6Ly9pY29uczgu/Z3Bob3Rvcy1wcm9k/LnBob3Rvcy92M18w/Njg5MTk4LmpwZw.jpg'),
(574, 'Mutamim', 'ALMUBARAK', 'K9919302@kingston.ac.uk', '593699', 0, 2, 5, 1, 'https://images.generated.photos/i2FdynijXNPPeSaLirznug1FKnhzAgyDCLxMOAQuPys/rs:fit:256:256/czM6Ly9pY29uczgu/Z3Bob3Rvcy1wcm9k/LnBob3Rvcy92M18w/NTQ3ODg4LmpwZw.jpg'),
(575, 'Gadi', 'ALNAQBI', 'K6915152@kingston.ac.uk', '881438', 0, 2, 5, 1, 'https://images.generated.photos/Eyc1V9JWpGpVLPuIZ9hBq0MC6Z1uIxdDve5mEWplLmk/rs:fit:256:256/czM6Ly9pY29uczgu/Z3Bob3Rvcy1wcm9k/LnBob3Rvcy92M18w/NDAyMDg3LmpwZw.jpg'),
(576, 'Wisam', 'ALWEZMI', 'K3087000@kingston.ac.uk', '176533', 0, 2, 5, 1, 'https://images.generated.photos/hnWSsNBUCO54EsrQaocQblBrwyqUSkG2H28TcIR3_xo/rs:fit:256:256/czM6Ly9pY29uczgu/Z3Bob3Rvcy1wcm9k/LnBob3Rvcy92M18w/MTg2MTU1LmpwZw.jpg'),
(577, 'Turki', 'ALZAYER', 'K2404898@kingston.ac.uk', '457078', 0, 2, 5, 1, 'https://images.generated.photos/jX37IA2tPWH3xEC7wvrfh6TUtf5H66hlaXZATLRlx4M/rs:fit:256:256/czM6Ly9pY29uczgu/Z3Bob3Rvcy1wcm9k/LnBob3Rvcy92M18w/MTE0NjU3LmpwZw.jpg'),
(578, 'Hejan', 'AMIN-ESHGHI', 'K7681331@kingston.ac.uk', '222248', 0, 2, 5, 1, 'https://images.generated.photos/RGXOPryYJo9FsyrfM9yYhxGJzzAKKKOUyFLqYnCiHvI/rs:fit:256:256/czM6Ly9pY29uczgu/Z3Bob3Rvcy1wcm9k/LnBob3Rvcy92M18w/MTU1MTI3LmpwZw.jpg'),
(579, 'Idowu', 'AMOKO', 'K9328276@kingston.ac.uk', '645745', 0, 2, 5, 1, 'https://images.generated.photos/OFnx_nOSFw7kkYtytWq4APddeC0RRrYnGYAGNDACHz8/rs:fit:256:256/czM6Ly9pY29uczgu/Z3Bob3Rvcy1wcm9k/LnBob3Rvcy92M18w/MzI1OTA4LmpwZw.jpg'),
(580, 'Daniel', 'ANDERSON', 'K7929595@kingston.ac.uk', '737273', 0, 2, 5, 1, 'https://images.generated.photos/xtRv-44QUo7gjd8VxJ6dCDD1V7rSpk7mqOd9f1bwlUo/rs:fit:256:256/czM6Ly9pY29uczgu/Z3Bob3Rvcy1wcm9k/LnBob3Rvcy92M18w/Njk4MzkyLmpwZw.jpg'),
(581, 'David', 'ANDREWS', 'K6765423@kingston.ac.uk', '566163', 0, 2, 5, 1, 'https://images.generated.photos/d1wnXjJpW2P3ujs46eU4k-K5gYy6IblHoedjfW2R2sU/rs:fit:256:256/czM6Ly9pY29uczgu/Z3Bob3Rvcy1wcm9k/LnBob3Rvcy92M18w/MDg2NjAzLmpwZw.jpg'),
(582, 'Zarin', 'ANTWI', 'K4978448@kingston.ac.uk', '708286', 0, 2, 5, 1, 'https://images.generated.photos/Pz7esNN7mx3_BctawohRHPclGjm4zNxfAbd9n5m21Fc/rs:fit:256:256/czM6Ly9pY29uczgu/Z3Bob3Rvcy1wcm9k/LnBob3Rvcy92M18w/MDQwMDkzLmpwZw.jpg'),
(583, 'Samuel', 'ARJUN', 'K6611368@kingston.ac.uk', '668177', 0, 2, 5, 1, 'https://images.generated.photos/KVOCYPD-d2FjOsU5L_dQvngcM_h2nloHheTPigB9Wm0/rs:fit:256:256/czM6Ly9pY29uczgu/Z3Bob3Rvcy1wcm9k/LnBob3Rvcy92M18w/MjI1NDg5LmpwZw.jpg'),
(584, 'Bilal', 'ARSHAD', 'K8148877@kingston.ac.uk', '731177', 0, 2, 5, 1, 'https://images.generated.photos/FF4ulNLRGGsnEWCSK2hzxQ1kpTUXrQfb2_2BN4CbHj8/rs:fit:256:256/czM6Ly9pY29uczgu/Z3Bob3Rvcy1wcm9k/LnBob3Rvcy92M18w/OTU4NjEzLmpwZw.jpg'),
(585, 'Jesse', 'ARTHUR', 'K4087058@kingston.ac.uk', '252624', 0, 2, 5, 1, 'https://images.generated.photos/CgKdAXwvC7hEMAwVPM_34Ma2sMKVJ60fF3r9n3R5n2s/rs:fit:256:256/czM6Ly9pY29uczgu/Z3Bob3Rvcy1wcm9k/LnBob3Rvcy92M18w/ODAwNDgxLmpwZw.jpg'),
(586, 'Moe', 'ASGHAR', 'K2028880@kingston.ac.uk', '700106', 0, 2, 5, 1, 'https://images.generated.photos/vtztmmolzs3kn33MaGwKVLJ5JoNeEadMQtqKd_3pQjk/rs:fit:256:256/czM6Ly9pY29uczgu/Z3Bob3Rvcy1wcm9k/LnBob3Rvcy92M18w/ODUyMzQzLmpwZw.jpg'),
(587, 'Mohammed', 'ASKAR', 'K1456073@kingston.ac.uk', '878934', 0, 2, 5, 1, 'https://images.generated.photos/WI80uorWegDL73F_SgzW7IGi6smPw2-xwa0kVOE8YY4/rs:fit:256:256/czM6Ly9pY29uczgu/Z3Bob3Rvcy1wcm9k/LnBob3Rvcy92M18w/OTcxMjU3LmpwZw.jpg'),
(588, 'Navid', 'AWAIS', 'K3272449@kingston.ac.uk', '129721', 0, 2, 5, 1, 'https://images.generated.photos/CN7rkheami9vL8v-qSc9Kxm6IHKom5rKO7h47oJlTys/rs:fit:256:256/czM6Ly9pY29uczgu/Z3Bob3Rvcy1wcm9k/LnBob3Rvcy92M18w/MDEyMTAxLmpwZw.jpg'),
(589, 'Madeleine', 'AYKEN', 'K7442757@kingston.ac.uk', '127217', 0, 2, 5, 1, 'https://images.generated.photos/AKXBHA4_GoGKiD27_d-XiJKswOFMF8UbcJbvrerbQEk/rs:fit:256:256/czM6Ly9pY29uczgu/Z3Bob3Rvcy1wcm9k/LnBob3Rvcy92M18w/NTYxMzExLmpwZw.jpg'),
(590, 'Usra', 'BAH', 'K9079269@kingston.ac.uk', '533155', 0, 2, 5, 1, 'https://images.generated.photos/Rf3Bkicz4LYaSdocAI6zN087YPnBalDZIJtaSiO1aII/rs:fit:256:256/czM6Ly9pY29uczgu/Z3Bob3Rvcy1wcm9k/LnBob3Rvcy92M18w/NjI5NDY5LmpwZw.jpg'),
(591, 'Jake', 'BARNARD', 'K1594047@kingston.ac.uk', '258535', 0, 2, 5, 1, 'https://images.generated.photos/HJRhkhCngb2-0kTxXfYZj2BhVeyKKINJ7KumE-Hd_gE/rs:fit:256:256/czM6Ly9pY29uczgu/Z3Bob3Rvcy1wcm9k/LnBob3Rvcy92M18w/NTY5OTI2LmpwZw.jpg'),
(592, 'Luca', 'BARNOR', 'K2982597@kingston.ac.uk', '912119', 0, 2, 5, 1, 'https://images.generated.photos/CgKdAXwvC7hEMAwVPM_34Ma2sMKVJ60fF3r9n3R5n2s/rs:fit:256:256/czM6Ly9pY29uczgu/Z3Bob3Rvcy1wcm9k/LnBob3Rvcy92M18w/ODAwNDgxLmpwZw.jpg'),
(593, 'Mohamed', 'BASEM', 'K8365455@kingston.ac.uk', '333378', 0, 2, 5, 1, 'https://images.generated.photos/_Re75Xtsdr2cnu4R1H3TCvA0Y9Jd8ySUp5hgCkqnI90/rs:fit:256:256/czM6Ly9pY29uczgu/Z3Bob3Rvcy1wcm9k/LnBob3Rvcy92M18w/MDI1MjIxLmpwZw.jpg'),
(594, 'Mark', 'BASIO', 'K7013389@kingston.ac.uk', '454994', 0, 2, 5, 1, 'https://images.generated.photos/Pz7esNN7mx3_BctawohRHPclGjm4zNxfAbd9n5m21Fc/rs:fit:256:256/czM6Ly9pY29uczgu/Z3Bob3Rvcy1wcm9k/LnBob3Rvcy92M18w/MDQwMDkzLmpwZw.jpg'),
(595, 'Tsekani', 'BASIO', 'K3298903@kingston.ac.uk', '569529', 0, 2, 5, 1, 'https://images.generated.photos/9XB2eMDvWnZhhR4fqiBUE4uLZzOHKNSoDNhclJMY9Nc/rs:fit:256:256/czM6Ly9pY29uczgu/Z3Bob3Rvcy1wcm9k/LnBob3Rvcy92M18w/NzIwMzY2LmpwZw.jpg'),
(596, 'Yusuf', 'BEGUM', 'K2560714@kingston.ac.uk', '137777', 0, 2, 5, 1, 'https://images.generated.photos/JaFMncOoAFAerEyw_xWIeFMjzgfkkseT_oGEyP6CgQI/rs:fit:256:256/czM6Ly9pY29uczgu/Z3Bob3Rvcy1wcm9k/LnBob3Rvcy92M18w/MzI5MTY3LmpwZw.jpg'),
(597, 'James', 'BELA', 'K8986528@kingston.ac.uk', '114052', 0, 2, 5, 1, 'https://images.generated.photos/SaoSoJmmJ0AAUi49cSbqcsDXFxjkl63LbPbnOEhiVz0/rs:fit:256:256/czM6Ly9pY29uczgu/Z3Bob3Rvcy1wcm9k/LnBob3Rvcy92M18w/NTY3MjMwLmpwZw.jpg'),
(598, 'Rasharn', 'BERHANE', 'K2279899@kingston.ac.uk', '73461', 0, 2, 5, 1, 'https://images.generated.photos/wRlCBspa90Yd7KYcaRFKHbdgPgttb5Q1soIBXispJns/rs:fit:256:256/czM6Ly9pY29uczgu/Z3Bob3Rvcy1wcm9k/LnBob3Rvcy92M18w/MzAyNTI4LmpwZw.jpg'),
(599, 'Mandeep', 'BIBI', 'K4142706@kingston.ac.uk', '749469', 0, 2, 5, 1, 'https://images.generated.photos/dWK7KShY5kRnPjf-PoJwefNyCuaEQTBD2GR2ffPEEkg/rs:fit:256:256/czM6Ly9pY29uczgu/Z3Bob3Rvcy1wcm9k/LnBob3Rvcy92M18w/OTc4MDQ1LmpwZw.jpg'),
(600, 'Daniel', 'BOLOKAN', 'K1251470@kingston.ac.uk', '558287', 0, 2, 5, 1, 'https://images.generated.photos/PHus5nEJieYqP9Jxv8fve6RsoL6jGAlU7qH0W9eGfAM/rs:fit:256:256/czM6Ly9pY29uczgu/Z3Bob3Rvcy1wcm9k/LnBob3Rvcy92M18w/NTAzOTMwLmpwZw.jpg'),
(601, 'Mati', 'BOUMENAR', 'K8988771@kingston.ac.uk', '705079', 0, 2, 5, 1, 'https://images.generated.photos/vtztmmolzs3kn33MaGwKVLJ5JoNeEadMQtqKd_3pQjk/rs:fit:256:256/czM6Ly9pY29uczgu/Z3Bob3Rvcy1wcm9k/LnBob3Rvcy92M18w/ODUyMzQzLmpwZw.jpg'),
(602, 'Conor', 'BOURNE', 'K5870228@kingston.ac.uk', '718494', 0, 2, 5, 1, 'https://images.generated.photos/zpVvWX9F6rN5-rrwgiuvqL4QJAzCOvIwxhVp9m7irBY/rs:fit:256:256/czM6Ly9pY29uczgu/Z3Bob3Rvcy1wcm9k/LnBob3Rvcy92M18w/MDM3MzAxLmpwZw.jpg'),
(603, 'Fabio', 'BURGELLO', 'K5205564@kingston.ac.uk', '930819', 0, 2, 5, 1, 'https://images.generated.photos/CgKdAXwvC7hEMAwVPM_34Ma2sMKVJ60fF3r9n3R5n2s/rs:fit:256:256/czM6Ly9pY29uczgu/Z3Bob3Rvcy1wcm9k/LnBob3Rvcy92M18w/ODAwNDgxLmpwZw.jpg'),
(604, 'Rameet', 'BUTT', 'K1069096@kingston.ac.uk', '259383', 0, 2, 5, 1, 'https://images.generated.photos/9rL6VPQcnS5Zxyb8UmWvGP6sB0vPq5k3CPtxAgIVhPM/rs:fit:256:256/czM6Ly9pY29uczgu/Z3Bob3Rvcy1wcm9k/LnBob3Rvcy92M18w/OTE2NDYwLmpwZw.jpg'),
(605, 'Roman', 'CARDOSO FERNANDEZ', 'K2285308@kingston.ac.uk', '59486', 0, 2, 5, 1, 'https://images.generated.photos/_gCiWNrIHdM2-DhH7CwL5lN8gi7O-_s7lLcgJTDJ2ak/rs:fit:256:256/czM6Ly9pY29uczgu/Z3Bob3Rvcy1wcm9k/LnBob3Rvcy92M18w/NDg4MjQ5LmpwZw.jpg'),
(606, 'Rory', 'CARMICHAEL', 'K2590512@kingston.ac.uk', '622488', 0, 2, 5, 1, 'https://images.generated.photos/lTWrNQwz2xhR7aeOkX77ihRYbAnqvHEEW6bGVO8tFnY/rs:fit:256:256/czM6Ly9pY29uczgu/Z3Bob3Rvcy1wcm9k/LnBob3Rvcy92M18w/MzQzMjM2LmpwZw.jpg'),
(607, 'Jonny', 'CAULFIELD', 'K1430629@kingston.ac.uk', '385399', 0, 2, 5, 1, 'https://images.generated.photos/E4n5tzG78a0WYzHIF_PF9tb1i3WW5VGRa8WveIdmuEc/rs:fit:256:256/czM6Ly9pY29uczgu/Z3Bob3Rvcy1wcm9k/LnBob3Rvcy92M18w/OTgxNzcyLmpwZw.jpg'),
(608, 'Muhammad', 'CHAHBOUB', 'K3084696@kingston.ac.uk', '983677', 0, 2, 5, 1, 'https://images.generated.photos/G4JK6RYjaiMm2sfAjcTVwRM3SAqn0tV5zrPYjRqTRt0/rs:fit:256:256/czM6Ly9pY29uczgu/Z3Bob3Rvcy1wcm9k/LnBob3Rvcy92M18w/NjYxODkzLmpwZw.jpg'),
(609, 'Vineeth', 'CHAMBA', 'K4484262@kingston.ac.uk', '922381', 0, 2, 5, 1, 'https://images.generated.photos/Pf_iarXQmdiJFM8hSAMV_ZyJWpVTadkvWGDF-akmaS4/rs:fit:256:256/czM6Ly9pY29uczgu/Z3Bob3Rvcy1wcm9k/LnBob3Rvcy92M18w/NTE3OTI1LmpwZw.jpg'),
(610, 'Ossama', 'CHOGLAY', 'K4559276@kingston.ac.uk', '66348', 0, 2, 5, 1, 'https://images.generated.photos/AIQZhFHClj3GuxzF0_eNPxr1tx3M6t-YSYMt0SgSh44/rs:fit:256:256/czM6Ly9pY29uczgu/Z3Bob3Rvcy1wcm9k/LnBob3Rvcy92M18w/OTM4Njg2LmpwZw.jpg'),
(611, 'Liucheng', 'CHOI', 'K8103572@kingston.ac.uk', '436475', 0, 2, 5, 1, 'https://images.generated.photos/KVOCYPD-d2FjOsU5L_dQvngcM_h2nloHheTPigB9Wm0/rs:fit:256:256/czM6Ly9pY29uczgu/Z3Bob3Rvcy1wcm9k/LnBob3Rvcy92M18w/MjI1NDg5LmpwZw.jpg'),
(612, 'Muaaz', 'CHOWDHURY', 'K2687306@kingston.ac.uk', '200820', 0, 2, 5, 1, 'https://images.generated.photos/miAirTikeC7eWd6YGUc_suI1sDZzaGOeeKxdAiSXllI/rs:fit:256:256/czM6Ly9pY29uczgu/Z3Bob3Rvcy1wcm9k/LnBob3Rvcy92M18w/NTU5NjUxLmpwZw.jpg'),
(613, 'Antonio', 'CLARKE', 'K3328396@kingston.ac.uk', '78056', 0, 2, 5, 1, 'https://images.generated.photos/jk5AsjhJQhAmOeV2lFnJawPZ5323Aqd2IXS_RYBLIl4/rs:fit:256:256/czM6Ly9pY29uczgu/Z3Bob3Rvcy1wcm9k/LnBob3Rvcy92M18w/ODQ3MjQ5LmpwZw.jpg'),
(614, 'Josh', 'CORNISH', 'K8488710@kingston.ac.uk', '980499', 0, 2, 5, 1, 'https://images.generated.photos/vdZwkxKqsgJMwcCLT5FJkzAx42l9gQRs-NzcpgLSeKY/rs:fit:256:256/czM6Ly9pY29uczgu/Z3Bob3Rvcy1wcm9k/LnBob3Rvcy92M18w/OTAwODE0LmpwZw.jpg'),
(615, 'Deven', 'CORREIA', 'K6773867@kingston.ac.uk', '385363', 0, 2, 5, 1, 'https://images.generated.photos/Ysux_8E0--6S4cW7TLJ5OJPRuAgtdTIWjzW826oqqfU/rs:fit:256:256/czM6Ly9pY29uczgu/Z3Bob3Rvcy1wcm9k/LnBob3Rvcy92M18w/NzgzMTczLmpwZw.jpg'),
(616, 'Zakiyah', 'DARA', 'K3448199@kingston.ac.uk', '361935', 0, 2, 5, 1, 'https://images.generated.photos/TlllLnZmYHMejFUfFN7lyIjyGiIo7SYOF1L-tnGURIE/rs:fit:256:256/czM6Ly9pY29uczgu/Z3Bob3Rvcy1wcm9k/LnBob3Rvcy92M18w/Nzg0ODMwLmpwZw.jpg'),
(617, 'Luke', 'DAVIDSON', 'K1816804@kingston.ac.uk', '401193', 0, 2, 5, 1, 'https://images.generated.photos/K-Qiv-oJotYLuvCb1QkaFlNLBKhHloocYWcCbMqr31k/rs:fit:256:256/czM6Ly9pY29uczgu/Z3Bob3Rvcy1wcm9k/LnBob3Rvcy92M18w/OTg1OTgyLmpwZw.jpg'),
(618, 'Samuel', 'DE SOUSA', 'K3934825@kingston.ac.uk', '463724', 0, 2, 5, 1, 'https://images.generated.photos/vnopGiDivHG6UKp3AgGkY44U3nOfR3lLsWNKdA-KEyQ/rs:fit:256:256/czM6Ly9pY29uczgu/Z3Bob3Rvcy1wcm9k/LnBob3Rvcy92M18w/MjAzMjQyLmpwZw.jpg'),
(619, 'Billal', 'DERRAZ', 'K3479775@kingston.ac.uk', '816872', 0, 2, 5, 1, 'https://images.generated.photos/Me_zH_LDAS_sHAQyp0EAXYpGDXR9Oxw7_8jqlC2GBgk/rs:fit:256:256/czM6Ly9pY29uczgu/Z3Bob3Rvcy1wcm9k/LnBob3Rvcy92M18w/ODU2NzUzLmpwZw.jpg'),
(620, 'Danny', 'DEWAN', 'K8809585@kingston.ac.uk', '224126', 0, 2, 5, 1, 'https://images.generated.photos/YFbWxZ8QOMx0aAJYNiTa1HyJ2Jq2YBn6OTCY3coweAs/rs:fit:256:256/czM6Ly9pY29uczgu/Z3Bob3Rvcy1wcm9k/LnBob3Rvcy92M18w/MTEwNjk2LmpwZw.jpg'),
(621, 'Barnik', 'DHAK', 'K9523644@kingston.ac.uk', '401219', 0, 2, 5, 1, 'https://images.generated.photos/g1EMloA3I2s7oSzy-Y-zpaPy8kRomAV4_XcPhP24oPw/rs:fit:256:256/czM6Ly9pY29uczgu/Z3Bob3Rvcy1wcm9k/LnBob3Rvcy92M18w/MzM3MDE1LmpwZw.jpg'),
(622, 'Jasraj', 'DHIBLAAWE', 'K5810980@kingston.ac.uk', '562846', 0, 2, 5, 1, 'https://images.generated.photos/JaFMncOoAFAerEyw_xWIeFMjzgfkkseT_oGEyP6CgQI/rs:fit:256:256/czM6Ly9pY29uczgu/Z3Bob3Rvcy1wcm9k/LnBob3Rvcy92M18w/MzI5MTY3LmpwZw.jpg'),
(623, 'Rupali', 'DIN', 'K1601544@kingston.ac.uk', '281039', 0, 2, 5, 1, 'https://images.generated.photos/oFKjEzWzzxP334cct2C4jG4B7KVNSnRiOxBkXtYnooc/rs:fit:256:256/czM6Ly9pY29uczgu/Z3Bob3Rvcy1wcm9k/LnBob3Rvcy92M18w/MDg0NDM4LmpwZw.jpg'),
(624, 'Patrick', 'DINSMORE', 'K6686505@kingston.ac.uk', '160761', 0, 2, 5, 1, 'https://images.generated.photos/dQg3v96JnDZSaZ01j9uuZqcdeI8amdZjnm6igH50Dzc/rs:fit:256:256/czM6Ly9pY29uczgu/Z3Bob3Rvcy1wcm9k/LnBob3Rvcy92M18w/NzI3NzMyLmpwZw.jpg'),
(625, 'Jaheim', 'DMELLO', 'K2556469@kingston.ac.uk', '967688', 0, 2, 5, 1, 'https://images.generated.photos/JVF4pyOq4fKwmpYwYv6WO-ma5p3njz54JPIAk9-7YeY/rs:fit:256:256/czM6Ly9pY29uczgu/Z3Bob3Rvcy1wcm9k/LnBob3Rvcy92M18w/MDIyNzQ5LmpwZw.jpg');
INSERT INTO `Users` (`UserID`, `UserFirstname`, `UserLastname`, `UserEmail`, `UserPassword`, `UserRegistered`, `UserUsertypeID`, `UserLevel`, `UserYearID`, `UserImageURL`) VALUES
(626, 'Reese', 'DUGGAL', 'K1007829@kingston.ac.uk', '808115', 0, 2, 5, 1, 'https://images.generated.photos/jastgdLpj0K7NJaFWjyw5CkQaVTRWXWq_7GIEPMPpWg/rs:fit:256:256/czM6Ly9pY29uczgu/Z3Bob3Rvcy1wcm9k/LnBob3Rvcy92M18w/MDkxMTg4LmpwZw.jpg'),
(627, 'Stephen', 'EATON', 'K1496625@kingston.ac.uk', '740229', 0, 2, 5, 1, 'https://images.generated.photos/b6qA2UrsUemQPIdmPNZHKnqLeyZsCv0Xhfkqu_A4zsQ/rs:fit:256:256/czM6Ly9pY29uczgu/Z3Bob3Rvcy1wcm9k/LnBob3Rvcy92M18w/NTM1Mzk4LmpwZw.jpg'),
(628, 'Miles', 'EDWARDS', 'K8154826@kingston.ac.uk', '34235', 0, 2, 5, 1, 'https://images.generated.photos/NS4qRSTckTqBsmeQUwxD7AM3WJTHBBhE46WC73ejnds/rs:fit:256:256/czM6Ly9pY29uczgu/Z3Bob3Rvcy1wcm9k/LnBob3Rvcy92M18w/MjYzNTY5LmpwZw.jpg'),
(629, 'Marwan', 'ELBASYOUNY', 'K2288020@kingston.ac.uk', '924776', 0, 2, 5, 1, 'https://images.generated.photos/EFoHpzc2anXIzyEnwHlSYNfo0MDIZKUi-HrKRSZqGwE/rs:fit:256:256/czM6Ly9pY29uczgu/Z3Bob3Rvcy1wcm9k/LnBob3Rvcy92M18w/ODAwODgzLmpwZw.jpg'),
(630, 'Abdirahman', 'ELMI', 'K4583873@kingston.ac.uk', '199646', 0, 2, 5, 1, 'https://images.generated.photos/LT2ltWbY0qzloYhACMj0ch8VgtXRk8WVCngBtZmJ8No/rs:fit:256:256/czM6Ly9pY29uczgu/Z3Bob3Rvcy1wcm9k/LnBob3Rvcy92M18w/Njc0NTE0LmpwZw.jpg'),
(631, 'Kevone', 'FADEGA', 'K3384557@kingston.ac.uk', '541591', 0, 2, 5, 1, 'https://images.generated.photos/KVOCYPD-d2FjOsU5L_dQvngcM_h2nloHheTPigB9Wm0/rs:fit:256:256/czM6Ly9pY29uczgu/Z3Bob3Rvcy1wcm9k/LnBob3Rvcy92M18w/MjI1NDg5LmpwZw.jpg'),
(632, 'Prabesh', 'FANDI', 'K2873193@kingston.ac.uk', '859187', 0, 2, 5, 1, 'https://images.generated.photos/-_-hyUefVoOz8qBBv31AeMbBMzZXLcCXiWAneZb0u2U/rs:fit:256:256/czM6Ly9pY29uczgu/Z3Bob3Rvcy1wcm9k/LnBob3Rvcy92M18w/Njg1NDE4LmpwZw.jpg'),
(633, 'Ahmad', 'FAROOQ', 'K6900136@kingston.ac.uk', '493188', 0, 2, 5, 1, 'https://images.generated.photos/C4wh2-BSdF58itHXDnhMja-hPUoSHJkB0TTI0WxslRo/rs:fit:256:256/czM6Ly9pY29uczgu/Z3Bob3Rvcy1wcm9k/LnBob3Rvcy92M18w/NjM5NzM4LmpwZw.jpg'),
(634, 'Marwan', 'FAYYAZ', 'K7283818@kingston.ac.uk', '84177', 0, 2, 5, 1, 'https://images.generated.photos/5Rni9_roqIXtQgniUCz2-Aj-dYw_JbU6UaA0u_0yFFw/rs:fit:256:256/czM6Ly9pY29uczgu/Z3Bob3Rvcy1wcm9k/LnBob3Rvcy92M18w/MDE3OTMyLmpwZw.jpg'),
(635, 'Jordan', 'FERNANDES', 'K2507004@kingston.ac.uk', '516969', 0, 2, 5, 1, 'https://images.generated.photos/NS4qRSTckTqBsmeQUwxD7AM3WJTHBBhE46WC73ejnds/rs:fit:256:256/czM6Ly9pY29uczgu/Z3Bob3Rvcy1wcm9k/LnBob3Rvcy92M18w/MjYzNTY5LmpwZw.jpg'),
(636, 'Kimona', 'FERNANDES', 'K6098651@kingston.ac.uk', '855076', 0, 2, 5, 1, 'https://images.generated.photos/MFF1Wosr9X-K2qT-Hqb23_61BCG87zVHo69hgSkq-7A/rs:fit:256:256/czM6Ly9pY29uczgu/Z3Bob3Rvcy1wcm9k/LnBob3Rvcy92M18w/NzUzMjY2LmpwZw.jpg'),
(637, 'Gammal', 'GABKA', 'K6900839@kingston.ac.uk', '738997', 0, 2, 5, 1, 'https://images.generated.photos/QBUc8uC2Nu6fqTDMFATBpqL5H2XeMsxPozXyVpbzbq4/rs:fit:256:256/czM6Ly9pY29uczgu/Z3Bob3Rvcy1wcm9k/LnBob3Rvcy92M18w/MDE0MzI0LmpwZw.jpg'),
(638, 'Maha', 'GALL', 'K5750144@kingston.ac.uk', '934731', 0, 2, 5, 1, 'https://images.generated.photos/S1A-2CZ2iIhYNM8td6YT4wCrndSH5VYJw48tCiszkGA/rs:fit:256:256/czM6Ly9pY29uczgu/Z3Bob3Rvcy1wcm9k/LnBob3Rvcy92M18w/MjQ1OTE0LmpwZw.jpg'),
(639, 'Lord', 'GEORGESON', 'K4571893@kingston.ac.uk', '220537', 0, 2, 5, 1, 'https://images.generated.photos/OlokiSuYRHxLAyqOx71ly8-tfcgWnS7qbUjZAp8BgBE/rs:fit:256:256/czM6Ly9pY29uczgu/Z3Bob3Rvcy1wcm9k/LnBob3Rvcy92M18w/Nzc0NzgxLmpwZw.jpg'),
(640, 'Ivan-vasil', 'GEORGIEV', 'K9421346@kingston.ac.uk', '366965', 0, 2, 5, 1, 'https://images.generated.photos/Vb-f5Y0LCXeVy38W8GnVp5T8sjjD0A4eEr9K9w22ahA/rs:fit:256:256/czM6Ly9pY29uczgu/Z3Bob3Rvcy1wcm9k/LnBob3Rvcy92M18w/NDE0NTc2LmpwZw.jpg'),
(641, 'Sahib', 'GIRI', 'K2679938@kingston.ac.uk', '965369', 0, 2, 5, 1, 'https://images.generated.photos/H9oaVaeM2U36ksLO9v2Cc_FDfas6Q-wAdZe-9iRKpiY/rs:fit:256:256/czM6Ly9pY29uczgu/Z3Bob3Rvcy1wcm9k/LnBob3Rvcy92M18w/ODE3NTA2LmpwZw.jpg'),
(642, 'Tiago', 'GONZALEZ', 'K3972264@kingston.ac.uk', '797577', 0, 2, 5, 1, 'https://images.generated.photos/rAGWjXdkmUxKVmECQUW490KSW4bE4AN8Nv8rs8pdmiI/rs:fit:256:256/czM6Ly9pY29uczgu/Z3Bob3Rvcy1wcm9k/LnBob3Rvcy92M18w/NTA4MDM0LmpwZw.jpg'),
(643, 'Adam', 'GREGORY', 'K1286869@kingston.ac.uk', '342622', 0, 2, 5, 1, 'https://images.generated.photos/ECyEKkFqHcTSBRhYdKWmOpnM4PzRhUFhEYaP67y_EpI/rs:fit:256:256/czM6Ly9pY29uczgu/Z3Bob3Rvcy1wcm9k/LnBob3Rvcy92M18w/NTU1MzM5LmpwZw.jpg'),
(644, 'Cem', 'GURMANI', 'K4395601@kingston.ac.uk', '396867', 0, 2, 5, 1, 'https://images.generated.photos/YE7ZCeUdGc7fqtU41kt7xcIMSPI2IftIf8SLNBCszXA/rs:fit:256:256/czM6Ly9pY29uczgu/Z3Bob3Rvcy1wcm9k/LnBob3Rvcy92M18w/MTA2OTI1LmpwZw.jpg'),
(645, 'Akash', 'GURUNG', 'K7604813@kingston.ac.uk', '950584', 0, 2, 5, 1, 'https://images.generated.photos/FtUOctrSGD0p9cMQOtVaNFqv7tIBsWT0umY_u9O8Rfw/rs:fit:256:256/czM6Ly9pY29uczgu/Z3Bob3Rvcy1wcm9k/LnBob3Rvcy92M18w/MDcyMDc2LmpwZw.jpg'),
(646, 'Priscilla Abu', 'HADDAD', 'K2369985@kingston.ac.uk', '618692', 0, 2, 5, 1, 'https://images.generated.photos/dO0u1FEkJoc65E_kVu2tQ3elhX4V1TIoRoSWkz_nBWc/rs:fit:256:256/czM6Ly9pY29uczgu/Z3Bob3Rvcy1wcm9k/LnBob3Rvcy92M18w/MDc1NDUzLmpwZw.jpg'),
(647, 'Zahra', 'HAKIM', 'K9138034@kingston.ac.uk', '771941', 0, 2, 5, 1, 'https://images.generated.photos/u9tjLRq5YoPRVZHBufaRzPiPhr1YGTqXH8URFDjI34s/rs:fit:256:256/czM6Ly9pY29uczgu/Z3Bob3Rvcy1wcm9k/LnBob3Rvcy92M18w/NDc4MTE4LmpwZw.jpg'),
(648, 'Konrad', 'HAMMILL', 'K5008640@kingston.ac.uk', '299388', 0, 2, 5, 1, 'https://images.generated.photos/xBoVOVFR9vsSgeiQQHvaRvVOE277JLvk6I0R705Bp-0/rs:fit:256:256/czM6Ly9pY29uczgu/Z3Bob3Rvcy1wcm9k/LnBob3Rvcy92M18w/NTQ3NDA2LmpwZw.jpg'),
(649, 'Mohamad', 'HANNAN', 'K4973347@kingston.ac.uk', '533828', 0, 2, 5, 1, 'https://images.generated.photos/tcd-7pVoSrwBAW5wxgoTdkSWLacfi6D8Km-EFdUcqSs/rs:fit:256:256/czM6Ly9pY29uczgu/Z3Bob3Rvcy1wcm9k/LnBob3Rvcy92M18w/ODU4OTk2LmpwZw.jpg'),
(650, 'Nathan', 'HART', 'K8485102@kingston.ac.uk', '956933', 0, 2, 5, 1, 'https://images.generated.photos/bxn2p0TM_PUFA1SaWQFWONvmVRiHBURfjREg3rhfJLc/rs:fit:256:256/czM6Ly9pY29uczgu/Z3Bob3Rvcy1wcm9k/LnBob3Rvcy92M18w/MjI4NjUxLmpwZw.jpg'),
(651, 'Sadam', 'HASHI', 'K1495119@kingston.ac.uk', '401150', 0, 2, 5, 1, 'https://images.generated.photos/n19cUEk7V1svgjeCDYt91ghTaelk164Selox3Iwmja4/rs:fit:256:256/czM6Ly9pY29uczgu/Z3Bob3Rvcy1wcm9k/LnBob3Rvcy92M18w/MzExNTEwLmpwZw.jpg'),
(652, 'Hassan', 'HASSAN', 'K2088833@kingston.ac.uk', '378567', 0, 2, 5, 1, 'https://images.generated.photos/hnWSsNBUCO54EsrQaocQblBrwyqUSkG2H28TcIR3_xo/rs:fit:256:256/czM6Ly9pY29uczgu/Z3Bob3Rvcy1wcm9k/LnBob3Rvcy92M18w/MTg2MTU1LmpwZw.jpg'),
(653, 'Zakaria', 'HASSAN SAEED', 'K3389730@kingston.ac.uk', '74855', 0, 2, 5, 1, 'https://images.generated.photos/2RaeRvcQCbCsMXEU0Q57ug5IxQuhWtS_6e98TafQTa4/rs:fit:256:256/czM6Ly9pY29uczgu/Z3Bob3Rvcy1wcm9k/LnBob3Rvcy92M18w/MTY0MTg4LmpwZw.jpg'),
(654, 'Jenaro', 'HAXHIA', 'K6598176@kingston.ac.uk', '280411', 0, 2, 5, 1, 'https://images.generated.photos/SaoSoJmmJ0AAUi49cSbqcsDXFxjkl63LbPbnOEhiVz0/rs:fit:256:256/czM6Ly9pY29uczgu/Z3Bob3Rvcy1wcm9k/LnBob3Rvcy92M18w/NTY3MjMwLmpwZw.jpg'),
(655, 'Preben', 'HENRY', 'K9652495@kingston.ac.uk', '586161', 0, 2, 5, 1, 'https://images.generated.photos/7XnCnhvTRcDleV_ZeYrjtKdJcAi3Pv3fUsh2SAeBo-A/rs:fit:256:256/czM6Ly9pY29uczgu/Z3Bob3Rvcy1wcm9k/LnBob3Rvcy92M18w/NzY5NTIzLmpwZw.jpg'),
(656, 'Abdirahman', 'HERSI', 'K8998200@kingston.ac.uk', '345135', 0, 2, 5, 1, 'https://images.generated.photos/_-lwmuPjZsxYn19UATe-fh6ZwQwtAYhAVaqI1QHJWL8/rs:fit:256:256/czM6Ly9pY29uczgu/Z3Bob3Rvcy1wcm9k/LnBob3Rvcy92M18w/MDUxOTQzLmpwZw.jpg'),
(657, 'Nicklas', 'HRISTOVA', 'K3768859@kingston.ac.uk', '893582', 0, 2, 5, 1, 'https://images.generated.photos/FF4ulNLRGGsnEWCSK2hzxQ1kpTUXrQfb2_2BN4CbHj8/rs:fit:256:256/czM6Ly9pY29uczgu/Z3Bob3Rvcy1wcm9k/LnBob3Rvcy92M18w/OTU4NjEzLmpwZw.jpg'),
(658, 'Ibrahim', 'HUSSAIN', 'K4604472@kingston.ac.uk', '93004', 0, 2, 5, 1, 'https://images.generated.photos/eL1-OlKDqGf1IaL_b2O8aSj7osDX_eFVHZEoJ0f3ZV0/rs:fit:256:256/czM6Ly9pY29uczgu/Z3Bob3Rvcy1wcm9k/LnBob3Rvcy92M18w/NzYwNjc0LmpwZw.jpg'),
(659, 'Ruby', 'HUSSAIN', 'K4630931@kingston.ac.uk', '274996', 0, 2, 5, 1, 'https://images.generated.photos/yM4lOmM7llXi1uKmn5bxI9uQBBRVkNf9-NQ933Z41GQ/rs:fit:256:256/czM6Ly9pY29uczgu/Z3Bob3Rvcy1wcm9k/LnBob3Rvcy92M18w/Nzg3NTI3LmpwZw.jpg'),
(660, 'Azharudin', 'HUSSEIN', 'K8111184@kingston.ac.uk', '555571', 0, 2, 5, 1, 'https://images.generated.photos/Me_zH_LDAS_sHAQyp0EAXYpGDXR9Oxw7_8jqlC2GBgk/rs:fit:256:256/czM6Ly9pY29uczgu/Z3Bob3Rvcy1wcm9k/LnBob3Rvcy92M18w/ODU2NzUzLmpwZw.jpg'),
(661, 'Dan', 'HUTTON', 'K6628826@kingston.ac.uk', '456611', 0, 2, 5, 1, 'https://images.generated.photos/G4JK6RYjaiMm2sfAjcTVwRM3SAqn0tV5zrPYjRqTRt0/rs:fit:256:256/czM6Ly9pY29uczgu/Z3Bob3Rvcy1wcm9k/LnBob3Rvcy92M18w/NjYxODkzLmpwZw.jpg'),
(662, 'Mohamed', 'IBILOYE', 'K1430200@kingston.ac.uk', '162439', 0, 2, 5, 1, 'https://images.generated.photos/uv4odZft7J4BUmBeYZxb1JIBDsgesjmLFlIeNfGWKuQ/rs:fit:256:256/czM6Ly9pY29uczgu/Z3Bob3Rvcy1wcm9k/LnBob3Rvcy92M18w/Njk3MjY2LmpwZw.jpg'),
(663, 'David', 'IBRAHIM', 'K1277738@kingston.ac.uk', '44763', 0, 2, 5, 1, 'https://images.generated.photos/v2zFVcSP9iz5nozsATj_XileGEg4qv8GxvK_hXE81-Y/rs:fit:256:256/czM6Ly9pY29uczgu/Z3Bob3Rvcy1wcm9k/LnBob3Rvcy92M18w/OTA3ODE5LmpwZw.jpg'),
(664, 'David', 'INGOLE', 'K8745254@kingston.ac.uk', '780548', 0, 2, 5, 1, 'https://images.generated.photos/SUqjtB9N8C3fEP0Ti_mCsGdP11lnz3B1PkTq2G_emyQ/rs:fit:256:256/czM6Ly9pY29uczgu/Z3Bob3Rvcy1wcm9k/LnBob3Rvcy92M18w/MTUzOTA4LmpwZw.jpg'),
(665, 'Ali Sher', 'IQBAL', 'K9759548@kingston.ac.uk', '450408', 0, 2, 5, 1, 'https://images.generated.photos/Pz7esNN7mx3_BctawohRHPclGjm4zNxfAbd9n5m21Fc/rs:fit:256:256/czM6Ly9pY29uczgu/Z3Bob3Rvcy1wcm9k/LnBob3Rvcy92M18w/MDQwMDkzLmpwZw.jpg'),
(666, 'Efat', 'ISLAM', 'K1091466@kingston.ac.uk', '683910', 0, 2, 5, 1, 'https://images.generated.photos/OvVRyrzqFq08h8Ubm6e50rVRZJ-OJLbSvWdEBfcbC0g/rs:fit:256:256/czM6Ly9pY29uczgu/Z3Bob3Rvcy1wcm9k/LnBob3Rvcy92M18w/MTgzMTc3LmpwZw.jpg'),
(667, 'Abdullahi', 'JACKSON', 'K9633256@kingston.ac.uk', '108701', 0, 2, 5, 1, 'https://images.generated.photos/AmiO-_d4mr7gFLh37DwDc3WEkMEE9iM8R0uJWjG4aMY/rs:fit:256:256/czM6Ly9pY29uczgu/Z3Bob3Rvcy1wcm9k/LnBob3Rvcy92M18w/OTEwNTg0LmpwZw.jpg'),
(668, 'Sushant', 'JAGATIA', 'K9322983@kingston.ac.uk', '601477', 0, 2, 5, 1, 'https://images.generated.photos/zpVvWX9F6rN5-rrwgiuvqL4QJAzCOvIwxhVp9m7irBY/rs:fit:256:256/czM6Ly9pY29uczgu/Z3Bob3Rvcy1wcm9k/LnBob3Rvcy92M18w/MDM3MzAxLmpwZw.jpg'),
(669, 'Destin', 'JAGODAGE', 'K6450009@kingston.ac.uk', '301247', 0, 2, 5, 1, 'https://images.generated.photos/tcd-7pVoSrwBAW5wxgoTdkSWLacfi6D8Km-EFdUcqSs/rs:fit:256:256/czM6Ly9pY29uczgu/Z3Bob3Rvcy1wcm9k/LnBob3Rvcy92M18w/ODU4OTk2LmpwZw.jpg'),
(670, 'Surya', 'JALLOH', 'K1374289@kingston.ac.uk', '406769', 0, 2, 5, 1, 'https://images.generated.photos/rQb1H7VGHxItfnrHVH5mtWci1Q1wOp6JRmUf_6mcneI/rs:fit:256:256/czM6Ly9pY29uczgu/Z3Bob3Rvcy1wcm9k/LnBob3Rvcy92M18w/NTExNzg3LmpwZw.jpg'),
(671, 'Waqar', 'JANJUA', 'K9657830@kingston.ac.uk', '466230', 0, 2, 5, 1, 'https://images.generated.photos/3QPoFH1liVS0S4iGviPddRUNlMf03wcJsoccKQI3OLM/rs:fit:256:256/czM6Ly9pY29uczgu/Z3Bob3Rvcy1wcm9k/LnBob3Rvcy92M18w/OTk2NjM5LmpwZw.jpg'),
(672, 'Hasan', 'JAWAD', 'K9193967@kingston.ac.uk', '109982', 0, 2, 5, 1, 'https://images.generated.photos/T_aLxxbvCteY1hL4iVd-NfjnHf_7wxww1Ap0vrXNeeM/rs:fit:256:256/czM6Ly9pY29uczgu/Z3Bob3Rvcy1wcm9k/LnBob3Rvcy92M18w/NzMzMDY2LmpwZw.jpg'),
(673, 'Alisdair', 'JENKINS', 'K1022913@kingston.ac.uk', '425056', 0, 2, 5, 1, 'https://images.generated.photos/zpVvWX9F6rN5-rrwgiuvqL4QJAzCOvIwxhVp9m7irBY/rs:fit:256:256/czM6Ly9pY29uczgu/Z3Bob3Rvcy1wcm9k/LnBob3Rvcy92M18w/MDM3MzAxLmpwZw.jpg'),
(674, 'Ajinath', 'JEYAKUMAR', 'K5916058@kingston.ac.uk', '52520', 0, 2, 5, 1, 'https://images.generated.photos/BYeSuRlUuLQIe0ePihHXe2i8IRzQ5B241wg3fI2XdD0/rs:fit:256:256/czM6Ly9pY29uczgu/Z3Bob3Rvcy1wcm9k/LnBob3Rvcy92M18w/NzE1MDUzLmpwZw.jpg'),
(675, 'Adam', 'JONES', 'K7195724@kingston.ac.uk', '947876', 0, 2, 5, 1, 'https://images.generated.photos/a5k2ir8qaYtZiiMHnAHYn_3Hy1IKzkKH800vvLq738I/rs:fit:256:256/czM6Ly9pY29uczgu/Z3Bob3Rvcy1wcm9k/LnBob3Rvcy92M18w/Njg1NTExLmpwZw.jpg'),
(676, 'Marcel', 'JOSEPH-WARD', 'K7359330@kingston.ac.uk', '9790', 0, 2, 5, 1, 'https://images.generated.photos/7XnCnhvTRcDleV_ZeYrjtKdJcAi3Pv3fUsh2SAeBo-A/rs:fit:256:256/czM6Ly9pY29uczgu/Z3Bob3Rvcy1wcm9k/LnBob3Rvcy92M18w/NzY5NTIzLmpwZw.jpg'),
(677, 'Jeyasundar', 'JOSHI', 'K5422013@kingston.ac.uk', '304913', 0, 2, 5, 1, 'https://images.generated.photos/JVF4pyOq4fKwmpYwYv6WO-ma5p3njz54JPIAk9-7YeY/rs:fit:256:256/czM6Ly9pY29uczgu/Z3Bob3Rvcy1wcm9k/LnBob3Rvcy92M18w/MDIyNzQ5LmpwZw.jpg'),
(678, 'Baba', 'KABISA', 'K7383538@kingston.ac.uk', '670079', 0, 2, 5, 1, 'https://images.generated.photos/x5UFfGxIsMlrNZx3s3eM_ECIK0So9GmfPIgwIzKMOvk/rs:fit:256:256/czM6Ly9pY29uczgu/Z3Bob3Rvcy1wcm9k/LnBob3Rvcy92M18w/MTI2MDUzLmpwZw.jpg'),
(679, 'Mohammed', 'KALSI', 'K4067391@kingston.ac.uk', '805396', 0, 2, 5, 1, 'https://images.generated.photos/eL1-OlKDqGf1IaL_b2O8aSj7osDX_eFVHZEoJ0f3ZV0/rs:fit:256:256/czM6Ly9pY29uczgu/Z3Bob3Rvcy1wcm9k/LnBob3Rvcy92M18w/NzYwNjc0LmpwZw.jpg'),
(680, 'Aqilah', 'KAMLESH', 'K9147983@kingston.ac.uk', '304648', 0, 2, 5, 1, 'https://images.generated.photos/b9s3cYIOYZKXyKFPISE67qpGvI6QtBs805rAq1MNMfc/rs:fit:256:256/czM6Ly9pY29uczgu/Z3Bob3Rvcy1wcm9k/LnBob3Rvcy92M18w/Nzk0OTY4LmpwZw.jpg'),
(681, 'Thanchanok', 'KANTHASAMY', 'K1150655@kingston.ac.uk', '591172', 0, 2, 5, 1, 'https://images.generated.photos/BsfXA2BZffWA9XYN4jpteDpDJgxyb-9AsC92WjyC64o/rs:fit:256:256/czM6Ly9pY29uczgu/Z3Bob3Rvcy1wcm9k/LnBob3Rvcy92M18w/NzI2MDI2LmpwZw.jpg'),
(682, 'Nivetha', 'KAUR', 'K8549958@kingston.ac.uk', '786480', 0, 2, 5, 1, 'https://images.generated.photos/b6qA2UrsUemQPIdmPNZHKnqLeyZsCv0Xhfkqu_A4zsQ/rs:fit:256:256/czM6Ly9pY29uczgu/Z3Bob3Rvcy1wcm9k/LnBob3Rvcy92M18w/NTM1Mzk4LmpwZw.jpg'),
(683, 'Martin', 'KEASLEY', 'K2212043@kingston.ac.uk', '552056', 0, 2, 5, 1, 'https://images.generated.photos/bFV7RQ9DuXUmt_Du0TXMeIUSCn8FgflG7wYTi4jmqRg/rs:fit:256:256/czM6Ly9pY29uczgu/Z3Bob3Rvcy1wcm9k/LnBob3Rvcy92M18w/NTU1MjgzLmpwZw.jpg'),
(684, 'Joe', 'KENNEDY', 'K4258843@kingston.ac.uk', '65890', 0, 2, 5, 1, 'https://images.generated.photos/AmiO-_d4mr7gFLh37DwDc3WEkMEE9iM8R0uJWjG4aMY/rs:fit:256:256/czM6Ly9pY29uczgu/Z3Bob3Rvcy1wcm9k/LnBob3Rvcy92M18w/OTEwNTg0LmpwZw.jpg'),
(685, 'Amirah', 'KHAMISI', 'K6463142@kingston.ac.uk', '339296', 0, 2, 5, 1, 'https://images.generated.photos/QBUc8uC2Nu6fqTDMFATBpqL5H2XeMsxPozXyVpbzbq4/rs:fit:256:256/czM6Ly9pY29uczgu/Z3Bob3Rvcy1wcm9k/LnBob3Rvcy92M18w/MDE0MzI0LmpwZw.jpg'),
(686, 'Eisa', 'KHAN', 'K5265584@kingston.ac.uk', '764334', 0, 2, 5, 1, 'https://images.generated.photos/v2zFVcSP9iz5nozsATj_XileGEg4qv8GxvK_hXE81-Y/rs:fit:256:256/czM6Ly9pY29uczgu/Z3Bob3Rvcy1wcm9k/LnBob3Rvcy92M18w/OTA3ODE5LmpwZw.jpg'),
(687, 'Muhammad', 'KHAN', 'K5008720@kingston.ac.uk', '293321', 0, 2, 5, 1, 'https://images.generated.photos/jX37IA2tPWH3xEC7wvrfh6TUtf5H66hlaXZATLRlx4M/rs:fit:256:256/czM6Ly9pY29uczgu/Z3Bob3Rvcy1wcm9k/LnBob3Rvcy92M18w/MTE0NjU3LmpwZw.jpg'),
(688, 'Tawqir', 'KHAN', 'K3004010@kingston.ac.uk', '179745', 0, 2, 5, 1, 'https://images.generated.photos/USogc9nnQJaIRfIjXsoqZ1AfLT5hPaAMYpnqSbmQ0WI/rs:fit:256:256/czM6Ly9pY29uczgu/Z3Bob3Rvcy1wcm9k/LnBob3Rvcy92M18w/MjI3NzQ0LmpwZw.jpg'),
(689, 'Taran', 'KINSABA', 'K3484172@kingston.ac.uk', '781096', 0, 2, 5, 1, 'https://images.generated.photos/UWCO77rRpU9u49ofA59M9jM4iar1xPv6tR9EhWAnnCY/rs:fit:256:256/czM6Ly9pY29uczgu/Z3Bob3Rvcy1wcm9k/LnBob3Rvcy92M18w/MTEzNDQ3LmpwZw.jpg'),
(690, 'Ralph', 'KODOVBETSKYI', 'K1284259@kingston.ac.uk', '329586', 0, 2, 5, 1, 'https://images.generated.photos/m8Sph5rhjkIsOiVIp4zbvIuFl43F6BWIwhkkY86z2Ms/rs:fit:256:256/czM6Ly9pY29uczgu/Z3Bob3Rvcy1wcm9k/LnBob3Rvcy92M18w/ODU4MTE5LmpwZw.jpg'),
(691, 'Hatem', 'KOLAPO', 'K3251833@kingston.ac.uk', '14913', 0, 2, 5, 1, 'https://images.generated.photos/2RaeRvcQCbCsMXEU0Q57ug5IxQuhWtS_6e98TafQTa4/rs:fit:256:256/czM6Ly9pY29uczgu/Z3Bob3Rvcy1wcm9k/LnBob3Rvcy92M18w/MTY0MTg4LmpwZw.jpg'),
(692, 'Leon', 'KOUTZIS', 'K2790154@kingston.ac.uk', '261631', 0, 2, 5, 1, 'https://images.generated.photos/miAirTikeC7eWd6YGUc_suI1sDZzaGOeeKxdAiSXllI/rs:fit:256:256/czM6Ly9pY29uczgu/Z3Bob3Rvcy1wcm9k/LnBob3Rvcy92M18w/NTU5NjUxLmpwZw.jpg'),
(693, 'Piranavan', 'KUMARESWARAN', 'K8370082@kingston.ac.uk', '196076', 0, 2, 5, 1, 'https://images.generated.photos/lO7H_9qp0UOrlj_1j8GIgGzD2dzFS4m-jnyL-ubpc_g/rs:fit:256:256/czM6Ly9pY29uczgu/Z3Bob3Rvcy1wcm9k/LnBob3Rvcy92M18w/NzQ5NzgyLmpwZw.jpg'),
(694, 'Matthew', 'LAWSON', 'K6307613@kingston.ac.uk', '328756', 0, 2, 5, 1, 'https://images.generated.photos/Ypb3BwMaDgO0IIP0_LqzMm6IXCaXW0Eksu5-aIjcvks/rs:fit:256:256/czM6Ly9pY29uczgu/Z3Bob3Rvcy1wcm9k/LnBob3Rvcy92M18w/NjY5MzcwLmpwZw.jpg'),
(695, 'Phyo', 'LE', 'K7538371@kingston.ac.uk', '646632', 0, 2, 5, 1, 'https://images.generated.photos/AmiO-_d4mr7gFLh37DwDc3WEkMEE9iM8R0uJWjG4aMY/rs:fit:256:256/czM6Ly9pY29uczgu/Z3Bob3Rvcy1wcm9k/LnBob3Rvcy92M18w/OTEwNTg0LmpwZw.jpg'),
(696, 'Elysia', 'LEON JAPON', 'K4736682@kingston.ac.uk', '386469', 0, 2, 5, 1, 'https://images.generated.photos/_cPqHwfJvMmuhJez0vDVpb9ahliuW9-DKLZzQVavhHg/rs:fit:256:256/czM6Ly9pY29uczgu/Z3Bob3Rvcy1wcm9k/LnBob3Rvcy92M18w/OTEwNjA1LmpwZw.jpg'),
(697, 'Elias', 'LIRANZO HERNANDEZ', 'K5455000@kingston.ac.uk', '963243', 0, 2, 5, 1, 'https://images.generated.photos/WIwNwGAxeJRXK01PcPpxHFnsAsWmKwbFJO1X0d05ZhQ/rs:fit:256:256/czM6Ly9pY29uczgu/Z3Bob3Rvcy1wcm9k/LnBob3Rvcy92M18w/Njk5MDY5LmpwZw.jpg'),
(698, 'Hao', 'LOKUSURIYAGE', 'K2858966@kingston.ac.uk', '797978', 0, 2, 5, 1, 'https://images.generated.photos/yuaPACLo7bqsuCVowqowDgG9fzcHHXE7UaqanVyZvbM/rs:fit:256:256/czM6Ly9pY29uczgu/Z3Bob3Rvcy1wcm9k/LnBob3Rvcy92M18w/MjI2NzMzLmpwZw.jpg'),
(699, 'Kelvin', 'LOPEZ', 'K3507624@kingston.ac.uk', '58545', 0, 2, 5, 1, 'https://images.generated.photos/b82uNFwRYtxKtmUbI0gbD6H-aICxsl6eolBeqDMx4dU/rs:fit:256:256/czM6Ly9pY29uczgu/Z3Bob3Rvcy1wcm9k/LnBob3Rvcy92M18w/OTg4NTM0LmpwZw.jpg'),
(700, 'Aj', 'LOYAN', 'K7949941@kingston.ac.uk', '494439', 0, 2, 5, 1, 'https://images.generated.photos/HJRhkhCngb2-0kTxXfYZj2BhVeyKKINJ7KumE-Hd_gE/rs:fit:256:256/czM6Ly9pY29uczgu/Z3Bob3Rvcy1wcm9k/LnBob3Rvcy92M18w/NTY5OTI2LmpwZw.jpg'),
(701, 'Pascal', 'LUSAKIOVANA', 'K3726906@kingston.ac.uk', '761863', 0, 2, 5, 1, 'https://images.generated.photos/7fLYlxBttwajHocsTDWVv_bww3A2L5u-v-MM6AB6CaQ/rs:fit:256:256/czM6Ly9pY29uczgu/Z3Bob3Rvcy1wcm9k/LnBob3Rvcy92M18w/NTA1NTQ2LmpwZw.jpg'),
(702, 'Andrew', 'MACINNES', 'K6487149@kingston.ac.uk', '968187', 0, 2, 5, 1, 'https://images.generated.photos/9XB2eMDvWnZhhR4fqiBUE4uLZzOHKNSoDNhclJMY9Nc/rs:fit:256:256/czM6Ly9pY29uczgu/Z3Bob3Rvcy1wcm9k/LnBob3Rvcy92M18w/NzIwMzY2LmpwZw.jpg'),
(703, 'Paranithusan', 'MAHAMED', 'K4962344@kingston.ac.uk', '542600', 0, 2, 5, 1, 'https://images.generated.photos/vnopGiDivHG6UKp3AgGkY44U3nOfR3lLsWNKdA-KEyQ/rs:fit:256:256/czM6Ly9pY29uczgu/Z3Bob3Rvcy1wcm9k/LnBob3Rvcy92M18w/MjAzMjQyLmpwZw.jpg'),
(704, 'Tarik', 'MALAKZI', 'K2224695@kingston.ac.uk', '343235', 0, 2, 5, 1, 'https://images.generated.photos/7YMzkd4G8Ih02hVY7oDyDHhr_hlo68Vr7w102g5aGhk/rs:fit:256:256/czM6Ly9pY29uczgu/Z3Bob3Rvcy1wcm9k/LnBob3Rvcy92M18w/MTcyMjUyLmpwZw.jpg'),
(705, 'Humza', 'MALIN', 'K5354708@kingston.ac.uk', '868093', 0, 2, 5, 1, 'https://images.generated.photos/0s29pYa3GoLpzDa_rSnFlOdjh7udUNfJ-OwZh7iO2DM/rs:fit:256:256/czM6Ly9pY29uczgu/Z3Bob3Rvcy1wcm9k/LnBob3Rvcy92M18w/NjMwNDM2LmpwZw.jpg'),
(706, 'Ruchir', 'MANNING', 'K6633172@kingston.ac.uk', '191634', 0, 2, 5, 1, 'https://images.generated.photos/SUqjtB9N8C3fEP0Ti_mCsGdP11lnz3B1PkTq2G_emyQ/rs:fit:256:256/czM6Ly9pY29uczgu/Z3Bob3Rvcy1wcm9k/LnBob3Rvcy92M18w/MTUzOTA4LmpwZw.jpg'),
(707, 'Tyheem', 'MANUEL', 'K7425486@kingston.ac.uk', '280223', 0, 2, 5, 1, 'https://images.generated.photos/LYa83chsjlauCsYjM68NCQvjzYT9SqbzFeJRDTUrWHI/rs:fit:256:256/czM6Ly9pY29uczgu/Z3Bob3Rvcy1wcm9k/LnBob3Rvcy92M18w/ODAxMDY3LmpwZw.jpg'),
(708, 'Harshal', 'MAQSOOD', 'K1369344@kingston.ac.uk', '746683', 0, 2, 5, 1, 'https://images.generated.photos/T_aLxxbvCteY1hL4iVd-NfjnHf_7wxww1Ap0vrXNeeM/rs:fit:256:256/czM6Ly9pY29uczgu/Z3Bob3Rvcy1wcm9k/LnBob3Rvcy92M18w/NzMzMDY2LmpwZw.jpg'),
(709, 'David', 'MAULL', 'K9875703@kingston.ac.uk', '718692', 0, 2, 5, 1, 'https://images.generated.photos/3QPoFH1liVS0S4iGviPddRUNlMf03wcJsoccKQI3OLM/rs:fit:256:256/czM6Ly9pY29uczgu/Z3Bob3Rvcy1wcm9k/LnBob3Rvcy92M18w/OTk2NjM5LmpwZw.jpg'),
(710, 'Kevin', 'MBEMBELE', 'K2114804@kingston.ac.uk', '972150', 0, 2, 5, 1, 'https://images.generated.photos/c8cDElhiWL_TuY053ozUVG78eOh1PqIfM-VgJ8rfq5I/rs:fit:256:256/czM6Ly9pY29uczgu/Z3Bob3Rvcy1wcm9k/LnBob3Rvcy92M18w/MjMxMTM4LmpwZw.jpg'),
(711, 'Alec', 'MCFARLANE', 'K2745814@kingston.ac.uk', '564975', 0, 2, 5, 1, 'https://images.generated.photos/9XB2eMDvWnZhhR4fqiBUE4uLZzOHKNSoDNhclJMY9Nc/rs:fit:256:256/czM6Ly9pY29uczgu/Z3Bob3Rvcy1wcm9k/LnBob3Rvcy92M18w/NzIwMzY2LmpwZw.jpg'),
(712, 'Ahmed', 'MENDONCA', 'K1833257@kingston.ac.uk', '999260', 0, 2, 5, 1, 'https://images.generated.photos/x5UFfGxIsMlrNZx3s3eM_ECIK0So9GmfPIgwIzKMOvk/rs:fit:256:256/czM6Ly9pY29uczgu/Z3Bob3Rvcy1wcm9k/LnBob3Rvcy92M18w/MTI2MDUzLmpwZw.jpg'),
(713, 'Samuel', 'MEYER', 'K3886368@kingston.ac.uk', '268061', 0, 2, 5, 1, 'https://images.generated.photos/9rL6VPQcnS5Zxyb8UmWvGP6sB0vPq5k3CPtxAgIVhPM/rs:fit:256:256/czM6Ly9pY29uczgu/Z3Bob3Rvcy1wcm9k/LnBob3Rvcy92M18w/OTE2NDYwLmpwZw.jpg'),
(714, 'Hasan', 'MIAH', 'K5968915@kingston.ac.uk', '323201', 0, 2, 5, 1, 'https://images.generated.photos/nJdJbQikKIIcURjhGmcLRoMMzwnEwq48EbYtiW7Z7R4/rs:fit:256:256/czM6Ly9pY29uczgu/Z3Bob3Rvcy1wcm9k/LnBob3Rvcy92M18w/NDIzNjc4LmpwZw.jpg'),
(715, 'Yaya', 'MIR', 'K4713924@kingston.ac.uk', '85953', 0, 2, 5, 1, 'https://images.generated.photos/GoTad-molmm806QqX9iiovkUl6t544qJnZ75wQEkYBA/rs:fit:256:256/czM6Ly9pY29uczgu/Z3Bob3Rvcy1wcm9k/LnBob3Rvcy92M18w/MjQ5MTAxLmpwZw.jpg'),
(716, 'Blerim', 'MIRI', 'K3390342@kingston.ac.uk', '460973', 0, 2, 5, 1, 'https://images.generated.photos/Phr9v-QZfdWXHyGSb9t5ORoNj1EwF3JTMVn8bsPJK7w/rs:fit:256:256/czM6Ly9pY29uczgu/Z3Bob3Rvcy1wcm9k/LnBob3Rvcy92M18w/MDAyOTY5LmpwZw.jpg'),
(717, 'Zain', 'MISHRA', 'K8514582@kingston.ac.uk', '844290', 0, 2, 5, 1, 'https://images.generated.photos/SSM7NvSM4HYVHVLK-lyt4si1aNRgyAoaQCQRf-_F76Y/rs:fit:256:256/czM6Ly9pY29uczgu/Z3Bob3Rvcy1wcm9k/LnBob3Rvcy92M18w/MzYxOTE1LmpwZw.jpg'),
(718, 'Bakri', 'MOHAMED', 'K9570670@kingston.ac.uk', '62914', 0, 2, 5, 1, 'https://images.generated.photos/N1FMFlCatY7KjnXQCEV1OAsQTUl08p-Po6rkP_4VreM/rs:fit:256:256/czM6Ly9pY29uczgu/Z3Bob3Rvcy1wcm9k/LnBob3Rvcy92M18w/NDI0MDA4LmpwZw.jpg'),
(719, 'Liban', 'MOHAMED', 'K3958234@kingston.ac.uk', '222113', 0, 2, 5, 1, 'https://images.generated.photos/yuaPACLo7bqsuCVowqowDgG9fzcHHXE7UaqanVyZvbM/rs:fit:256:256/czM6Ly9pY29uczgu/Z3Bob3Rvcy1wcm9k/LnBob3Rvcy92M18w/MjI2NzMzLmpwZw.jpg'),
(720, 'Rahem', 'MOHAMED IDRISS', 'K9271540@kingston.ac.uk', '482453', 0, 2, 5, 1, 'https://images.generated.photos/dQg3v96JnDZSaZ01j9uuZqcdeI8amdZjnm6igH50Dzc/rs:fit:256:256/czM6Ly9pY29uczgu/Z3Bob3Rvcy1wcm9k/LnBob3Rvcy92M18w/NzI3NzMyLmpwZw.jpg'),
(721, 'Ashwag', 'MOHAMOUD', 'K5535526@kingston.ac.uk', '532846', 0, 2, 5, 1, 'https://images.generated.photos/MeSdOWLmmY-RGbZYUPLVGzoJHa-Ur6YWDfAvKKpu6iI/rs:fit:256:256/czM6Ly9pY29uczgu/Z3Bob3Rvcy1wcm9k/LnBob3Rvcy92M18w/MDcxMzM5LmpwZw.jpg'),
(722, 'Nur', 'MOHAMUD ABDI', 'K5637120@kingston.ac.uk', '846206', 0, 2, 5, 1, 'https://images.generated.photos/WIwNwGAxeJRXK01PcPpxHFnsAsWmKwbFJO1X0d05ZhQ/rs:fit:256:256/czM6Ly9pY29uczgu/Z3Bob3Rvcy1wcm9k/LnBob3Rvcy92M18w/Njk5MDY5LmpwZw.jpg'),
(723, 'Suleyman', 'MOMAND', 'K7880509@kingston.ac.uk', '636737', 0, 2, 5, 1, 'https://images.generated.photos/Pf_iarXQmdiJFM8hSAMV_ZyJWpVTadkvWGDF-akmaS4/rs:fit:256:256/czM6Ly9pY29uczgu/Z3Bob3Rvcy1wcm9k/LnBob3Rvcy92M18w/NTE3OTI1LmpwZw.jpg'),
(724, 'Jolanta', 'MORKUS', 'K8678356@kingston.ac.uk', '577720', 0, 2, 5, 1, 'https://images.generated.photos/eOK_DtgGXzlgVrUi9z6AWyoTUxPGFLwj8zqMmNWOxZo/rs:fit:256:256/czM6Ly9pY29uczgu/Z3Bob3Rvcy1wcm9k/LnBob3Rvcy92M18w/OTQyODI2LmpwZw.jpg'),
(725, 'David', 'MOSS', 'K8490747@kingston.ac.uk', '653585', 0, 2, 5, 1, 'https://images.generated.photos/u9GHQPcjkrz6AYtgAUST5JWNuQSDsOJbJ7F24hL9nqA/rs:fit:256:256/czM6Ly9pY29uczgu/Z3Bob3Rvcy1wcm9k/LnBob3Rvcy92M18w/NzAyNDg1LmpwZw.jpg'),
(726, 'Keyarash', 'MUHUNTHAN', 'K1298255@kingston.ac.uk', '297985', 0, 2, 5, 1, 'https://images.generated.photos/CN7rkheami9vL8v-qSc9Kxm6IHKom5rKO7h47oJlTys/rs:fit:256:256/czM6Ly9pY29uczgu/Z3Bob3Rvcy1wcm9k/LnBob3Rvcy92M18w/MDEyMTAxLmpwZw.jpg'),
(727, 'Andrew', 'MUSTAFA', 'K2671087@kingston.ac.uk', '643188', 0, 2, 5, 1, 'https://images.generated.photos/2gOrmyv2TLOKk4WhlFTDM8OaKNUyA_sN50IkKQoReCo/rs:fit:256:256/czM6Ly9pY29uczgu/Z3Bob3Rvcy1wcm9k/LnBob3Rvcy92M18w/Nzk2MjYyLmpwZw.jpg'),
(728, 'John', 'MYERS', 'K5237814@kingston.ac.uk', '681320', 0, 2, 5, 1, 'https://images.generated.photos/XRfSKWBVup-KW5T_lvS0tyce6rGaEBKUDWvk6lxZ8x8/rs:fit:256:256/czM6Ly9pY29uczgu/Z3Bob3Rvcy1wcm9k/LnBob3Rvcy92M18w/MDIwNTQwLmpwZw.jpg'),
(729, 'Talha', 'NAHAR', 'K4748013@kingston.ac.uk', '261579', 0, 2, 5, 1, 'https://images.generated.photos/b9s3cYIOYZKXyKFPISE67qpGvI6QtBs805rAq1MNMfc/rs:fit:256:256/czM6Ly9pY29uczgu/Z3Bob3Rvcy1wcm9k/LnBob3Rvcy92M18w/Nzk0OTY4LmpwZw.jpg'),
(730, 'Shivani', 'NALVELALGAN', 'K9459492@kingston.ac.uk', '795050', 0, 2, 5, 1, 'https://images.generated.photos/PHus5nEJieYqP9Jxv8fve6RsoL6jGAlU7qH0W9eGfAM/rs:fit:256:256/czM6Ly9pY29uczgu/Z3Bob3Rvcy1wcm9k/LnBob3Rvcy92M18w/NTAzOTMwLmpwZw.jpg'),
(731, 'Aman', 'NAZARUDEEN', 'K1655736@kingston.ac.uk', '996528', 0, 2, 5, 1, 'https://images.generated.photos/vnopGiDivHG6UKp3AgGkY44U3nOfR3lLsWNKdA-KEyQ/rs:fit:256:256/czM6Ly9pY29uczgu/Z3Bob3Rvcy1wcm9k/LnBob3Rvcy92M18w/MjAzMjQyLmpwZw.jpg'),
(732, 'Kevin', 'NDUBUNMA', 'K6843299@kingston.ac.uk', '843754', 0, 2, 5, 1, 'https://images.generated.photos/lt9a1AN-sL6H2iElJZJ0ssxm3TbhcvOmJu3ATlvMD0Q/rs:fit:256:256/czM6Ly9pY29uczgu/Z3Bob3Rvcy1wcm9k/LnBob3Rvcy92M18w/ODQ2NTYzLmpwZw.jpg'),
(733, 'Laurynas', 'NEDREBOE', 'K9258433@kingston.ac.uk', '987801', 0, 2, 5, 1, 'https://images.generated.photos/Ypb3BwMaDgO0IIP0_LqzMm6IXCaXW0Eksu5-aIjcvks/rs:fit:256:256/czM6Ly9pY29uczgu/Z3Bob3Rvcy1wcm9k/LnBob3Rvcy92M18w/NjY5MzcwLmpwZw.jpg'),
(734, 'Jake-Michael', 'NEWMAN', 'K8981021@kingston.ac.uk', '402554', 0, 2, 5, 1, 'https://images.generated.photos/RGXOPryYJo9FsyrfM9yYhxGJzzAKKKOUyFLqYnCiHvI/rs:fit:256:256/czM6Ly9pY29uczgu/Z3Bob3Rvcy1wcm9k/LnBob3Rvcy92M18w/MTU1MTI3LmpwZw.jpg'),
(735, 'Jassen', 'NGUYEN', 'K8125903@kingston.ac.uk', '340813', 0, 2, 5, 1, 'https://images.generated.photos/bfyqSPI4AIpT9jxgEan8W8QYkBmss4z6y_SY4j9k3hM/rs:fit:256:256/czM6Ly9pY29uczgu/Z3Bob3Rvcy1wcm9k/LnBob3Rvcy92M18w/ODU3Mzc2LmpwZw.jpg'),
(736, 'Euan', 'NOEL', 'K1616269@kingston.ac.uk', '684925', 0, 2, 5, 1, 'https://images.generated.photos/vdZwkxKqsgJMwcCLT5FJkzAx42l9gQRs-NzcpgLSeKY/rs:fit:256:256/czM6Ly9pY29uczgu/Z3Bob3Rvcy1wcm9k/LnBob3Rvcy92M18w/OTAwODE0LmpwZw.jpg'),
(737, 'Waleed Khan', 'NOOR', 'K6465749@kingston.ac.uk', '834184', 0, 2, 5, 1, 'https://images.generated.photos/b82uNFwRYtxKtmUbI0gbD6H-aICxsl6eolBeqDMx4dU/rs:fit:256:256/czM6Ly9pY29uczgu/Z3Bob3Rvcy1wcm9k/LnBob3Rvcy92M18w/OTg4NTM0LmpwZw.jpg'),
(738, 'Delight', 'OBENG', 'K5339962@kingston.ac.uk', '719079', 0, 2, 5, 1, 'https://images.generated.photos/A-G4isX6--bGltFYElVoXQFvLuaypH-rWusPvO6i4IY/rs:fit:256:256/czM6Ly9pY29uczgu/Z3Bob3Rvcy1wcm9k/LnBob3Rvcy92M18w/NzYxOTkyLmpwZw.jpg'),
(739, 'Mustafa', 'ODOI', 'K9044145@kingston.ac.uk', '581894', 0, 2, 5, 1, 'https://images.generated.photos/T_aLxxbvCteY1hL4iVd-NfjnHf_7wxww1Ap0vrXNeeM/rs:fit:256:256/czM6Ly9pY29uczgu/Z3Bob3Rvcy1wcm9k/LnBob3Rvcy92M18w/NzMzMDY2LmpwZw.jpg'),
(740, 'Miracle', 'OLUYEMI', 'K8596879@kingston.ac.uk', '786677', 0, 2, 5, 1, 'https://images.generated.photos/QBUc8uC2Nu6fqTDMFATBpqL5H2XeMsxPozXyVpbzbq4/rs:fit:256:256/czM6Ly9pY29uczgu/Z3Bob3Rvcy1wcm9k/LnBob3Rvcy92M18w/MDE0MzI0LmpwZw.jpg'),
(741, 'Michael', 'OPONG', 'K4477712@kingston.ac.uk', '938637', 0, 2, 5, 1, 'https://images.generated.photos/jk5AsjhJQhAmOeV2lFnJawPZ5323Aqd2IXS_RYBLIl4/rs:fit:256:256/czM6Ly9pY29uczgu/Z3Bob3Rvcy1wcm9k/LnBob3Rvcy92M18w/ODQ3MjQ5LmpwZw.jpg'),
(742, 'Tug', 'O\'RAWE', 'K4471526@kingston.ac.uk', '530818', 0, 2, 5, 1, 'https://images.generated.photos/snrE1AzxltGXdCkWTy8VXkYgiyL914Z7d5m1TEwDo3A/rs:fit:256:256/czM6Ly9pY29uczgu/Z3Bob3Rvcy1wcm9k/LnBob3Rvcy92M18w/MzYyMjAzLmpwZw.jpg'),
(743, 'Mohammad', 'OSMAN', 'K7571435@kingston.ac.uk', '483172', 0, 2, 5, 1, 'https://images.generated.photos/nJdJbQikKIIcURjhGmcLRoMMzwnEwq48EbYtiW7Z7R4/rs:fit:256:256/czM6Ly9pY29uczgu/Z3Bob3Rvcy1wcm9k/LnBob3Rvcy92M18w/NDIzNjc4LmpwZw.jpg'),
(744, 'Alexis', 'PALERMO', 'K9862254@kingston.ac.uk', '4260', 0, 2, 5, 1, 'https://images.generated.photos/VlRT7WZX3loi_--PZaSzofIKcCgCAz0rQ-k77dA3qIU/rs:fit:256:256/czM6Ly9pY29uczgu/Z3Bob3Rvcy1wcm9k/LnBob3Rvcy92M18w/NTU0NjEwLmpwZw.jpg'),
(745, 'Jin', 'PANG', 'K5366494@kingston.ac.uk', '312122', 0, 2, 5, 1, 'https://images.generated.photos/OrGQoXqJoG5HC2Ta9JqHcI3RWSRt9B9BlH2pwGK9ztU/rs:fit:256:256/czM6Ly9pY29uczgu/Z3Bob3Rvcy1wcm9k/LnBob3Rvcy92M18w/MDQwMTIyLmpwZw.jpg'),
(746, 'Eugene', 'PATEL', 'K6602474@kingston.ac.uk', '440605', 0, 2, 5, 1, 'https://images.generated.photos/ZGbONLnD7PtyiMOB7Zxuaw6tlKFhAf8MSSTlI-vzgpI/rs:fit:256:256/czM6Ly9pY29uczgu/Z3Bob3Rvcy1wcm9k/LnBob3Rvcy92M18w/ODQ2MDUxLmpwZw.jpg'),
(747, 'Rita', 'PEIXOTO MENDES', 'K2820183@kingston.ac.uk', '587744', 0, 2, 5, 1, 'https://images.generated.photos/zFeqVi06V04p4vw_efd1m_utGGlxwyGkruvoJMgu9fk/rs:fit:256:256/czM6Ly9pY29uczgu/Z3Bob3Rvcy1wcm9k/LnBob3Rvcy92M18w/NDgzOTUwLmpwZw.jpg'),
(748, 'Ryan', 'PERRY', 'K2208294@kingston.ac.uk', '992984', 0, 2, 5, 1, 'https://images.generated.photos/u9GHQPcjkrz6AYtgAUST5JWNuQSDsOJbJ7F24hL9nqA/rs:fit:256:256/czM6Ly9pY29uczgu/Z3Bob3Rvcy1wcm9k/LnBob3Rvcy92M18w/NzAyNDg1LmpwZw.jpg'),
(749, 'Catalin', 'PETROV', 'K9022979@kingston.ac.uk', '618251', 0, 2, 5, 1, 'https://images.generated.photos/UNxpy72ZWGw5RND3_kDQgieIOYyO-w54Os_lJysHQ0c/rs:fit:256:256/czM6Ly9pY29uczgu/Z3Bob3Rvcy1wcm9k/LnBob3Rvcy92M18w/MTk0MjE3LmpwZw.jpg'),
(750, 'Nicholas', 'PHILLIPS', 'K5872380@kingston.ac.uk', '486005', 0, 2, 5, 1, 'https://images.generated.photos/2RaeRvcQCbCsMXEU0Q57ug5IxQuhWtS_6e98TafQTa4/rs:fit:256:256/czM6Ly9pY29uczgu/Z3Bob3Rvcy1wcm9k/LnBob3Rvcy92M18w/MTY0MTg4LmpwZw.jpg'),
(751, 'Jack', 'PIERSON', 'K5124812@kingston.ac.uk', '191836', 0, 2, 5, 1, 'https://images.generated.photos/9XB2eMDvWnZhhR4fqiBUE4uLZzOHKNSoDNhclJMY9Nc/rs:fit:256:256/czM6Ly9pY29uczgu/Z3Bob3Rvcy1wcm9k/LnBob3Rvcy92M18w/NzIwMzY2LmpwZw.jpg'),
(752, 'Jordann', 'PLESIVCEVS', 'K3245336@kingston.ac.uk', '460256', 0, 2, 5, 1, 'https://images.generated.photos/lO7H_9qp0UOrlj_1j8GIgGzD2dzFS4m-jnyL-ubpc_g/rs:fit:256:256/czM6Ly9pY29uczgu/Z3Bob3Rvcy1wcm9k/LnBob3Rvcy92M18w/NzQ5NzgyLmpwZw.jpg'),
(753, 'Oskar', 'POP', 'K6950885@kingston.ac.uk', '269752', 0, 2, 5, 1, 'https://images.generated.photos/C4wh2-BSdF58itHXDnhMja-hPUoSHJkB0TTI0WxslRo/rs:fit:256:256/czM6Ly9pY29uczgu/Z3Bob3Rvcy1wcm9k/LnBob3Rvcy92M18w/NjM5NzM4LmpwZw.jpg'),
(754, 'Farhad', 'POUYANFAR', 'K9942413@kingston.ac.uk', '178044', 0, 2, 5, 1, 'https://images.generated.photos/9ynBnpYXU3Q_MwSbJpiUKQ990qa7I6W_PtnNEVHMbkA/rs:fit:256:256/czM6Ly9pY29uczgu/Z3Bob3Rvcy1wcm9k/LnBob3Rvcy92M18w/NDEyMTE0LmpwZw.jpg'),
(755, 'Joshua', 'PRYER', 'K8988433@kingston.ac.uk', '629059', 0, 2, 5, 1, 'https://images.generated.photos/2gOrmyv2TLOKk4WhlFTDM8OaKNUyA_sN50IkKQoReCo/rs:fit:256:256/czM6Ly9pY29uczgu/Z3Bob3Rvcy1wcm9k/LnBob3Rvcy92M18w/Nzk2MjYyLmpwZw.jpg'),
(756, 'Yashvi', 'PUNCHOO', 'K8800607@kingston.ac.uk', '681879', 0, 2, 5, 1, 'https://images.generated.photos/LPPlThqwt23heH4v46szh6dsrToT-yNrPLrBcqAR2TU/rs:fit:256:256/czM6Ly9pY29uczgu/Z3Bob3Rvcy1wcm9k/LnBob3Rvcy92M18w/MTU2OTY0LmpwZw.jpg'),
(757, 'Amina', 'QURESHI', 'K6296263@kingston.ac.uk', '970413', 0, 2, 5, 1, 'https://images.generated.photos/H_gh-YRgM4rCuLd0p0XlOeS-iS0pTDT7SN_evLfh2pA/rs:fit:256:256/czM6Ly9pY29uczgu/Z3Bob3Rvcy1wcm9k/LnBob3Rvcy92M18w/NDUwMzU1LmpwZw.jpg'),
(758, 'Branch', 'RADOSAVLJEVIC', 'K7056240@kingston.ac.uk', '995655', 0, 2, 5, 1, 'https://images.generated.photos/YFbWxZ8QOMx0aAJYNiTa1HyJ2Jq2YBn6OTCY3coweAs/rs:fit:256:256/czM6Ly9pY29uczgu/Z3Bob3Rvcy1wcm9k/LnBob3Rvcy92M18w/MTEwNjk2LmpwZw.jpg'),
(759, 'Mohammed', 'RAHIMI', 'K8088984@kingston.ac.uk', '541778', 0, 2, 5, 1, 'https://images.generated.photos/lryAp-pBERo7-D2B_faiIhsBXXJ5B9vNdJvEF3aZXbs/rs:fit:256:256/czM6Ly9pY29uczgu/Z3Bob3Rvcy1wcm9k/LnBob3Rvcy92M18w/MDU4NDA3LmpwZw.jpg'),
(760, 'Naail', 'RAHMAN', 'K2743473@kingston.ac.uk', '733220', 0, 2, 5, 1, 'https://images.generated.photos/zpVvWX9F6rN5-rrwgiuvqL4QJAzCOvIwxhVp9m7irBY/rs:fit:256:256/czM6Ly9pY29uczgu/Z3Bob3Rvcy1wcm9k/LnBob3Rvcy92M18w/MDM3MzAxLmpwZw.jpg'),
(761, 'Muhammad', 'RAJAPAKSEGE', 'K5849719@kingston.ac.uk', '466307', 0, 2, 5, 1, 'https://images.generated.photos/9ynBnpYXU3Q_MwSbJpiUKQ990qa7I6W_PtnNEVHMbkA/rs:fit:256:256/czM6Ly9pY29uczgu/Z3Bob3Rvcy1wcm9k/LnBob3Rvcy92M18w/NDEyMTE0LmpwZw.jpg'),
(762, 'Thanuush', 'RAMACHANDRAN', 'K3757638@kingston.ac.uk', '933978', 0, 2, 5, 1, 'https://images.generated.photos/7YMzkd4G8Ih02hVY7oDyDHhr_hlo68Vr7w102g5aGhk/rs:fit:256:256/czM6Ly9pY29uczgu/Z3Bob3Rvcy1wcm9k/LnBob3Rvcy92M18w/MTcyMjUyLmpwZw.jpg'),
(763, 'Aurel', 'RAMLOLL', 'K5071422@kingston.ac.uk', '776181', 0, 2, 5, 1, 'https://images.generated.photos/kz5FIL_sP4j_JbcyM78IoV50oHrsFrtd9k_nFORKRkw/rs:fit:256:256/czM6Ly9pY29uczgu/Z3Bob3Rvcy1wcm9k/LnBob3Rvcy92M18w/NDU2MDI2LmpwZw.jpg'),
(764, 'George', 'RASHBROOK', 'K8003782@kingston.ac.uk', '411704', 0, 2, 5, 1, 'https://images.generated.photos/rAGWjXdkmUxKVmECQUW490KSW4bE4AN8Nv8rs8pdmiI/rs:fit:256:256/czM6Ly9pY29uczgu/Z3Bob3Rvcy1wcm9k/LnBob3Rvcy92M18w/NTA4MDM0LmpwZw.jpg'),
(765, 'Kareem', 'RATNASINGAM', 'K7577476@kingston.ac.uk', '340127', 0, 2, 5, 1, 'https://images.generated.photos/snrE1AzxltGXdCkWTy8VXkYgiyL914Z7d5m1TEwDo3A/rs:fit:256:256/czM6Ly9pY29uczgu/Z3Bob3Rvcy1wcm9k/LnBob3Rvcy92M18w/MzYyMjAzLmpwZw.jpg'),
(766, 'Yaashmi', 'RAZA', 'K5255300@kingston.ac.uk', '590961', 0, 2, 5, 1, 'https://images.generated.photos/m8Sph5rhjkIsOiVIp4zbvIuFl43F6BWIwhkkY86z2Ms/rs:fit:256:256/czM6Ly9pY29uczgu/Z3Bob3Rvcy1wcm9k/LnBob3Rvcy92M18w/ODU4MTE5LmpwZw.jpg'),
(767, 'Henri', 'ROVIRA RODRIGUEZ', 'K7133013@kingston.ac.uk', '988460', 0, 2, 5, 1, 'https://images.generated.photos/eL1-OlKDqGf1IaL_b2O8aSj7osDX_eFVHZEoJ0f3ZV0/rs:fit:256:256/czM6Ly9pY29uczgu/Z3Bob3Rvcy1wcm9k/LnBob3Rvcy92M18w/NzYwNjc0LmpwZw.jpg'),
(768, 'Elise', 'SAEED', 'K9912473@kingston.ac.uk', '622900', 0, 2, 5, 1, 'https://images.generated.photos/a5k2ir8qaYtZiiMHnAHYn_3Hy1IKzkKH800vvLq738I/rs:fit:256:256/czM6Ly9pY29uczgu/Z3Bob3Rvcy1wcm9k/LnBob3Rvcy92M18w/Njg1NTExLmpwZw.jpg'),
(769, 'Sujahd', 'SAHOTA', 'K5187008@kingston.ac.uk', '681539', 0, 2, 5, 1, 'https://images.generated.photos/C4wh2-BSdF58itHXDnhMja-hPUoSHJkB0TTI0WxslRo/rs:fit:256:256/czM6Ly9pY29uczgu/Z3Bob3Rvcy1wcm9k/LnBob3Rvcy92M18w/NjM5NzM4LmpwZw.jpg'),
(770, 'Ferzan', 'SAID', 'K5000363@kingston.ac.uk', '74969', 0, 2, 5, 1, 'https://images.generated.photos/vtztmmolzs3kn33MaGwKVLJ5JoNeEadMQtqKd_3pQjk/rs:fit:256:256/czM6Ly9pY29uczgu/Z3Bob3Rvcy1wcm9k/LnBob3Rvcy92M18w/ODUyMzQzLmpwZw.jpg'),
(771, 'Tomasz', 'SAIJA', 'K6705279@kingston.ac.uk', '804979', 0, 2, 5, 1, 'https://images.generated.photos/OlokiSuYRHxLAyqOx71ly8-tfcgWnS7qbUjZAp8BgBE/rs:fit:256:256/czM6Ly9pY29uczgu/Z3Bob3Rvcy1wcm9k/LnBob3Rvcy92M18w/Nzc0NzgxLmpwZw.jpg'),
(772, 'Harry', 'SALES', 'K8421781@kingston.ac.uk', '157638', 0, 2, 5, 1, 'https://images.generated.photos/hedydv7Gf5i_nMJyq3Nf9_dnYd0zlhbRhS4IoxXsU4U/rs:fit:256:256/czM6Ly9pY29uczgu/Z3Bob3Rvcy1wcm9k/LnBob3Rvcy92M18w/MjM3MjU2LmpwZw.jpg'),
(773, 'Leen', 'SAMURA', 'K4962843@kingston.ac.uk', '923179', 0, 2, 5, 1, 'https://images.generated.photos/7daIvS9wrz3IDdQFeWOpEVGJ9F_u21AVOnCeCpNYaPU/rs:fit:256:256/czM6Ly9pY29uczgu/Z3Bob3Rvcy1wcm9k/LnBob3Rvcy92M18w/NjY2OTk3LmpwZw.jpg'),
(774, 'Mario', 'SARBIEWSKI', 'K1145738@kingston.ac.uk', '373916', 0, 2, 5, 1, 'https://images.generated.photos/r4fGnq0WHndOFmEDrPWQVlUTJoQQePulEkoo-REYEP8/rs:fit:256:256/czM6Ly9pY29uczgu/Z3Bob3Rvcy1wcm9k/LnBob3Rvcy92M18w/OTQ5OTk4LmpwZw.jpg'),
(775, 'Nirvir', 'SARKAR', 'K7825612@kingston.ac.uk', '693206', 0, 2, 5, 1, 'https://images.generated.photos/nJdJbQikKIIcURjhGmcLRoMMzwnEwq48EbYtiW7Z7R4/rs:fit:256:256/czM6Ly9pY29uczgu/Z3Bob3Rvcy1wcm9k/LnBob3Rvcy92M18w/NDIzNjc4LmpwZw.jpg'),
(776, 'Adil', 'SERROUKH', 'K5716397@kingston.ac.uk', '631380', 0, 2, 5, 1, 'https://images.generated.photos/nJdJbQikKIIcURjhGmcLRoMMzwnEwq48EbYtiW7Z7R4/rs:fit:256:256/czM6Ly9pY29uczgu/Z3Bob3Rvcy1wcm9k/LnBob3Rvcy92M18w/NDIzNjc4LmpwZw.jpg'),
(777, 'Emily', 'SEXTON', 'K2369014@kingston.ac.uk', '493151', 0, 2, 5, 1, 'https://images.generated.photos/-DgNFSldpe4tz9iuEQtUSKZ-01F375tlR3XU3fNj6-0/rs:fit:256:256/czM6Ly9pY29uczgu/Z3Bob3Rvcy1wcm9k/LnBob3Rvcy92M18w/NTIyMTQwLmpwZw.jpg'),
(778, 'Nirajan', 'SHAHID', 'K6788897@kingston.ac.uk', '355458', 0, 2, 5, 1, 'https://images.generated.photos/jk5AsjhJQhAmOeV2lFnJawPZ5323Aqd2IXS_RYBLIl4/rs:fit:256:256/czM6Ly9pY29uczgu/Z3Bob3Rvcy1wcm9k/LnBob3Rvcy92M18w/ODQ3MjQ5LmpwZw.jpg'),
(779, 'Fayaz', 'SHAIKH', 'K4674455@kingston.ac.uk', '201610', 0, 2, 5, 1, 'https://images.generated.photos/r8nBVov0WuRMAAvX3Vut6SF1KSY1YcBI-1Uol5s3YNw/rs:fit:256:256/czM6Ly9pY29uczgu/Z3Bob3Rvcy1wcm9k/LnBob3Rvcy92M18w/NTk1NjkxLmpwZw.jpg'),
(780, 'Ranveer', 'SHAWQI', 'K8133182@kingston.ac.uk', '195036', 0, 2, 5, 1, 'https://images.generated.photos/0s29pYa3GoLpzDa_rSnFlOdjh7udUNfJ-OwZh7iO2DM/rs:fit:256:256/czM6Ly9pY29uczgu/Z3Bob3Rvcy1wcm9k/LnBob3Rvcy92M18w/NjMwNDM2LmpwZw.jpg'),
(781, 'Adam', 'SHCHERBAKOV', 'K3071656@kingston.ac.uk', '972788', 0, 2, 5, 1, 'https://images.generated.photos/WIwNwGAxeJRXK01PcPpxHFnsAsWmKwbFJO1X0d05ZhQ/rs:fit:256:256/czM6Ly9pY29uczgu/Z3Bob3Rvcy1wcm9k/LnBob3Rvcy92M18w/Njk5MDY5LmpwZw.jpg'),
(782, 'Aayza', 'SHEIKH', 'K4812166@kingston.ac.uk', '361642', 0, 2, 5, 1, 'https://images.generated.photos/U-uHoVyaAd_BfHN8EM5J-k6BpVSUmUHEptJ8tPRiATE/rs:fit:256:256/czM6Ly9pY29uczgu/Z3Bob3Rvcy1wcm9k/LnBob3Rvcy92M18w/ODIyNzM0LmpwZw.jpg'),
(783, 'Promi', 'SHEIKH', 'K8824388@kingston.ac.uk', '793106', 0, 2, 5, 1, 'https://images.generated.photos/aOd5DY9iU6pKv5dyxlIDZW6ceBtWgWwpsh5yKUFWcRE/rs:fit:256:256/czM6Ly9pY29uczgu/Z3Bob3Rvcy1wcm9k/LnBob3Rvcy92M18w/MTE3NTI4LmpwZw.jpg'),
(784, 'Matthew', 'SIMMONS', 'K8993623@kingston.ac.uk', '923836', 0, 2, 5, 1, 'https://images.generated.photos/RGXOPryYJo9FsyrfM9yYhxGJzzAKKKOUyFLqYnCiHvI/rs:fit:256:256/czM6Ly9pY29uczgu/Z3Bob3Rvcy1wcm9k/LnBob3Rvcy92M18w/MTU1MTI3LmpwZw.jpg'),
(785, 'Dirosan', 'SLIE', 'K8267019@kingston.ac.uk', '237280', 0, 2, 5, 1, 'https://images.generated.photos/H9oaVaeM2U36ksLO9v2Cc_FDfas6Q-wAdZe-9iRKpiY/rs:fit:256:256/czM6Ly9pY29uczgu/Z3Bob3Rvcy1wcm9k/LnBob3Rvcy92M18w/ODE3NTA2LmpwZw.jpg'),
(786, 'Christopher', 'SMITH', 'K9964256@kingston.ac.uk', '353401', 0, 2, 5, 1, 'https://images.generated.photos/UWCO77rRpU9u49ofA59M9jM4iar1xPv6tR9EhWAnnCY/rs:fit:256:256/czM6Ly9pY29uczgu/Z3Bob3Rvcy1wcm9k/LnBob3Rvcy92M18w/MTEzNDQ3LmpwZw.jpg'),
(787, 'Dominik', 'SONG', 'K3989970@kingston.ac.uk', '352463', 0, 2, 5, 1, 'https://images.generated.photos/Pz7esNN7mx3_BctawohRHPclGjm4zNxfAbd9n5m21Fc/rs:fit:256:256/czM6Ly9pY29uczgu/Z3Bob3Rvcy1wcm9k/LnBob3Rvcy92M18w/MDQwMDkzLmpwZw.jpg'),
(788, 'Jacob', 'STEAD', 'K4668147@kingston.ac.uk', '874308', 0, 2, 5, 1, 'https://images.generated.photos/hnWSsNBUCO54EsrQaocQblBrwyqUSkG2H28TcIR3_xo/rs:fit:256:256/czM6Ly9pY29uczgu/Z3Bob3Rvcy1wcm9k/LnBob3Rvcy92M18w/MTg2MTU1LmpwZw.jpg'),
(789, 'Igor', 'STONE', 'K2666950@kingston.ac.uk', '94763', 0, 2, 5, 1, 'https://images.generated.photos/9XB2eMDvWnZhhR4fqiBUE4uLZzOHKNSoDNhclJMY9Nc/rs:fit:256:256/czM6Ly9pY29uczgu/Z3Bob3Rvcy1wcm9k/LnBob3Rvcy92M18w/NzIwMzY2LmpwZw.jpg'),
(790, 'Hussam', 'SUNUWAR', 'K2360872@kingston.ac.uk', '508168', 0, 2, 5, 1, 'https://images.generated.photos/WIwNwGAxeJRXK01PcPpxHFnsAsWmKwbFJO1X0d05ZhQ/rs:fit:256:256/czM6Ly9pY29uczgu/Z3Bob3Rvcy1wcm9k/LnBob3Rvcy92M18w/Njk5MDY5LmpwZw.jpg'),
(791, 'Haseeb', 'TAJEDDIN', 'K8255963@kingston.ac.uk', '468947', 0, 2, 5, 1, 'https://images.generated.photos/Ysux_8E0--6S4cW7TLJ5OJPRuAgtdTIWjzW826oqqfU/rs:fit:256:256/czM6Ly9pY29uczgu/Z3Bob3Rvcy1wcm9k/LnBob3Rvcy92M18w/NzgzMTczLmpwZw.jpg'),
(792, 'Stefan', 'TATLA', 'K9432039@kingston.ac.uk', '527743', 0, 2, 5, 1, 'https://images.generated.photos/aq8CpUjuwVtT5YP5t9kRUvUliP0rZmuxMeKsToHswds/rs:fit:256:256/czM6Ly9pY29uczgu/Z3Bob3Rvcy1wcm9k/LnBob3Rvcy92M18w/MDc0MDU2LmpwZw.jpg'),
(793, 'Alfred', 'TAWIAH', 'K3349112@kingston.ac.uk', '854475', 0, 2, 5, 1, 'https://images.generated.photos/aq8CpUjuwVtT5YP5t9kRUvUliP0rZmuxMeKsToHswds/rs:fit:256:256/czM6Ly9pY29uczgu/Z3Bob3Rvcy1wcm9k/LnBob3Rvcy92M18w/MDc0MDU2LmpwZw.jpg'),
(794, 'Lexi', 'TAYLOR', 'K1194846@kingston.ac.uk', '748814', 0, 2, 5, 1, 'https://images.generated.photos/4_lJzTxZ6MW63UjPCWz0cqT0mzDOncGAuOctfQgOOrk/rs:fit:256:256/czM6Ly9pY29uczgu/Z3Bob3Rvcy1wcm9k/LnBob3Rvcy92M18w/MDU0NzY0LmpwZw.jpg'),
(795, 'Sajith', 'THARMESWARAN', 'K2763706@kingston.ac.uk', '344406', 0, 2, 5, 1, 'https://images.generated.photos/bxn2p0TM_PUFA1SaWQFWONvmVRiHBURfjREg3rhfJLc/rs:fit:256:256/czM6Ly9pY29uczgu/Z3Bob3Rvcy1wcm9k/LnBob3Rvcy92M18w/MjI4NjUxLmpwZw.jpg'),
(796, 'Romari', 'TODOROVA', 'K6804329@kingston.ac.uk', '796159', 0, 2, 5, 1, 'https://images.generated.photos/hnWSsNBUCO54EsrQaocQblBrwyqUSkG2H28TcIR3_xo/rs:fit:256:256/czM6Ly9pY29uczgu/Z3Bob3Rvcy1wcm9k/LnBob3Rvcy92M18w/MTg2MTU1LmpwZw.jpg'),
(797, 'Yusuf', 'TOORAY', 'K1172228@kingston.ac.uk', '329966', 0, 2, 5, 1, 'https://images.generated.photos/2gOrmyv2TLOKk4WhlFTDM8OaKNUyA_sN50IkKQoReCo/rs:fit:256:256/czM6Ly9pY29uczgu/Z3Bob3Rvcy1wcm9k/LnBob3Rvcy92M18w/Nzk2MjYyLmpwZw.jpg'),
(798, 'Orsolya', 'TORRES GARCIA', 'K2766610@kingston.ac.uk', '234997', 0, 2, 5, 1, 'https://images.generated.photos/85_caL3GbUvhqYRTfa5wFZm7CGvMOp-K-1C7uhEUCMo/rs:fit:256:256/czM6Ly9pY29uczgu/Z3Bob3Rvcy1wcm9k/LnBob3Rvcy92M18w/NTYxOTMxLmpwZw.jpg'),
(799, 'Antonia', 'TRICHAS', 'K5527297@kingston.ac.uk', '287277', 0, 2, 5, 1, 'https://images.generated.photos/YFMdrptA1Clt2VmRcLl3LyKtgPHX5xt_jj5Gfp_i57o/rs:fit:256:256/czM6Ly9pY29uczgu/Z3Bob3Rvcy1wcm9k/LnBob3Rvcy92M18w/MTYxNjQyLmpwZw.jpg'),
(800, 'Ivan', 'TUMBER', 'K3813258@kingston.ac.uk', '924292', 0, 2, 5, 1, 'https://images.generated.photos/jastgdLpj0K7NJaFWjyw5CkQaVTRWXWq_7GIEPMPpWg/rs:fit:256:256/czM6Ly9pY29uczgu/Z3Bob3Rvcy1wcm9k/LnBob3Rvcy92M18w/MDkxMTg4LmpwZw.jpg'),
(801, 'Ismail', 'UDDIN', 'K2479244@kingston.ac.uk', '606624', 0, 2, 5, 1, 'https://images.generated.photos/_xN4XzX0ZXFwgqtR5COnnz7R9JJG2gVeUW-goAoaR4A/rs:fit:256:256/czM6Ly9pY29uczgu/Z3Bob3Rvcy1wcm9k/LnBob3Rvcy92M18w/NDkxMjEwLmpwZw.jpg'),
(802, 'Amir', 'ULLAH', 'K8764651@kingston.ac.uk', '290932', 0, 2, 5, 1, 'https://images.generated.photos/SUqjtB9N8C3fEP0Ti_mCsGdP11lnz3B1PkTq2G_emyQ/rs:fit:256:256/czM6Ly9pY29uczgu/Z3Bob3Rvcy1wcm9k/LnBob3Rvcy92M18w/MTUzOTA4LmpwZw.jpg'),
(803, 'Sugirthini', 'UTHAYAKUMAR', 'K6280879@kingston.ac.uk', '761593', 0, 2, 5, 1, 'https://images.generated.photos/c-J-xg0KAmlJlr9RlxsmOU5qitdf-bK8H__l3dMdEl8/rs:fit:256:256/czM6Ly9pY29uczgu/Z3Bob3Rvcy1wcm9k/LnBob3Rvcy92M18w/NDY1NDE5LmpwZw.jpg'),
(804, 'Harry', 'VAN BREWER', 'K6234749@kingston.ac.uk', '489591', 0, 2, 5, 1, 'https://images.generated.photos/9ynBnpYXU3Q_MwSbJpiUKQ990qa7I6W_PtnNEVHMbkA/rs:fit:256:256/czM6Ly9pY29uczgu/Z3Bob3Rvcy1wcm9k/LnBob3Rvcy92M18w/NDEyMTE0LmpwZw.jpg'),
(805, 'Bhageshwari', 'VAVEENDRAN', 'K7924629@kingston.ac.uk', '319699', 0, 2, 5, 1, 'https://images.generated.photos/n19cUEk7V1svgjeCDYt91ghTaelk164Selox3Iwmja4/rs:fit:256:256/czM6Ly9pY29uczgu/Z3Bob3Rvcy1wcm9k/LnBob3Rvcy92M18w/MzExNTEwLmpwZw.jpg'),
(806, 'Daniel', 'VENGALOTTUE', 'K9930340@kingston.ac.uk', '502185', 0, 2, 5, 1, 'https://images.generated.photos/DQT0A5ca_jy8xfNEviD7gygHbsp7WeSOVlTw85T5RBg/rs:fit:256:256/czM6Ly9pY29uczgu/Z3Bob3Rvcy1wcm9k/LnBob3Rvcy92M18w/OTc2OTc4LmpwZw.jpg'),
(807, 'Jasvika', 'VINIDCHAIKUL', 'K6980824@kingston.ac.uk', '349857', 0, 2, 5, 1, 'https://images.generated.photos/oQehFh4R2sa_U2H0Nrn1xYCCLMKtHi6SJKM0lGdqOLM/rs:fit:256:256/czM6Ly9pY29uczgu/Z3Bob3Rvcy1wcm9k/LnBob3Rvcy92M18w/ODM3OTQwLmpwZw.jpg'),
(808, 'Maitry', 'WAHAB', 'K4031023@kingston.ac.uk', '531322', 0, 2, 5, 1, 'https://images.generated.photos/bfyqSPI4AIpT9jxgEan8W8QYkBmss4z6y_SY4j9k3hM/rs:fit:256:256/czM6Ly9pY29uczgu/Z3Bob3Rvcy1wcm9k/LnBob3Rvcy92M18w/ODU3Mzc2LmpwZw.jpg'),
(809, 'Samuel', 'WARSAMA', 'K3832436@kingston.ac.uk', '430993', 0, 2, 5, 1, 'https://images.generated.photos/E4n5tzG78a0WYzHIF_PF9tb1i3WW5VGRa8WveIdmuEc/rs:fit:256:256/czM6Ly9pY29uczgu/Z3Bob3Rvcy1wcm9k/LnBob3Rvcy92M18w/OTgxNzcyLmpwZw.jpg'),
(810, 'Jack', 'WILLETT', 'K5484777@kingston.ac.uk', '682229', 0, 2, 5, 1, 'https://images.generated.photos/_gCiWNrIHdM2-DhH7CwL5lN8gi7O-_s7lLcgJTDJ2ak/rs:fit:256:256/czM6Ly9pY29uczgu/Z3Bob3Rvcy1wcm9k/LnBob3Rvcy92M18w/NDg4MjQ5LmpwZw.jpg'),
(811, 'Duane', 'WINN', 'K2978543@kingston.ac.uk', '471072', 0, 2, 5, 1, 'https://images.generated.photos/LT2ltWbY0qzloYhACMj0ch8VgtXRk8WVCngBtZmJ8No/rs:fit:256:256/czM6Ly9pY29uczgu/Z3Bob3Rvcy1wcm9k/LnBob3Rvcy92M18w/Njc0NTE0LmpwZw.jpg'),
(812, 'Zongze', 'XU', 'K8562864@kingston.ac.uk', '932869', 0, 2, 5, 1, 'https://images.generated.photos/RQvKUtLsJ9kGOqxov3p-v5ZwKyFD_ydFHR3piyKH018/rs:fit:256:256/czM6Ly9pY29uczgu/Z3Bob3Rvcy1wcm9k/LnBob3Rvcy92M18w/MjgxMzAxLmpwZw.jpg'),
(813, 'James', 'YAAKOUBI', 'K9738191@kingston.ac.uk', '686077', 0, 2, 5, 1, 'https://images.generated.photos/b6qA2UrsUemQPIdmPNZHKnqLeyZsCv0Xhfkqu_A4zsQ/rs:fit:256:256/czM6Ly9pY29uczgu/Z3Bob3Rvcy1wcm9k/LnBob3Rvcy92M18w/NTM1Mzk4LmpwZw.jpg'),
(814, 'Hibaaq', 'YAZD', 'K8215456@kingston.ac.uk', '209861', 0, 2, 5, 1, 'https://images.generated.photos/aq8CpUjuwVtT5YP5t9kRUvUliP0rZmuxMeKsToHswds/rs:fit:256:256/czM6Ly9pY29uczgu/Z3Bob3Rvcy1wcm9k/LnBob3Rvcy92M18w/MDc0MDU2LmpwZw.jpg'),
(815, 'Samed', 'YUSSUF', 'K4713771@kingston.ac.uk', '250256', 0, 2, 5, 1, 'https://images.generated.photos/yuaPACLo7bqsuCVowqowDgG9fzcHHXE7UaqanVyZvbM/rs:fit:256:256/czM6Ly9pY29uczgu/Z3Bob3Rvcy1wcm9k/LnBob3Rvcy92M18w/MjI2NzMzLmpwZw.jpg'),
(816, 'Raed', 'ZAREI', 'K8318778@kingston.ac.uk', '525778', 0, 2, 5, 1, 'https://images.generated.photos/PHus5nEJieYqP9Jxv8fve6RsoL6jGAlU7qH0W9eGfAM/rs:fit:256:256/czM6Ly9pY29uczgu/Z3Bob3Rvcy1wcm9k/LnBob3Rvcy92M18w/NTAzOTMwLmpwZw.jpg'),
(817, 'Gabriel', 'ZAWISZA', 'K9332501@kingston.ac.uk', '255425', 0, 2, 5, 1, 'https://images.generated.photos/YE7ZCeUdGc7fqtU41kt7xcIMSPI2IftIf8SLNBCszXA/rs:fit:256:256/czM6Ly9pY29uczgu/Z3Bob3Rvcy1wcm9k/LnBob3Rvcy92M18w/MTA2OTI1LmpwZw.jpg'),
(818, 'Al', 'ZEYTUN', 'K5396322@kingston.ac.uk', '362514', 0, 2, 5, 1, 'https://images.generated.photos/d1wnXjJpW2P3ujs46eU4k-K5gYy6IblHoedjfW2R2sU/rs:fit:256:256/czM6Ly9pY29uczgu/Z3Bob3Rvcy1wcm9k/LnBob3Rvcy92M18w/MDg2NjAzLmpwZw.jpg'),
(819, 'Nikolas', 'ZOLA', 'K7569350@kingston.ac.uk', '638004', 0, 2, 5, 1, 'https://images.generated.photos/nJdJbQikKIIcURjhGmcLRoMMzwnEwq48EbYtiW7Z7R4/rs:fit:256:256/czM6Ly9pY29uczgu/Z3Bob3Rvcy1wcm9k/LnBob3Rvcy92M18w/NDIzNjc4LmpwZw.jpg'),
(820, 'Graeme', 'Jones', 'Ku06696@kingston.ac.uk', 'gyjj567GJ^', 1, 1, 0, NULL, 'https://images.generated.photos/Zx-gNUWFq9NPQDPRLEJQQPWx19QhpKGSAnzIPFUDz3k/rs:fit:512:512/wm:0.95:sowe:18:18:0.33/czM6Ly9pY29uczgu/Z3Bob3Rvcy1wcm9k/LnBob3Rvcy92Ml8w/MDM4MjcxLmpwZw.jpg'),
(824, 'Paul', 'Knave', 'K1234567@kingston.ac.uk', '', 1, 1, 0, NULL, 'https://images.generated.photos/IitdqDaBBrr4auYZFuuC_dplp3OtwU2cCuN4q35rN8M/rs:fit:256:256/czM6Ly9pY29uczgu/Z3Bob3Rvcy1wcm9k/LnBob3Rvcy92Ml8w/NDcyMTg5LmpwZw.jpg');

-- --------------------------------------------------------

--
-- Table structure for table `Usertypes`
--

CREATE TABLE `Usertypes` (
  `UsertypeID` int(11) NOT NULL,
  `UsertypeName` varchar(128) NOT NULL
) ENGINE=InnoDB DEFAULT CHARSET=utf8 COLLATE=utf8_unicode_ci;

--
-- Dumping data for table `Usertypes`
--

INSERT INTO `Usertypes` (`UsertypeID`, `UsertypeName`) VALUES
(1, 'Staff'),
(2, 'Student');

-- --------------------------------------------------------

--
-- Table structure for table `Workshops`
--

CREATE TABLE `Workshops` (
  `WorkshopID` int(11) NOT NULL,
  `WorkshopName` varchar(16) NOT NULL,
  `WorkshopDescription` varchar(512) NOT NULL,
  `WorkshopModuleID` int(11) NOT NULL
) ENGINE=InnoDB DEFAULT CHARSET=utf8mb4 COLLATE=utf8mb4_general_ci;

--
-- Dumping data for table `Workshops`
--

INSERT INTO `Workshops` (`WorkshopID`, `WorkshopName`, `WorkshopDescription`, `WorkshopModuleID`) VALUES
(1, 'Group A', '', 4),
(2, 'Group B', '', 4),
(3, 'Group C', '', 4),
(4, 'Group D', '', 4);

-- --------------------------------------------------------

--
-- Table structure for table `Years`
--

CREATE TABLE `Years` (
  `YearID` int(11) NOT NULL,
  `YearName` varchar(32) NOT NULL
) ENGINE=InnoDB DEFAULT CHARSET=utf8 COLLATE=utf8_unicode_ci;

--
-- Dumping data for table `Years`
--

INSERT INTO `Years` (`YearID`, `YearName`) VALUES
(1, '2022-23'),
(2, '2023-24'),
(3, '2024-25'),
(4, '2025-26'),
(8, '2026-27');

--
-- Indexes for dumped tables
--

--
-- Indexes for table `Affinities`
--
ALTER TABLE `Affinities`
  ADD PRIMARY KEY (`AffinityID`);

--
-- Indexes for table `Assessments`
--
ALTER TABLE `Assessments`
  ADD PRIMARY KEY (`AssessmentID`),
  ADD KEY `Assessments_Assessmenttypes_FK` (`AssessmentAssessmenttypeID`),
  ADD KEY `Assessments_Modules_FK` (`AssessmentModuleID`);

--
-- Indexes for table `Assessmenttypes`
--
ALTER TABLE `Assessmenttypes`
  ADD PRIMARY KEY (`AssessmenttypeID`);

--
-- Indexes for table `Attendance`
--
ALTER TABLE `Attendance`
  ADD PRIMARY KEY (`AttendanceID`);

--
-- Indexes for table `Completion`
--
ALTER TABLE `Completion`
  ADD PRIMARY KEY (`CompletionID`);

--
-- Indexes for table `Confirmations`
--
ALTER TABLE `Confirmations`
  ADD PRIMARY KEY (`ConfirmationID`);

--
-- Indexes for table `Contributions`
--
ALTER TABLE `Contributions`
  ADD PRIMARY KEY (`ContributionID`);

--
-- Indexes for table `Experience`
--
ALTER TABLE `Experience`
  ADD PRIMARY KEY (`ExperienceID`);

--
-- Indexes for table `Favourites`
--
ALTER TABLE `Favourites`
  ADD PRIMARY KEY (`FavouriteID`),
  ADD UNIQUE KEY `UC_LikerID_LikedID_Category` (`FavouriteLikerID`,`FavouriteLikedID`,`FavouriteCategory`) USING BTREE;

--
-- Indexes for table `Formats`
--
ALTER TABLE `Formats`
  ADD PRIMARY KEY (`FormatID`);

--
-- Indexes for table `Groupmembers`
--
ALTER TABLE `Groupmembers`
  ADD PRIMARY KEY (`GroupmemberID`),
  ADD UNIQUE KEY `UC_UserID_GroupID` (`GroupmemberUserID`,`GroupmemberGroupID`) USING BTREE,
  ADD KEY `GroupmemberUserFK` (`GroupmemberUserID`),
  ADD KEY `GroupmemberGroupFK` (`GroupmemberGroupID`);

--
-- Indexes for table `Groups`
--
ALTER TABLE `Groups`
  ADD PRIMARY KEY (`GroupID`);

--
-- Indexes for table `Jobtitles`
--
ALTER TABLE `Jobtitles`
  ADD PRIMARY KEY (`JobtitleID`);

--
-- Indexes for table `Likes`
--
ALTER TABLE `Likes`
  ADD PRIMARY KEY (`LikeID`),
  ADD UNIQUE KEY `UC_LikerID_Likee` (`LikerID`,`LikeeID`) USING BTREE,
  ADD KEY `Like(r) FK to Users` (`LikerID`),
  ADD KEY `Like(e) FK to Users` (`LikeeID`),
  ADD KEY `Like FK to Affinities` (`LikeAffinityID`);

--
-- Indexes for table `Logs`
--
ALTER TABLE `Logs`
  ADD PRIMARY KEY (`LogID`);

--
-- Indexes for table `Modulemembers`
--
ALTER TABLE `Modulemembers`
  ADD PRIMARY KEY (`ModulememberID`),
  ADD UNIQUE KEY `UC_UserID_ModuleID` (`ModulememberUserID`,`ModulememberModuleID`) USING BTREE,
  ADD KEY `Member Member FK` (`ModulememberModuleID`),
  ADD KEY `Member User FK` (`ModulememberUserID`),
  ADD KEY `Modulemembers_Workshops_FK` (`ModulememberWorkshopID`);

--
-- Indexes for table `Modules`
--
ALTER TABLE `Modules`
  ADD PRIMARY KEY (`ModuleID`),
  ADD KEY `ModuleLeader FK` (`ModuleLeaderID`),
  ADD KEY `Modules_Years_FK` (`ModuleYearID`);

--
-- Indexes for table `Projects`
--
ALTER TABLE `Projects`
  ADD PRIMARY KEY (`ProjectID`),
  ADD KEY `Projects FK to Modules` (`ProjectModuleID`),
  ADD KEY `Projects FK to Projectstatus` (`ProjectProjectstatusID`);

--
-- Indexes for table `Projectstatus`
--
ALTER TABLE `Projectstatus`
  ADD PRIMARY KEY (`ProjectstatusID`);

--
-- Indexes for table `Proposals`
--
ALTER TABLE `Proposals`
  ADD PRIMARY KEY (`ProposalID`),
  ADD KEY `Proposals (ProposerID)_Users_FK` (`ProposerID`),
  ADD KEY `Proposals (ProposeeID)_Users_FK` (`ProposeeID`),
  ADD KEY `Proposals_Assessments_FK` (`ProposalAssessmentID`),
  ADD KEY `Proposals_Confirmations_FK` (`ProposalConfirmationID`);

--
-- Indexes for table `Technologies`
--
ALTER TABLE `Technologies`
  ADD PRIMARY KEY (`TechnologyID`);

--
-- Indexes for table `Users`
--
ALTER TABLE `Users`
  ADD PRIMARY KEY (`UserID`),
  ADD KEY `AcademicYearFK` (`UserYearID`),
  ADD KEY `UsertypeFK` (`UserUsertypeID`);

--
-- Indexes for table `Usertypes`
--
ALTER TABLE `Usertypes`
  ADD PRIMARY KEY (`UsertypeID`);

--
-- Indexes for table `Workshops`
--
ALTER TABLE `Workshops`
  ADD PRIMARY KEY (`WorkshopID`);

--
-- Indexes for table `Years`
--
ALTER TABLE `Years`
  ADD PRIMARY KEY (`YearID`);

--
-- AUTO_INCREMENT for dumped tables
--

--
-- AUTO_INCREMENT for table `Affinities`
--
ALTER TABLE `Affinities`
  MODIFY `AffinityID` int(11) NOT NULL AUTO_INCREMENT, AUTO_INCREMENT=5;

--
-- AUTO_INCREMENT for table `Assessments`
--
ALTER TABLE `Assessments`
  MODIFY `AssessmentID` int(11) NOT NULL AUTO_INCREMENT, AUTO_INCREMENT=28;

--
-- AUTO_INCREMENT for table `Assessmenttypes`
--
ALTER TABLE `Assessmenttypes`
  MODIFY `AssessmenttypeID` int(11) NOT NULL AUTO_INCREMENT, AUTO_INCREMENT=9;

--
-- AUTO_INCREMENT for table `Attendance`
--
ALTER TABLE `Attendance`
  MODIFY `AttendanceID` int(11) NOT NULL AUTO_INCREMENT, AUTO_INCREMENT=6;

--
-- AUTO_INCREMENT for table `Completion`
--
ALTER TABLE `Completion`
  MODIFY `CompletionID` int(11) NOT NULL AUTO_INCREMENT, AUTO_INCREMENT=5;

--
-- AUTO_INCREMENT for table `Confirmations`
--
ALTER TABLE `Confirmations`
  MODIFY `ConfirmationID` int(11) NOT NULL AUTO_INCREMENT, AUTO_INCREMENT=3;

--
-- AUTO_INCREMENT for table `Contributions`
--
ALTER TABLE `Contributions`
  MODIFY `ContributionID` int(11) NOT NULL AUTO_INCREMENT, AUTO_INCREMENT=1351;

--
-- AUTO_INCREMENT for table `Experience`
--
ALTER TABLE `Experience`
  MODIFY `ExperienceID` int(11) NOT NULL AUTO_INCREMENT, AUTO_INCREMENT=4;

--
-- AUTO_INCREMENT for table `Favourites`
--
ALTER TABLE `Favourites`
  MODIFY `FavouriteID` int(11) NOT NULL AUTO_INCREMENT, AUTO_INCREMENT=5;

--
-- AUTO_INCREMENT for table `Formats`
--
ALTER TABLE `Formats`
  MODIFY `FormatID` int(11) NOT NULL AUTO_INCREMENT, AUTO_INCREMENT=3;

--
-- AUTO_INCREMENT for table `Groupmembers`
--
ALTER TABLE `Groupmembers`
  MODIFY `GroupmemberID` int(11) NOT NULL AUTO_INCREMENT, AUTO_INCREMENT=804;

--
-- AUTO_INCREMENT for table `Groups`
--
ALTER TABLE `Groups`
  MODIFY `GroupID` int(11) NOT NULL AUTO_INCREMENT, AUTO_INCREMENT=118;

--
-- AUTO_INCREMENT for table `Jobtitles`
--
ALTER TABLE `Jobtitles`
  MODIFY `JobtitleID` int(11) NOT NULL AUTO_INCREMENT, AUTO_INCREMENT=5;

--
-- AUTO_INCREMENT for table `Likes`
--
ALTER TABLE `Likes`
  MODIFY `LikeID` int(11) NOT NULL AUTO_INCREMENT, AUTO_INCREMENT=2119;

--
-- AUTO_INCREMENT for table `Logs`
--
ALTER TABLE `Logs`
  MODIFY `LogID` int(11) NOT NULL AUTO_INCREMENT, AUTO_INCREMENT=273;

--
-- AUTO_INCREMENT for table `Modulemembers`
--
ALTER TABLE `Modulemembers`
  MODIFY `ModulememberID` int(11) NOT NULL AUTO_INCREMENT, AUTO_INCREMENT=2201;

--
-- AUTO_INCREMENT for table `Modules`
--
ALTER TABLE `Modules`
  MODIFY `ModuleID` int(11) NOT NULL AUTO_INCREMENT, AUTO_INCREMENT=204;

--
-- AUTO_INCREMENT for table `Projects`
--
ALTER TABLE `Projects`
  MODIFY `ProjectID` int(11) NOT NULL AUTO_INCREMENT, AUTO_INCREMENT=8;

--
-- AUTO_INCREMENT for table `Projectstatus`
--
ALTER TABLE `Projectstatus`
  MODIFY `ProjectstatusID` int(11) NOT NULL AUTO_INCREMENT, AUTO_INCREMENT=9;

--
-- AUTO_INCREMENT for table `Proposals`
--
ALTER TABLE `Proposals`
  MODIFY `ProposalID` int(11) NOT NULL AUTO_INCREMENT, AUTO_INCREMENT=165;

--
-- AUTO_INCREMENT for table `Technologies`
--
ALTER TABLE `Technologies`
  MODIFY `TechnologyID` int(11) NOT NULL AUTO_INCREMENT, AUTO_INCREMENT=22;

--
-- AUTO_INCREMENT for table `Users`
--
ALTER TABLE `Users`
  MODIFY `UserID` int(11) NOT NULL AUTO_INCREMENT, AUTO_INCREMENT=833;

--
-- AUTO_INCREMENT for table `Usertypes`
--
ALTER TABLE `Usertypes`
  MODIFY `UsertypeID` int(11) NOT NULL AUTO_INCREMENT, AUTO_INCREMENT=10;

--
-- AUTO_INCREMENT for table `Workshops`
--
ALTER TABLE `Workshops`
  MODIFY `WorkshopID` int(11) NOT NULL AUTO_INCREMENT, AUTO_INCREMENT=5;

--
-- AUTO_INCREMENT for table `Years`
--
ALTER TABLE `Years`
  MODIFY `YearID` int(11) NOT NULL AUTO_INCREMENT, AUTO_INCREMENT=11;

--
-- Constraints for dumped tables
--

--
-- Constraints for table `Assessments`
--
ALTER TABLE `Assessments`
  ADD CONSTRAINT `Assessments_Assessmenttypes_FK` FOREIGN KEY (`AssessmentAssessmenttypeID`) REFERENCES `Assessmenttypes` (`AssessmenttypeID`),
  ADD CONSTRAINT `Assessments_Modules_FK` FOREIGN KEY (`AssessmentModuleID`) REFERENCES `Modules` (`ModuleID`);

--
-- Constraints for table `Favourites`
--
ALTER TABLE `Favourites`
  ADD CONSTRAINT `FK_FavouriteLikerID_to_UserID` FOREIGN KEY (`FavouriteLikerID`) REFERENCES `unibase`.`Users` (`UserID`);

--
-- Constraints for table `Groupmembers`
--
ALTER TABLE `Groupmembers`
  ADD CONSTRAINT `GroupmemberGroupFK` FOREIGN KEY (`GroupmemberGroupID`) REFERENCES `unibase`.`Groups` (`GroupID`),
  ADD CONSTRAINT `GroupmemberUserFK` FOREIGN KEY (`GroupmemberUserID`) REFERENCES `unibase`.`Users` (`UserID`);

--
-- Constraints for table `Likes`
--
ALTER TABLE `Likes`
  ADD CONSTRAINT `Like FK to Affinities` FOREIGN KEY (`LikeAffinityID`) REFERENCES `unibase`.`Affinities` (`AffinityID`),
  ADD CONSTRAINT `Like(e) FK to Users` FOREIGN KEY (`LikeeID`) REFERENCES `unibase`.`Users` (`UserID`),
  ADD CONSTRAINT `Like(r) FK to Users` FOREIGN KEY (`LikerID`) REFERENCES `unibase`.`Users` (`UserID`);

--
-- Constraints for table `Modulemembers`
--
ALTER TABLE `Modulemembers`
  ADD CONSTRAINT `Modulemembers_Modules_FK` FOREIGN KEY (`ModulememberModuleID`) REFERENCES `Modules` (`ModuleID`),
  ADD CONSTRAINT `Modulemembers_Users_FK` FOREIGN KEY (`ModulememberUserID`) REFERENCES `Users` (`UserID`),
  ADD CONSTRAINT `Modulemembers_Workshops_FK` FOREIGN KEY (`ModulememberWorkshopID`) REFERENCES `Workshops` (`WorkshopID`);

--
-- Constraints for table `Modules`
--
ALTER TABLE `Modules`
  ADD CONSTRAINT `Modules_Years_FK` FOREIGN KEY (`ModuleYearID`) REFERENCES `Years` (`YearID`);

--
-- Constraints for table `Projects`
--
ALTER TABLE `Projects`
  ADD CONSTRAINT `ProjectProjectstatus FK` FOREIGN KEY (`ProjectProjectstatusID`) REFERENCES `unibase`.`Projectstatus` (`ProjectstatusID`);

--
-- Constraints for table `Proposals`
--
ALTER TABLE `Proposals`
  ADD CONSTRAINT `Proposals (ProposeeID)_Users_FK` FOREIGN KEY (`ProposeeID`) REFERENCES `Users` (`UserID`),
  ADD CONSTRAINT `Proposals (ProposerID)_Users_FK` FOREIGN KEY (`ProposerID`) REFERENCES `Users` (`UserID`),
  ADD CONSTRAINT `Proposals_Assessments_FK` FOREIGN KEY (`ProposalAssessmentID`) REFERENCES `Assessments` (`AssessmentID`),
  ADD CONSTRAINT `Proposals_Confirmations_FK` FOREIGN KEY (`ProposalConfirmationID`) REFERENCES `Confirmations` (`ConfirmationID`);

--
-- Constraints for table `Users`
--
ALTER TABLE `Users`
  ADD CONSTRAINT `Users_Usertypes_FK` FOREIGN KEY (`UserUsertypeID`) REFERENCES `Usertypes` (`UsertypeID`),
  ADD CONSTRAINT `Users_Years_FK` FOREIGN KEY (`UserYearID`) REFERENCES `Years` (`YearID`);
COMMIT;

/*!40101 SET CHARACTER_SET_CLIENT=@OLD_CHARACTER_SET_CLIENT */;
/*!40101 SET CHARACTER_SET_RESULTS=@OLD_CHARACTER_SET_RESULTS */;
/*!40101 SET COLLATION_CONNECTION=@OLD_COLLATION_CONNECTION */;
