-- phpMyAdmin SQL Dump
-- version 5.2.1
-- https://www.phpmyadmin.net/
--
-- Host: 141.94.205.33
-- Generation Time: Jul 19, 2025 at 08:20 PM
-- Server version: 10.11.2-MariaDB-1
-- PHP Version: 8.2.4

SET SQL_MODE = "NO_AUTO_VALUE_ON_ZERO";
START TRANSACTION;
SET time_zone = "+00:00";


/*!40101 SET @OLD_CHARACTER_SET_CLIENT=@@CHARACTER_SET_CLIENT */;
/*!40101 SET @OLD_CHARACTER_SET_RESULTS=@@CHARACTER_SET_RESULTS */;
/*!40101 SET @OLD_COLLATION_CONNECTION=@@COLLATION_CONNECTION */;
/*!40101 SET NAMES utf8mb4 */;

--
-- Database: `nimbldb`
--

-- --------------------------------------------------------

--
-- Table structure for table `Categories`
--

CREATE TABLE `Categories` (
  `CategoryID` int(11) NOT NULL,
  `CategoryName` varchar(64) NOT NULL
) ENGINE=InnoDB DEFAULT CHARSET=utf8mb4 COLLATE=utf8mb4_general_ci;

--
-- Dumping data for table `Categories`
--

INSERT INTO `Categories` (`CategoryID`, `CategoryName`) VALUES
(1, 'Background'),
(2, 'Gem Pack');

-- --------------------------------------------------------

--
-- Table structure for table `Events`
--

CREATE TABLE `Events` (
  `EventID` int(11) NOT NULL,
  `EventName` varchar(64) NOT NULL,
  `EventDescription` varchar(256) NOT NULL,
  `EventStart` datetime NOT NULL,
  `EventDuration` int(11) NOT NULL,
  `EventPetID` int(11) NOT NULL
) ENGINE=InnoDB DEFAULT CHARSET=utf8mb4 COLLATE=utf8mb4_general_ci;

--
-- Dumping data for table `Events`
--

INSERT INTO `Events` (`EventID`, `EventName`, `EventDescription`, `EventStart`, `EventDuration`, `EventPetID`) VALUES
(1, 'Vet Appointment', 'Schedule a health check with the veterinarian.', '2025-07-21 03:11:00', 30, 145),
(2, 'Play Date', 'Arrange a supervised meeting with another friendly pet.', '2025-06-15 14:43:00', 120, 141),
(3, 'Grooming', 'Clean, brush, and trim your pet to keep them looking their best.', '2025-07-08 05:50:00', 60, 96),
(4, 'Grooming', 'Clean, brush, and trim your pet to keep them looking their best.', '2025-07-11 05:25:00', 15, 27),
(5, 'Vet Appointment', 'Schedule a health check with the veterinarian.', '2025-06-21 23:32:00', 60, 147),
(6, 'Vet Appointment', 'Schedule a health check with the veterinarian.', '2025-06-19 17:33:00', 120, 97),
(7, 'Vet Appointment', 'Schedule a health check with the veterinarian.', '2025-06-25 17:30:00', 120, 89),
(8, 'Play Date', 'Arrange a supervised meeting with another friendly pet.', '2025-07-22 20:40:00', 60, 123),
(9, 'Grooming', 'Clean, brush, and trim your pet to keep them looking their best.', '2025-06-28 05:58:00', 15, 68),
(10, 'Play Date', 'Arrange a supervised meeting with another friendly pet.', '2025-07-15 06:16:00', 30, 149),
(11, 'Vet Appointment', 'Schedule a health check with the veterinarian.', '2025-06-17 12:04:00', 15, 42),
(12, 'Grooming', 'Clean, brush, and trim your pet to keep them looking their best.', '2025-08-01 21:48:00', 15, 35),
(13, 'Vet Appointment', 'Schedule a health check with the veterinarian.', '2025-07-06 05:10:00', 15, 147),
(14, 'Vet Appointment', 'Schedule a health check with the veterinarian.', '2025-07-04 23:16:00', 120, 129),
(15, 'Vet Appointment', 'Schedule a health check with the veterinarian.', '2025-07-17 07:07:00', 120, 47),
(16, 'Vet Appointment', 'Schedule a health check with the veterinarian.', '2025-08-03 03:01:00', 60, 27),
(17, 'Vet Appointment', 'Schedule a health check with the veterinarian.', '2025-07-29 09:44:00', 120, 50),
(18, 'Grooming', 'Clean, brush, and trim your pet to keep them looking their best.', '2025-07-29 06:23:00', 30, 11),
(19, 'Play Date', 'Arrange a supervised meeting with another friendly pet.', '2025-06-16 13:22:00', 30, 4),
(20, 'Vet Appointment', 'Schedule a health check with the veterinarian.', '2025-06-30 23:20:00', 30, 4),
(21, 'Grooming', 'Clean, brush, and trim your pet to keep them looking their best.', '2025-08-07 10:35:00', 30, 41),
(22, 'Grooming', 'Clean, brush, and trim your pet to keep them looking their best.', '2025-07-16 04:10:00', 60, 35),
(23, 'Grooming', 'Clean, brush, and trim your pet to keep them looking their best.', '2025-06-27 01:11:00', 30, 38),
(24, 'Play Date', 'Arrange a supervised meeting with another friendly pet.', '2025-06-29 06:37:00', 30, 32),
(25, 'Grooming', 'Clean, brush, and trim your pet to keep them looking their best.', '2025-07-09 04:28:00', 120, 95),
(26, 'Grooming', 'Clean, brush, and trim your pet to keep them looking their best.', '2025-08-01 23:03:00', 15, 14),
(27, 'Grooming', 'Clean, brush, and trim your pet to keep them looking their best.', '2025-07-15 16:15:00', 60, 133),
(28, 'Grooming', 'Clean, brush, and trim your pet to keep them looking their best.', '2025-08-02 01:56:00', 60, 134),
(29, 'Play Date', 'Arrange a supervised meeting with another friendly pet.', '2025-07-15 07:16:00', 120, 109),
(30, 'Grooming', 'Clean, brush, and trim your pet to keep them looking their best.', '2025-07-30 11:00:00', 30, 76),
(31, 'Vet Appointment', 'Schedule a health check with the veterinarian.', '2025-07-17 03:50:00', 120, 116),
(32, 'Vet Appointment', 'Schedule a health check with the veterinarian.', '2025-06-28 22:46:00', 15, 35),
(33, 'Grooming', 'Clean, brush, and trim your pet to keep them looking their best.', '2025-07-08 22:16:00', 30, 127),
(34, 'Play Date', 'Arrange a supervised meeting with another friendly pet.', '2025-08-04 17:09:00', 120, 83),
(35, 'Vet Appointment', 'Schedule a health check with the veterinarian.', '2025-07-12 19:12:00', 15, 149),
(36, 'Grooming', 'Clean, brush, and trim your pet to keep them looking their best.', '2025-06-29 03:10:00', 15, 43),
(37, 'Vet Appointment', 'Schedule a health check with the veterinarian.', '2025-08-03 17:20:00', 30, 106),
(38, 'Play Date', 'Arrange a supervised meeting with another friendly pet.', '2025-07-02 22:08:00', 15, 91),
(39, 'Vet Appointment', 'Schedule a health check with the veterinarian.', '2025-06-16 11:30:00', 60, 37),
(40, 'Grooming', 'Clean, brush, and trim your pet to keep them looking their best.', '2025-07-04 21:16:00', 60, 9),
(41, 'Play Date', 'Arrange a supervised meeting with another friendly pet.', '2025-07-10 08:38:00', 60, 31),
(42, 'Play Date', 'Arrange a supervised meeting with another friendly pet.', '2025-08-11 14:04:00', 60, 91),
(43, 'Play Date', 'Arrange a supervised meeting with another friendly pet.', '2025-08-04 12:40:00', 120, 1),
(44, 'Vet Appointment', 'Schedule a health check with the veterinarian.', '2025-07-01 08:11:00', 15, 83),
(45, 'Grooming', 'Clean, brush, and trim your pet to keep them looking their best.', '2025-07-07 22:54:00', 60, 139),
(46, 'Play Date', 'Arrange a supervised meeting with another friendly pet.', '2025-06-28 01:57:00', 30, 132),
(47, 'Grooming', 'Clean, brush, and trim your pet to keep them looking their best.', '2025-07-18 13:26:00', 120, 121),
(48, 'Vet Appointment', 'Schedule a health check with the veterinarian.', '2025-06-28 17:03:00', 60, 94),
(49, 'Grooming', 'Clean, brush, and trim your pet to keep them looking their best.', '2025-06-26 14:26:00', 120, 21),
(50, 'Grooming', 'Clean, brush, and trim your pet to keep them looking their best.', '2025-07-24 12:05:00', 120, 46),
(51, 'Play Date', 'Arrange a supervised meeting with another friendly pet.', '2025-06-17 21:05:00', 30, 30),
(52, 'Grooming', 'Clean, brush, and trim your pet to keep them looking their best.', '2025-06-19 09:33:00', 15, 23),
(53, 'Grooming', 'Clean, brush, and trim your pet to keep them looking their best.', '2025-07-30 02:24:00', 30, 19),
(54, 'Vet Appointment', 'Schedule a health check with the veterinarian.', '2025-07-18 17:04:00', 120, 29),
(55, 'Vet Appointment', 'Schedule a health check with the veterinarian.', '2025-08-07 16:52:00', 120, 72),
(56, 'Vet Appointment', 'Schedule a health check with the veterinarian.', '2025-06-26 09:16:00', 15, 147),
(57, 'Vet Appointment', 'Schedule a health check with the veterinarian.', '2025-06-23 16:22:00', 60, 65),
(58, 'Vet Appointment', 'Schedule a health check with the veterinarian.', '2025-07-22 07:37:00', 60, 132),
(59, 'Grooming', 'Clean, brush, and trim your pet to keep them looking their best.', '2025-08-06 22:06:00', 120, 63),
(60, 'Vet Appointment', 'Schedule a health check with the veterinarian.', '2025-07-29 22:03:00', 60, 117),
(61, 'Vet Appointment', 'Schedule a health check with the veterinarian.', '2025-08-01 15:56:00', 120, 96),
(62, 'Vet Appointment', 'Schedule a health check with the veterinarian.', '2025-07-11 13:27:00', 15, 22),
(63, 'Play Date', 'Arrange a supervised meeting with another friendly pet.', '2025-06-16 03:30:00', 30, 129),
(64, 'Play Date', 'Arrange a supervised meeting with another friendly pet.', '2025-06-22 11:50:00', 60, 46),
(65, 'Play Date', 'Arrange a supervised meeting with another friendly pet.', '2025-07-30 01:23:00', 120, 22),
(66, 'Vet Appointment', 'Schedule a health check with the veterinarian.', '2025-07-15 00:31:00', 15, 82),
(67, 'Play Date', 'Arrange a supervised meeting with another friendly pet.', '2025-07-24 06:14:00', 120, 44),
(68, 'Vet Appointment', 'Schedule a health check with the veterinarian.', '2025-07-15 12:20:00', 15, 134),
(69, 'Vet Appointment', 'Schedule a health check with the veterinarian.', '2025-06-26 11:26:00', 120, 68),
(70, 'Grooming', 'Clean, brush, and trim your pet to keep them looking their best.', '2025-07-09 03:20:00', 15, 71),
(71, 'Grooming', 'Clean, brush, and trim your pet to keep them looking their best.', '2025-06-14 09:28:00', 60, 33),
(72, 'Grooming', 'Clean, brush, and trim your pet to keep them looking their best.', '2025-07-12 21:48:00', 30, 13),
(73, 'Play Date', 'Arrange a supervised meeting with another friendly pet.', '2025-06-25 15:33:00', 15, 13),
(74, 'Vet Appointment', 'Schedule a health check with the veterinarian.', '2025-06-26 18:37:00', 15, 124),
(75, 'Vet Appointment', 'Schedule a health check with the veterinarian.', '2025-08-03 08:40:00', 30, 51),
(76, 'Grooming', 'Clean, brush, and trim your pet to keep them looking their best.', '2025-08-05 23:23:00', 60, 115),
(77, 'Vet Appointment', 'Schedule a health check with the veterinarian.', '2025-07-19 19:38:00', 120, 140),
(78, 'Grooming', 'Clean, brush, and trim your pet to keep them looking their best.', '2025-07-03 02:46:00', 15, 104),
(79, 'Vet Appointment', 'Schedule a health check with the veterinarian.', '2025-07-11 23:34:00', 15, 100),
(80, 'Play Date', 'Arrange a supervised meeting with another friendly pet.', '2025-07-21 17:45:00', 30, 54),
(81, 'Vet Appointment', 'Schedule a health check with the veterinarian.', '2025-07-30 11:15:00', 60, 44),
(82, 'Play Date', 'Arrange a supervised meeting with another friendly pet.', '2025-08-10 17:17:00', 30, 131),
(83, 'Vet Appointment', 'Schedule a health check with the veterinarian.', '2025-06-15 01:32:00', 15, 43),
(84, 'Grooming', 'Clean, brush, and trim your pet to keep them looking their best.', '2025-08-10 06:54:00', 30, 17),
(85, 'Vet Appointment', 'Schedule a health check with the veterinarian.', '2025-06-17 12:03:00', 30, 84),
(86, 'Grooming', 'Clean, brush, and trim your pet to keep them looking their best.', '2025-06-28 20:40:00', 120, 12),
(87, 'Vet Appointment', 'Schedule a health check with the veterinarian.', '2025-07-10 04:04:00', 60, 35),
(88, 'Vet Appointment', 'Schedule a health check with the veterinarian.', '2025-07-17 22:28:00', 15, 8),
(89, 'Play Date', 'Arrange a supervised meeting with another friendly pet.', '2025-07-10 15:40:00', 120, 5),
(90, 'Grooming', 'Clean, brush, and trim your pet to keep them looking their best.', '2025-07-26 22:02:00', 30, 24),
(91, 'Vet Appointment', 'Schedule a health check with the veterinarian.', '2025-07-02 03:02:00', 15, 34),
(92, 'Grooming', 'Clean, brush, and trim your pet to keep them looking their best.', '2025-07-15 03:36:00', 30, 42),
(93, 'Vet Appointment', 'Schedule a health check with the veterinarian.', '2025-06-24 02:28:00', 30, 90),
(94, 'Vet Appointment', 'Schedule a health check with the veterinarian.', '2025-07-31 01:48:00', 120, 118),
(95, 'Grooming', 'Clean, brush, and trim your pet to keep them looking their best.', '2025-08-02 04:55:00', 15, 122),
(96, 'Play Date', 'Arrange a supervised meeting with another friendly pet.', '2025-08-03 20:39:00', 30, 89),
(97, 'Vet Appointment', 'Schedule a health check with the veterinarian.', '2025-06-14 13:35:00', 15, 93),
(98, 'Play Date', 'Arrange a supervised meeting with another friendly pet.', '2025-08-06 11:22:00', 60, 70),
(99, 'Vet Appointment', 'Schedule a health check with the veterinarian.', '2025-06-21 16:54:00', 15, 48),
(100, 'Grooming', 'Clean, brush, and trim your pet to keep them looking their best.', '2025-07-27 00:49:00', 30, 45),
(101, 'Grooming', 'Clean, brush, and trim your pet to keep them looking their best.', '2025-08-07 03:13:00', 60, 32),
(102, 'Play Date', 'Arrange a supervised meeting with another friendly pet.', '2025-08-04 04:16:00', 120, 145),
(103, 'Play Date', 'Arrange a supervised meeting with another friendly pet.', '2025-07-15 13:50:00', 15, 65),
(104, 'Grooming', 'Clean, brush, and trim your pet to keep them looking their best.', '2025-07-13 10:16:00', 60, 73),
(105, 'Vet Appointment', 'Schedule a health check with the veterinarian.', '2025-07-15 22:06:00', 30, 56),
(106, 'Play Date', 'Arrange a supervised meeting with another friendly pet.', '2025-06-14 20:26:00', 30, 6),
(107, 'Grooming', 'Clean, brush, and trim your pet to keep them looking their best.', '2025-06-30 21:25:00', 60, 143),
(108, 'Vet Appointment', 'Schedule a health check with the veterinarian.', '2025-06-17 22:38:00', 30, 4),
(109, 'Play Date', 'Arrange a supervised meeting with another friendly pet.', '2025-07-13 12:33:00', 30, 38),
(110, 'Play Date', 'Arrange a supervised meeting with another friendly pet.', '2025-08-04 03:01:00', 120, 79),
(111, 'Play Date', 'Arrange a supervised meeting with another friendly pet.', '2025-06-23 16:48:00', 30, 27),
(112, 'Play Date', 'Arrange a supervised meeting with another friendly pet.', '2025-08-06 18:25:00', 15, 92),
(113, 'Play Date', 'Arrange a supervised meeting with another friendly pet.', '2025-07-01 18:16:00', 15, 71),
(114, 'Vet Appointment', 'Schedule a health check with the veterinarian.', '2025-07-02 07:28:00', 15, 88),
(115, 'Vet Appointment', 'Schedule a health check with the veterinarian.', '2025-06-18 14:39:00', 120, 112),
(116, 'Vet Appointment', 'Schedule a health check with the veterinarian.', '2025-08-09 02:43:00', 120, 51),
(117, 'Grooming', 'Clean, brush, and trim your pet to keep them looking their best.', '2025-07-02 05:34:00', 120, 28),
(118, 'Play Date', 'Arrange a supervised meeting with another friendly pet.', '2025-08-08 13:34:00', 15, 62),
(119, 'Grooming', 'Clean, brush, and trim your pet to keep them looking their best.', '2025-07-05 23:06:00', 30, 74),
(120, 'Play Date', 'Arrange a supervised meeting with another friendly pet.', '2025-07-04 16:42:00', 30, 57),
(121, 'Vet Appointment', 'Schedule a health check with the veterinarian.', '2025-07-13 19:24:00', 30, 121),
(122, 'Grooming', 'Clean, brush, and trim your pet to keep them looking their best.', '2025-07-31 21:37:00', 30, 101),
(123, 'Grooming', 'Clean, brush, and trim your pet to keep them looking their best.', '2025-07-25 23:52:00', 15, 71),
(124, 'Grooming', 'Clean, brush, and trim your pet to keep them looking their best.', '2025-07-25 14:48:00', 120, 43),
(125, 'Play Date', 'Arrange a supervised meeting with another friendly pet.', '2025-08-09 15:44:00', 30, 127),
(126, 'Grooming', 'Clean, brush, and trim your pet to keep them looking their best.', '2025-08-11 08:46:00', 15, 21),
(127, 'Play Date', 'Arrange a supervised meeting with another friendly pet.', '2025-06-16 23:45:00', 60, 147),
(128, 'Play Date', 'Arrange a supervised meeting with another friendly pet.', '2025-07-16 12:28:00', 120, 4),
(129, 'Grooming', 'Clean, brush, and trim your pet to keep them looking their best.', '2025-08-11 03:30:00', 30, 98),
(130, 'Vet Appointment', 'Schedule a health check with the veterinarian.', '2025-07-05 00:07:00', 60, 93),
(131, 'Play Date', 'Arrange a supervised meeting with another friendly pet.', '2025-08-10 00:47:00', 15, 55),
(132, 'Vet Appointment', 'Schedule a health check with the veterinarian.', '2025-08-08 10:38:00', 15, 36),
(133, 'Grooming', 'Clean, brush, and trim your pet to keep them looking their best.', '2025-06-19 00:04:00', 30, 73),
(134, 'Play Date', 'Arrange a supervised meeting with another friendly pet.', '2025-07-29 05:56:00', 120, 26),
(135, 'Grooming', 'Clean, brush, and trim your pet to keep them looking their best.', '2025-08-06 02:15:00', 15, 20),
(136, 'Grooming', 'Clean, brush, and trim your pet to keep them looking their best.', '2025-06-17 06:18:00', 60, 54),
(137, 'Play Date', 'Arrange a supervised meeting with another friendly pet.', '2025-07-28 18:52:00', 30, 149),
(138, 'Vet Appointment', 'Schedule a health check with the veterinarian.', '2025-06-30 09:16:00', 15, 39),
(139, 'Grooming', 'Clean, brush, and trim your pet to keep them looking their best.', '2025-07-14 12:51:00', 15, 21),
(140, 'Vet Appointment', 'Schedule a health check with the veterinarian.', '2025-06-22 09:38:00', 120, 137),
(141, 'Play Date', 'Arrange a supervised meeting with another friendly pet.', '2025-07-26 15:54:00', 120, 133),
(142, 'Grooming', 'Clean, brush, and trim your pet to keep them looking their best.', '2025-06-18 15:56:00', 120, 58),
(143, 'Grooming', 'Clean, brush, and trim your pet to keep them looking their best.', '2025-07-19 21:04:00', 15, 67),
(144, 'Grooming', 'Clean, brush, and trim your pet to keep them looking their best.', '2025-08-03 16:19:00', 60, 70),
(145, 'Play Date', 'Arrange a supervised meeting with another friendly pet.', '2025-06-16 01:05:00', 120, 108),
(146, 'Play Date', 'Arrange a supervised meeting with another friendly pet.', '2025-06-18 02:23:00', 15, 106),
(147, 'Play Date', 'Arrange a supervised meeting with another friendly pet.', '2025-06-22 19:14:00', 120, 112),
(148, 'Play Date', 'Arrange a supervised meeting with another friendly pet.', '2025-06-24 18:24:00', 15, 5),
(149, 'Grooming', 'Clean, brush, and trim your pet to keep them looking their best.', '2025-06-15 18:13:00', 60, 72),
(150, 'Vet Appointment', 'Schedule a health check with the veterinarian.', '2025-06-27 16:34:00', 120, 101),
(151, 'Grooming', 'Clean, brush, and trim your pet to keep them looking their best.', '2025-07-17 04:35:00', 60, 139),
(152, 'Play Date', 'Arrange a supervised meeting with another friendly pet.', '2025-07-03 19:22:00', 120, 49),
(153, 'Play Date', 'Arrange a supervised meeting with another friendly pet.', '2025-07-08 11:09:00', 15, 100),
(154, 'Grooming', 'Clean, brush, and trim your pet to keep them looking their best.', '2025-07-27 22:14:00', 15, 98),
(155, 'Play Date', 'Arrange a supervised meeting with another friendly pet.', '2025-07-27 17:40:00', 60, 126),
(156, 'Play Date', 'Arrange a supervised meeting with another friendly pet.', '2025-08-08 16:22:00', 15, 81),
(157, 'Vet Appointment', 'Schedule a health check with the veterinarian.', '2025-07-04 10:52:00', 15, 137),
(158, 'Play Date', 'Arrange a supervised meeting with another friendly pet.', '2025-06-30 17:50:00', 60, 103),
(159, 'Grooming', 'Clean, brush, and trim your pet to keep them looking their best.', '2025-07-17 12:35:00', 30, 145),
(160, 'Play Date', 'Arrange a supervised meeting with another friendly pet.', '2025-06-29 15:23:00', 30, 72),
(161, 'Play Date', 'Arrange a supervised meeting with another friendly pet.', '2025-06-29 17:43:00', 15, 104),
(162, 'Vet Appointment', 'Schedule a health check with the veterinarian.', '2025-07-27 10:15:00', 60, 109),
(163, 'Play Date', 'Arrange a supervised meeting with another friendly pet.', '2025-07-08 03:36:00', 120, 95),
(164, 'Play Date', 'Arrange a supervised meeting with another friendly pet.', '2025-08-02 05:34:00', 60, 42),
(165, 'Grooming', 'Clean, brush, and trim your pet to keep them looking their best.', '2025-08-07 07:12:00', 120, 142),
(166, 'Vet Appointment', 'Schedule a health check with the veterinarian.', '2025-08-09 17:28:00', 15, 24),
(167, 'Grooming', 'Clean, brush, and trim your pet to keep them looking their best.', '2025-06-27 20:34:00', 15, 79),
(168, 'Play Date', 'Arrange a supervised meeting with another friendly pet.', '2025-08-02 01:28:00', 60, 112),
(169, 'Vet Appointment', 'Schedule a health check with the veterinarian.', '2025-06-28 04:04:00', 120, 92),
(170, 'Play Date', 'Arrange a supervised meeting with another friendly pet.', '2025-06-25 15:56:00', 30, 116),
(171, 'Grooming', 'Clean, brush, and trim your pet to keep them looking their best.', '2025-07-10 04:43:00', 15, 40),
(172, 'Play Date', 'Arrange a supervised meeting with another friendly pet.', '2025-07-14 22:15:00', 30, 145),
(173, 'Grooming', 'Clean, brush, and trim your pet to keep them looking their best.', '2025-08-02 08:10:00', 60, 137),
(174, 'Vet Appointment', 'Schedule a health check with the veterinarian.', '2025-07-11 21:58:00', 60, 89),
(175, 'Play Date', 'Arrange a supervised meeting with another friendly pet.', '2025-06-18 12:09:00', 60, 148),
(176, 'Vet Appointment', 'Schedule a health check with the veterinarian.', '2025-08-09 13:16:00', 60, 10),
(177, 'Play Date', 'Arrange a supervised meeting with another friendly pet.', '2025-07-15 00:21:00', 30, 89),
(178, 'Grooming', 'Clean, brush, and trim your pet to keep them looking their best.', '2025-08-04 04:18:00', 15, 88),
(179, 'Vet Appointment', 'Schedule a health check with the veterinarian.', '2025-06-24 15:03:00', 30, 122),
(180, 'Play Date', 'Arrange a supervised meeting with another friendly pet.', '2025-07-19 12:31:00', 120, 35),
(181, 'Grooming', 'Clean, brush, and trim your pet to keep them looking their best.', '2025-07-13 10:11:00', 30, 26),
(182, 'Grooming', 'Clean, brush, and trim your pet to keep them looking their best.', '2025-06-15 17:02:00', 120, 120),
(183, 'Vet Appointment', 'Schedule a health check with the veterinarian.', '2025-07-25 14:18:00', 120, 34),
(184, 'Vet Appointment', 'Schedule a health check with the veterinarian.', '2025-07-18 02:11:00', 15, 55),
(185, 'Vet Appointment', 'Schedule a health check with the veterinarian.', '2025-06-19 13:34:00', 30, 117),
(186, 'Vet Appointment', 'Schedule a health check with the veterinarian.', '2025-08-04 04:22:00', 15, 126),
(187, 'Grooming', 'Clean, brush, and trim your pet to keep them looking their best.', '2025-08-08 14:19:00', 120, 81),
(188, 'Grooming', 'Clean, brush, and trim your pet to keep them looking their best.', '2025-07-27 08:03:00', 15, 123),
(189, 'Play Date', 'Arrange a supervised meeting with another friendly pet.', '2025-06-23 11:23:00', 30, 86),
(190, 'Play Date', 'Arrange a supervised meeting with another friendly pet.', '2025-07-25 20:08:00', 60, 84),
(191, 'Vet Appointment', 'Schedule a health check with the veterinarian.', '2025-07-02 23:19:00', 120, 22),
(192, 'Grooming', 'Clean, brush, and trim your pet to keep them looking their best.', '2025-07-07 11:21:00', 60, 92),
(193, 'Grooming', 'Clean, brush, and trim your pet to keep them looking their best.', '2025-07-18 01:10:00', 15, 89),
(194, 'Play Date', 'Arrange a supervised meeting with another friendly pet.', '2025-08-08 15:01:00', 15, 18),
(195, 'Play Date', 'Arrange a supervised meeting with another friendly pet.', '2025-08-03 21:37:00', 30, 54),
(196, 'Grooming', 'Clean, brush, and trim your pet to keep them looking their best.', '2025-07-18 22:14:00', 120, 41),
(197, 'Grooming', 'Clean, brush, and trim your pet to keep them looking their best.', '2025-06-14 04:56:00', 30, 13),
(198, 'Play Date', 'Arrange a supervised meeting with another friendly pet.', '2025-07-05 14:30:00', 30, 22),
(199, 'Play Date', 'Arrange a supervised meeting with another friendly pet.', '2025-08-07 05:34:00', 120, 7),
(200, 'Play Date', 'Arrange a supervised meeting with another friendly pet.', '2025-07-03 06:58:00', 30, 12),
(201, 'Grooming', 'Clean, brush, and trim your pet to keep them looking their best.', '2025-06-20 22:38:00', 15, 123),
(202, 'Vet Appointment', 'Schedule a health check with the veterinarian.', '2025-06-25 02:32:00', 30, 78),
(203, 'Grooming', 'Clean, brush, and trim your pet to keep them looking their best.', '2025-06-29 16:49:00', 30, 79),
(204, 'Grooming', 'Clean, brush, and trim your pet to keep them looking their best.', '2025-07-29 08:19:00', 60, 77),
(205, 'Grooming', 'Clean, brush, and trim your pet to keep them looking their best.', '2025-07-24 23:46:00', 120, 72),
(206, 'Vet Appointment', 'Schedule a health check with the veterinarian.', '2025-06-15 12:33:00', 60, 71),
(207, 'Play Date', 'Arrange a supervised meeting with another friendly pet.', '2025-07-03 22:31:00', 15, 59),
(208, 'Grooming', 'Clean, brush, and trim your pet to keep them looking their best.', '2025-07-08 02:02:00', 120, 60),
(209, 'Grooming', 'Clean, brush, and trim your pet to keep them looking their best.', '2025-06-28 01:07:00', 60, 85),
(210, 'Grooming', 'Clean, brush, and trim your pet to keep them looking their best.', '2025-07-16 04:01:00', 15, 147),
(211, 'Play Date', 'Arrange a supervised meeting with another friendly pet.', '2025-08-09 00:09:00', 60, 130),
(212, 'Grooming', 'Clean, brush, and trim your pet to keep them looking their best.', '2025-07-27 07:46:00', 15, 62),
(213, 'Grooming', 'Clean, brush, and trim your pet to keep them looking their best.', '2025-07-12 15:39:00', 15, 113),
(214, 'Grooming', 'Clean, brush, and trim your pet to keep them looking their best.', '2025-07-18 19:57:00', 30, 35),
(215, 'Vet Appointment', 'Schedule a health check with the veterinarian.', '2025-07-03 07:13:00', 30, 21),
(216, 'Play Date', 'Arrange a supervised meeting with another friendly pet.', '2025-06-14 13:01:00', 30, 86),
(217, 'Play Date', 'Arrange a supervised meeting with another friendly pet.', '2025-08-04 18:37:00', 120, 65),
(218, 'Vet Appointment', 'Schedule a health check with the veterinarian.', '2025-08-09 21:26:00', 60, 110),
(219, 'Play Date', 'Arrange a supervised meeting with another friendly pet.', '2025-08-05 16:02:00', 120, 23),
(220, 'Grooming', 'Clean, brush, and trim your pet to keep them looking their best.', '2025-07-25 04:29:00', 30, 70),
(221, 'Vet Appointment', 'Schedule a health check with the veterinarian.', '2025-07-26 13:21:00', 30, 34),
(222, 'Grooming', 'Clean, brush, and trim your pet to keep them looking their best.', '2025-07-30 11:24:00', 30, 108),
(223, 'Grooming', 'Clean, brush, and trim your pet to keep them looking their best.', '2025-07-30 13:02:00', 15, 56),
(224, 'Play Date', 'Arrange a supervised meeting with another friendly pet.', '2025-08-11 09:13:00', 30, 74),
(225, 'Play Date', 'Arrange a supervised meeting with another friendly pet.', '2025-07-02 01:52:00', 15, 96),
(226, 'Grooming', 'Clean, brush, and trim your pet to keep them looking their best.', '2025-06-20 19:50:00', 60, 118),
(227, 'Vet Appointment', 'Schedule a health check with the veterinarian.', '2025-07-25 11:38:00', 15, 90),
(228, 'Play Date', 'Arrange a supervised meeting with another friendly pet.', '2025-08-02 02:00:00', 15, 87),
(229, 'Play Date', 'Arrange a supervised meeting with another friendly pet.', '2025-08-10 23:56:00', 60, 46),
(230, 'Grooming', 'Clean, brush, and trim your pet to keep them looking their best.', '2025-08-09 04:54:00', 60, 62),
(231, 'Vet Appointment', 'Schedule a health check with the veterinarian.', '2025-07-31 19:40:00', 60, 32),
(232, 'Vet Appointment', 'Schedule a health check with the veterinarian.', '2025-07-02 04:54:00', 30, 39),
(233, 'Grooming', 'Clean, brush, and trim your pet to keep them looking their best.', '2025-08-02 15:01:00', 60, 117),
(234, 'Grooming', 'Clean, brush, and trim your pet to keep them looking their best.', '2025-07-12 08:34:00', 30, 5),
(235, 'Grooming', 'Clean, brush, and trim your pet to keep them looking their best.', '2025-07-25 00:42:00', 15, 55),
(236, 'Grooming', 'Clean, brush, and trim your pet to keep them looking their best.', '2025-07-02 05:42:00', 15, 104),
(237, 'Play Date', 'Arrange a supervised meeting with another friendly pet.', '2025-06-29 23:06:00', 60, 98),
(238, 'Play Date', 'Arrange a supervised meeting with another friendly pet.', '2025-06-24 14:51:00', 30, 106),
(239, 'Vet Appointment', 'Schedule a health check with the veterinarian.', '2025-08-09 13:38:00', 30, 140),
(240, 'Grooming', 'Clean, brush, and trim your pet to keep them looking their best.', '2025-07-03 05:57:00', 30, 142),
(241, 'Play Date', 'Arrange a supervised meeting with another friendly pet.', '2025-07-15 00:35:00', 30, 11),
(242, 'Vet Appointment', 'Schedule a health check with the veterinarian.', '2025-07-10 00:57:00', 60, 88),
(243, 'Grooming', 'Clean, brush, and trim your pet to keep them looking their best.', '2025-07-15 08:09:00', 15, 54),
(244, 'Grooming', 'Clean, brush, and trim your pet to keep them looking their best.', '2025-08-02 23:17:00', 60, 146),
(245, 'Play Date', 'Arrange a supervised meeting with another friendly pet.', '2025-06-29 07:31:00', 60, 131),
(246, 'Grooming', 'Clean, brush, and trim your pet to keep them looking their best.', '2025-07-01 12:19:00', 60, 90),
(247, 'Grooming', 'Clean, brush, and trim your pet to keep them looking their best.', '2025-08-01 09:11:00', 60, 65),
(248, 'Vet Appointment', 'Schedule a health check with the veterinarian.', '2025-07-29 23:17:00', 120, 68),
(249, 'Grooming', 'Clean, brush, and trim your pet to keep them looking their best.', '2025-07-15 10:46:00', 30, 32),
(250, 'Vet Appointment', 'Schedule a health check with the veterinarian.', '2025-07-15 16:05:00', 120, 115),
(251, 'Play Date', 'Arrange a supervised meeting with another friendly pet.', '2025-08-06 06:30:00', 30, 109),
(252, 'Grooming', 'Clean, brush, and trim your pet to keep them looking their best.', '2025-07-12 19:46:00', 120, 16),
(253, 'Play Date', 'Arrange a supervised meeting with another friendly pet.', '2025-07-15 13:20:00', 60, 56),
(254, 'Grooming', 'Clean, brush, and trim your pet to keep them looking their best.', '2025-07-17 10:34:00', 60, 96),
(255, 'Play Date', 'Arrange a supervised meeting with another friendly pet.', '2025-07-10 18:38:00', 30, 88),
(256, 'Vet Appointment', 'Schedule a health check with the veterinarian.', '2025-07-21 04:19:00', 60, 71),
(257, 'Vet Appointment', 'Schedule a health check with the veterinarian.', '2025-06-16 20:32:00', 60, 121),
(258, 'Vet Appointment', 'Schedule a health check with the veterinarian.', '2025-06-27 18:43:00', 30, 79),
(259, 'Vet Appointment', 'Schedule a health check with the veterinarian.', '2025-08-05 09:50:00', 60, 83),
(260, 'Vet Appointment', 'Schedule a health check with the veterinarian.', '2025-07-31 19:30:00', 15, 142),
(261, 'Play Date', 'Arrange a supervised meeting with another friendly pet.', '2025-08-02 23:06:00', 30, 121),
(262, 'Vet Appointment', 'Schedule a health check with the veterinarian.', '2025-07-12 21:23:00', 30, 109),
(263, 'Play Date', 'Arrange a supervised meeting with another friendly pet.', '2025-08-12 09:59:00', 30, 22),
(264, 'Play Date', 'Arrange a supervised meeting with another friendly pet.', '2025-07-11 11:49:00', 30, 75),
(265, 'Vet Appointment', 'Schedule a health check with the veterinarian.', '2025-07-27 03:57:00', 30, 109),
(266, 'Play Date', 'Arrange a supervised meeting with another friendly pet.', '2025-06-22 00:30:00', 60, 148),
(267, 'Grooming', 'Clean, brush, and trim your pet to keep them looking their best.', '2025-07-22 13:58:00', 30, 23),
(268, 'Play Date', 'Arrange a supervised meeting with another friendly pet.', '2025-07-13 09:28:00', 60, 65),
(269, 'Play Date', 'Arrange a supervised meeting with another friendly pet.', '2025-07-21 08:48:00', 15, 66),
(270, 'Play Date', 'Arrange a supervised meeting with another friendly pet.', '2025-06-18 13:51:00', 120, 14),
(271, 'Vet Appointment', 'Schedule a health check with the veterinarian.', '2025-06-19 00:46:00', 15, 102),
(272, 'Grooming', 'Clean, brush, and trim your pet to keep them looking their best.', '2025-06-16 17:19:00', 15, 116),
(273, 'Vet Appointment', 'Schedule a health check with the veterinarian.', '2025-06-26 21:20:00', 60, 69),
(274, 'Grooming', 'Clean, brush, and trim your pet to keep them looking their best.', '2025-07-05 04:23:00', 60, 122),
(275, 'Vet Appointment', 'Schedule a health check with the veterinarian.', '2025-08-02 20:24:00', 30, 28),
(276, 'Play Date', 'Arrange a supervised meeting with another friendly pet.', '2025-07-21 20:55:00', 120, 93),
(277, 'Grooming', 'Clean, brush, and trim your pet to keep them looking their best.', '2025-06-29 12:06:00', 30, 112),
(278, 'Play Date', 'Arrange a supervised meeting with another friendly pet.', '2025-07-17 05:01:00', 30, 131),
(279, 'Vet Appointment', 'Schedule a health check with the veterinarian.', '2025-06-13 18:26:00', 15, 64),
(280, 'Vet Appointment', 'Schedule a health check with the veterinarian.', '2025-06-19 15:48:00', 30, 25),
(281, 'Play Date', 'Arrange a supervised meeting with another friendly pet.', '2025-06-23 06:50:00', 60, 114),
(282, 'Vet Appointment', 'Schedule a health check with the veterinarian.', '2025-08-04 16:43:00', 15, 47),
(283, 'Vet Appointment', 'Schedule a health check with the veterinarian.', '2025-07-22 16:58:00', 15, 59),
(284, 'Grooming', 'Clean, brush, and trim your pet to keep them looking their best.', '2025-07-02 00:57:00', 60, 143),
(285, 'Grooming', 'Clean, brush, and trim your pet to keep them looking their best.', '2025-07-07 12:44:00', 15, 65),
(286, 'Vet Appointment', 'Schedule a health check with the veterinarian.', '2025-06-17 20:21:00', 30, 24),
(287, 'Grooming', 'Clean, brush, and trim your pet to keep them looking their best.', '2025-07-26 03:34:00', 60, 78),
(288, 'Play Date', 'Arrange a supervised meeting with another friendly pet.', '2025-08-04 12:58:00', 60, 10),
(289, 'Vet Appointment', 'Schedule a health check with the veterinarian.', '2025-07-05 18:10:00', 30, 111),
(290, 'Vet Appointment', 'Schedule a health check with the veterinarian.', '2025-06-21 00:29:00', 15, 139),
(291, 'Vet Appointment', 'Schedule a health check with the veterinarian.', '2025-08-09 09:09:00', 30, 11),
(292, 'Play Date', 'Arrange a supervised meeting with another friendly pet.', '2025-07-02 12:24:00', 120, 38),
(293, 'Vet Appointment', 'Schedule a health check with the veterinarian.', '2025-06-16 19:32:00', 60, 25),
(294, 'Vet Appointment', 'Schedule a health check with the veterinarian.', '2025-06-15 14:56:00', 120, 88),
(295, 'Vet Appointment', 'Schedule a health check with the veterinarian.', '2025-08-04 01:08:00', 120, 80),
(296, 'Vet Appointment', 'Schedule a health check with the veterinarian.', '2025-08-09 01:30:00', 60, 86),
(297, 'Vet Appointment', 'Schedule a health check with the veterinarian.', '2025-06-27 00:30:00', 30, 29),
(298, 'Vet Appointment', 'Schedule a health check with the veterinarian.', '2025-06-14 19:50:00', 60, 34),
(299, 'Grooming', 'Clean, brush, and trim your pet to keep them looking their best.', '2025-07-24 10:30:00', 60, 55),
(300, 'Play Date', 'Arrange a supervised meeting with another friendly pet.', '2025-07-17 22:40:00', 30, 21),
(301, 'Grooming', 'Clean, brush, and trim your pet to keep them looking their best.', '2025-08-05 20:32:00', 30, 35),
(302, 'Grooming', 'Clean, brush, and trim your pet to keep them looking their best.', '2025-06-29 05:02:00', 30, 69),
(303, 'Grooming', 'Clean, brush, and trim your pet to keep them looking their best.', '2025-06-23 19:28:00', 120, 78),
(304, 'Play Date', 'Arrange a supervised meeting with another friendly pet.', '2025-06-14 11:27:00', 60, 117),
(305, 'Play Date', 'Arrange a supervised meeting with another friendly pet.', '2025-06-27 21:41:00', 15, 22),
(306, 'Play Date', 'Arrange a supervised meeting with another friendly pet.', '2025-07-15 12:21:00', 120, 129),
(307, 'Play Date', 'Arrange a supervised meeting with another friendly pet.', '2025-06-19 09:01:00', 120, 20),
(308, 'Vet Appointment', 'Schedule a health check with the veterinarian.', '2025-07-24 01:07:00', 60, 146),
(309, 'Vet Appointment', 'Schedule a health check with the veterinarian.', '2025-06-24 10:59:00', 120, 12),
(310, 'Grooming', 'Clean, brush, and trim your pet to keep them looking their best.', '2025-06-22 11:56:00', 60, 118),
(311, 'Grooming', 'Clean, brush, and trim your pet to keep them looking their best.', '2025-07-02 02:06:00', 120, 52),
(312, 'Vet Appointment', 'Schedule a health check with the veterinarian.', '2025-08-01 21:25:00', 30, 60),
(313, 'Play Date', 'Arrange a supervised meeting with another friendly pet.', '2025-07-21 19:30:00', 30, 68),
(314, 'Play Date', 'Arrange a supervised meeting with another friendly pet.', '2025-07-25 19:59:00', 120, 36),
(315, 'Grooming', 'Clean, brush, and trim your pet to keep them looking their best.', '2025-06-20 22:41:00', 60, 3),
(316, 'Vet Appointment', 'Schedule a health check with the veterinarian.', '2025-07-24 09:27:00', 15, 52),
(317, 'Play Date', 'Arrange a supervised meeting with another friendly pet.', '2025-06-24 10:33:00', 15, 22),
(318, 'Grooming', 'Clean, brush, and trim your pet to keep them looking their best.', '2025-07-31 13:20:00', 15, 108),
(319, 'Grooming', 'Clean, brush, and trim your pet to keep them looking their best.', '2025-07-28 20:41:00', 120, 104),
(320, 'Vet Appointment', 'Schedule a health check with the veterinarian.', '2025-07-15 23:22:00', 30, 82),
(321, 'Grooming', 'Clean, brush, and trim your pet to keep them looking their best.', '2025-07-25 22:38:00', 15, 42),
(322, 'Play Date', 'Arrange a supervised meeting with another friendly pet.', '2025-06-14 15:56:00', 60, 125),
(323, 'Play Date', 'Arrange a supervised meeting with another friendly pet.', '2025-08-07 06:09:00', 120, 134),
(324, 'Vet Appointment', 'Schedule a health check with the veterinarian.', '2025-06-28 17:54:00', 60, 6),
(325, 'Play Date', 'Arrange a supervised meeting with another friendly pet.', '2025-07-13 21:51:00', 30, 6),
(326, 'Grooming', 'Clean, brush, and trim your pet to keep them looking their best.', '2025-08-12 06:48:00', 15, 15),
(327, 'Vet Appointment', 'Schedule a health check with the veterinarian.', '2025-06-28 06:07:00', 120, 28),
(328, 'Vet Appointment', 'Schedule a health check with the veterinarian.', '2025-06-18 01:33:00', 120, 73),
(329, 'Vet Appointment', 'Schedule a health check with the veterinarian.', '2025-08-01 12:50:00', 15, 147),
(330, 'Grooming', 'Clean, brush, and trim your pet to keep them looking their best.', '2025-07-22 19:18:00', 120, 11),
(331, 'Play Date', 'Arrange a supervised meeting with another friendly pet.', '2025-07-19 12:09:00', 60, 71),
(332, 'Grooming', 'Clean, brush, and trim your pet to keep them looking their best.', '2025-06-23 03:41:00', 120, 42),
(333, 'Grooming', 'Clean, brush, and trim your pet to keep them looking their best.', '2025-08-02 00:13:00', 120, 120),
(334, 'Grooming', 'Clean, brush, and trim your pet to keep them looking their best.', '2025-07-20 07:05:00', 60, 41),
(335, 'Play Date', 'Arrange a supervised meeting with another friendly pet.', '2025-08-09 20:02:00', 120, 76),
(336, 'Play Date', 'Arrange a supervised meeting with another friendly pet.', '2025-06-25 02:09:00', 60, 71),
(337, 'Vet Appointment', 'Schedule a health check with the veterinarian.', '2025-07-04 01:58:00', 60, 108),
(338, 'Play Date', 'Arrange a supervised meeting with another friendly pet.', '2025-07-05 19:51:00', 60, 104),
(339, 'Play Date', 'Arrange a supervised meeting with another friendly pet.', '2025-07-02 12:04:00', 60, 42),
(340, 'Grooming', 'Clean, brush, and trim your pet to keep them looking their best.', '2025-06-25 04:21:00', 15, 62),
(341, 'Grooming', 'Clean, brush, and trim your pet to keep them looking their best.', '2025-08-05 17:36:00', 60, 76),
(342, 'Vet Appointment', 'Schedule a health check with the veterinarian.', '2025-07-13 04:36:00', 30, 121),
(343, 'Play Date', 'Arrange a supervised meeting with another friendly pet.', '2025-07-30 02:19:00', 15, 95),
(344, 'Grooming', 'Clean, brush, and trim your pet to keep them looking their best.', '2025-08-11 07:56:00', 30, 106),
(345, 'Grooming', 'Clean, brush, and trim your pet to keep them looking their best.', '2025-07-14 04:25:00', 120, 128),
(346, 'Vet Appointment', 'Schedule a health check with the veterinarian.', '2025-08-04 21:06:00', 15, 123),
(347, 'Vet Appointment', 'Schedule a health check with the veterinarian.', '2025-07-31 20:19:00', 15, 128),
(348, 'Vet Appointment', 'Schedule a health check with the veterinarian.', '2025-06-25 17:22:00', 60, 118),
(349, 'Grooming', 'Clean, brush, and trim your pet to keep them looking their best.', '2025-07-20 09:07:00', 30, 17),
(350, 'Play Date', 'Arrange a supervised meeting with another friendly pet.', '2025-07-21 20:24:00', 60, 141),
(351, 'Grooming', 'Clean, brush, and trim your pet to keep them looking their best.', '2025-07-11 19:26:00', 15, 116),
(352, 'Grooming', 'Clean, brush, and trim your pet to keep them looking their best.', '2025-06-26 01:59:00', 30, 62),
(353, 'Grooming', 'Clean, brush, and trim your pet to keep them looking their best.', '2025-07-31 16:17:00', 60, 11),
(354, 'Vet Appointment', 'Schedule a health check with the veterinarian.', '2025-08-05 13:13:00', 15, 91),
(355, 'Grooming', 'Clean, brush, and trim your pet to keep them looking their best.', '2025-08-07 02:14:00', 120, 44),
(356, 'Vet Appointment', 'Schedule a health check with the veterinarian.', '2025-08-06 20:08:00', 120, 112),
(357, 'Play Date', 'Arrange a supervised meeting with another friendly pet.', '2025-08-10 05:07:00', 30, 45),
(358, 'Play Date', 'Arrange a supervised meeting with another friendly pet.', '2025-06-23 17:37:00', 120, 109),
(359, 'Grooming', 'Clean, brush, and trim your pet to keep them looking their best.', '2025-06-30 22:43:00', 60, 143),
(360, 'Vet Appointment', 'Schedule a health check with the veterinarian.', '2025-06-17 08:00:00', 120, 76),
(361, 'Vet Appointment', 'Schedule a health check with the veterinarian.', '2025-08-09 15:36:00', 60, 80),
(362, 'Play Date', 'Arrange a supervised meeting with another friendly pet.', '2025-08-11 22:39:00', 120, 123),
(363, 'Grooming', 'Clean, brush, and trim your pet to keep them looking their best.', '2025-07-31 14:47:00', 30, 148),
(364, 'Play Date', 'Arrange a supervised meeting with another friendly pet.', '2025-07-18 02:23:00', 120, 92),
(365, 'Grooming', 'Clean, brush, and trim your pet to keep them looking their best.', '2025-07-23 23:00:00', 120, 96),
(366, 'Grooming', 'Clean, brush, and trim your pet to keep them looking their best.', '2025-06-18 06:54:00', 15, 26),
(367, 'Grooming', 'Clean, brush, and trim your pet to keep them looking their best.', '2025-06-29 09:59:00', 30, 58),
(368, 'Vet Appointment', 'Schedule a health check with the veterinarian.', '2025-06-29 10:16:00', 60, 76),
(369, 'Grooming', 'Clean, brush, and trim your pet to keep them looking their best.', '2025-06-30 17:39:00', 15, 90),
(370, 'Vet Appointment', 'Schedule a health check with the veterinarian.', '2025-07-22 13:47:00', 15, 117),
(371, 'Play Date', 'Arrange a supervised meeting with another friendly pet.', '2025-06-26 14:38:00', 15, 62),
(372, 'Grooming', 'Clean, brush, and trim your pet to keep them looking their best.', '2025-07-29 15:42:00', 30, 67),
(373, 'Play Date', 'Arrange a supervised meeting with another friendly pet.', '2025-07-11 03:02:00', 120, 148),
(374, 'Grooming', 'Clean, brush, and trim your pet to keep them looking their best.', '2025-06-28 00:14:00', 15, 143),
(375, 'Vet Appointment', 'Schedule a health check with the veterinarian.', '2025-06-25 07:35:00', 60, 24),
(376, 'Grooming', 'Clean, brush, and trim your pet to keep them looking their best.', '2025-06-27 13:31:00', 30, 123),
(377, 'Grooming', 'Clean, brush, and trim your pet to keep them looking their best.', '2025-07-24 09:54:00', 120, 147),
(378, 'Grooming', 'Clean, brush, and trim your pet to keep them looking their best.', '2025-08-02 08:24:00', 30, 108),
(379, 'Vet Appointment', 'Schedule a health check with the veterinarian.', '2025-07-29 11:48:00', 30, 90),
(380, 'Grooming', 'Clean, brush, and trim your pet to keep them looking their best.', '2025-07-22 22:17:00', 120, 133),
(381, 'Vet Appointment', 'Schedule a health check with the veterinarian.', '2025-08-07 08:12:00', 60, 87),
(382, 'Grooming', 'Clean, brush, and trim your pet to keep them looking their best.', '2025-08-05 16:53:00', 30, 35),
(383, 'Play Date', 'Arrange a supervised meeting with another friendly pet.', '2025-06-23 10:15:00', 60, 147),
(384, 'Play Date', 'Arrange a supervised meeting with another friendly pet.', '2025-07-26 10:45:00', 15, 88),
(385, 'Vet Appointment', 'Schedule a health check with the veterinarian.', '2025-06-22 00:27:00', 60, 119),
(386, 'Vet Appointment', 'Schedule a health check with the veterinarian.', '2025-06-24 09:34:00', 15, 61),
(387, 'Play Date', 'Arrange a supervised meeting with another friendly pet.', '2025-07-13 23:57:00', 120, 91),
(388, 'Grooming', 'Clean, brush, and trim your pet to keep them looking their best.', '2025-07-24 08:41:00', 120, 77),
(389, 'Play Date', 'Arrange a supervised meeting with another friendly pet.', '2025-08-06 02:32:00', 15, 138),
(390, 'Grooming', 'Clean, brush, and trim your pet to keep them looking their best.', '2025-07-26 18:27:00', 60, 143),
(391, 'Vet Appointment', 'Schedule a health check with the veterinarian.', '2025-08-12 06:21:00', 60, 75),
(392, 'Grooming', 'Clean, brush, and trim your pet to keep them looking their best.', '2025-07-02 08:15:00', 30, 41),
(393, 'Play Date', 'Arrange a supervised meeting with another friendly pet.', '2025-06-23 10:01:00', 30, 4),
(394, 'Grooming', 'Clean, brush, and trim your pet to keep them looking their best.', '2025-06-20 04:26:00', 60, 120),
(395, 'Grooming', 'Clean, brush, and trim your pet to keep them looking their best.', '2025-08-09 15:41:00', 30, 145),
(396, 'Vet Appointment', 'Schedule a health check with the veterinarian.', '2025-06-20 17:42:00', 60, 15),
(397, 'Play Date', 'Arrange a supervised meeting with another friendly pet.', '2025-07-28 07:26:00', 120, 142),
(398, 'Grooming', 'Clean, brush, and trim your pet to keep them looking their best.', '2025-07-02 14:35:00', 60, 4),
(399, 'Grooming', 'Clean, brush, and trim your pet to keep them looking their best.', '2025-06-27 19:51:00', 60, 57),
(400, 'Vet Appointment', 'Schedule a health check with the veterinarian.', '2025-08-07 23:27:00', 120, 66);

-- --------------------------------------------------------

--
-- Table structure for table `Pets`
--

CREATE TABLE `Pets` (
  `PetID` int(11) NOT NULL,
  `PetName` varchar(32) NOT NULL,
  `PetType` varchar(32) NOT NULL,
  `PetBreed` varchar(32) DEFAULT NULL,
  `PetColour` varchar(32) DEFAULT NULL,
  `PetAge` int(11) DEFAULT NULL,
  `PetSex` varchar(16) DEFAULT NULL,
  `PetImageURL` varchar(256) DEFAULT NULL,
  `PetOwnerID` int(11) DEFAULT NULL
) ENGINE=InnoDB DEFAULT CHARSET=utf8mb4 COLLATE=utf8mb4_general_ci;

--
-- Dumping data for table `Pets`
--

INSERT INTO `Pets` (`PetID`, `PetName`, `PetType`, `PetBreed`, `PetColour`, `PetAge`, `PetSex`, `PetImageURL`, `PetOwnerID`) VALUES
(1, 'Thumper', 'Rabbit', 'Holland Lop', 'MediumOrchid', 10, 'Male', 'https://openmoji.org/data/color/svg/1F407.svg', 23),
(2, 'Fluffy', 'Rabbit', 'Mini Rex', 'AliceBlue', 8, 'Female', 'https://openmoji.org/data/color/svg/1F407.svg', 43),
(3, 'Max', 'Dog', 'Labrador Retriever', 'Coral', 3, 'Female', 'https://openmoji.org/data/color/svg/1F415.svg', 26),
(4, 'Coco', 'Rabbit', 'Netherland Dwarf', 'LimeGreen', 9, 'Female', 'https://openmoji.org/data/color/svg/1F407.svg', 37),
(5, 'Whiskers', 'Cat', 'Sphynx', 'Gainsboro', 10, 'Male', 'https://openmoji.org/data/color/svg/1F408.svg', 40),
(6, 'Luna', 'Cat', 'Siamese', 'Lime', 5, 'Female', 'https://openmoji.org/data/color/svg/1F408.svg', 25),
(7, 'Bella', 'Dog', 'German Shepherd', 'Linen', 4, 'Female', 'https://openmoji.org/data/color/svg/1F415.svg', 43),
(8, 'Oliver', 'Cat', 'Persian', 'BlueViolet', 9, 'Female', 'https://openmoji.org/data/color/svg/1F408.svg', 33),
(9, 'Bella', 'Cat', 'Ragdoll', 'Teal', 4, 'Male', 'https://openmoji.org/data/color/svg/1F408.svg', 21),
(10, 'Charlie', 'Dog', 'Golden Retriever', 'Fuchsia', 4, 'Male', 'https://openmoji.org/data/color/svg/1F415.svg', 7),
(11, 'Snowball', 'Rabbit', 'Holland Lop', 'Magenta', 2, 'Female', 'https://openmoji.org/data/color/svg/1F407.svg', 44),
(12, 'Daisy', 'Rabbit', 'Holland Lop', 'LightSteelBlue', 7, 'Male', 'https://openmoji.org/data/color/svg/1F407.svg', 41),
(13, 'Luna', 'Dog', 'German Shepherd', 'DarkSalmon', 4, 'Male', 'https://openmoji.org/data/color/svg/1F415.svg', 20),
(14, 'Hazel', 'Rabbit', 'Holland Lop', 'PeachPuff', 3, 'Male', 'https://openmoji.org/data/color/svg/1F407.svg', 48),
(15, 'Milo', 'Cat', 'Ragdoll', 'SlateGray', 7, 'Male', 'https://openmoji.org/data/color/svg/1F408.svg', 42),
(16, 'Nibbles', 'Rabbit', 'Flemish Giant', 'LawnGreen', 8, 'Female', 'https://openmoji.org/data/color/svg/1F407.svg', 30),
(17, 'Lucy', 'Cat', 'Siamese', 'Bisque', 6, 'Female', 'https://openmoji.org/data/color/svg/1F408.svg', 19),
(18, 'Rocky', 'Dog', 'Bulldog', 'Chartreuse', 4, 'Female', 'https://openmoji.org/data/color/svg/1F415.svg', 17),
(19, 'Willow', 'Rabbit', 'Netherland Dwarf', 'MediumPurple', 3, 'Female', 'https://openmoji.org/data/color/svg/1F407.svg', 41),
(20, 'Daisy', 'Dog', 'German Shepherd', 'MediumVioletRed', 10, 'Female', 'https://openmoji.org/data/color/svg/1F415.svg', 3),
(21, 'Leo', 'Cat', 'Ragdoll', 'DimGray', 1, 'Male', 'https://openmoji.org/data/color/svg/1F408.svg', 21),
(22, 'Buddy', 'Dog', 'Golden Retriever', 'Pink', 2, 'Male', 'https://openmoji.org/data/color/svg/1F415.svg', 44),
(23, 'BunBun', 'Rabbit', 'Mini Rex', 'AntiqueWhite', 3, 'Female', 'https://openmoji.org/data/color/svg/1F407.svg', 40),
(24, 'Molly', 'Dog', 'French Bulldog', 'FloralWhite', 6, 'Female', 'https://openmoji.org/data/color/svg/1F415.svg', 36),
(25, 'Lily', 'Cat', 'Maine Coon', 'LightSkyBlue', 8, 'Female', 'https://openmoji.org/data/color/svg/1F408.svg', 4),
(26, 'Jack', 'Dog', 'Labrador Retriever', 'DarkOrchid', 3, 'Male', 'https://openmoji.org/data/color/svg/1F415.svg', 35),
(27, 'Simba', 'Cat', 'Ragdoll', 'FloralWhite', 1, 'Female', 'https://openmoji.org/data/color/svg/1F408.svg', 36),
(28, 'Chloe', 'Cat', 'Persian', 'DarkSlateBlue', 4, 'Male', 'https://openmoji.org/data/color/svg/1F408.svg', 41),
(29, 'Jasper', 'Cat', 'Sphynx', 'Orchid', 1, 'Male', 'https://openmoji.org/data/color/svg/1F408.svg', 15),
(30, 'Luna', 'Rabbit', 'Netherland Dwarf', 'Ivory', 8, 'Male', 'https://openmoji.org/data/color/svg/1F407.svg', 2),
(31, 'Oreo', 'Rabbit', 'Lionhead', 'LightSteelBlue', 9, 'Male', 'https://openmoji.org/data/color/svg/1F407.svg', 20),
(32, 'Peaches', 'Rabbit', 'Holland Lop', 'WhiteSmoke', 3, 'Female', 'https://openmoji.org/data/color/svg/1F407.svg', 37),
(33, 'Cleo', 'Cat', 'Persian', 'MediumBlue', 6, 'Male', 'https://openmoji.org/data/color/svg/1F408.svg', 45),
(34, 'Max', 'Cat', 'Persian', 'SlateGray', 7, 'Female', 'https://openmoji.org/data/color/svg/1F408.svg', 14),
(35, 'Nala', 'Cat', 'Ragdoll', 'Violet', 6, 'Male', 'https://openmoji.org/data/color/svg/1F408.svg', 22),
(36, 'Mopsy', 'Rabbit', 'Lionhead', 'Magenta', 5, 'Male', 'https://openmoji.org/data/color/svg/1F407.svg', 11),
(37, 'Clover', 'Rabbit', 'Holland Lop', 'MintCream', 4, 'Male', 'https://openmoji.org/data/color/svg/1F407.svg', 49),
(38, 'Charlie', 'Cat', 'Persian', 'MediumSlateBlue', 7, 'Male', 'https://openmoji.org/data/color/svg/1F408.svg', 20),
(39, 'Rosie', 'Dog', 'Labrador Retriever', 'MediumSeaGreen', 1, 'Female', 'https://openmoji.org/data/color/svg/1F415.svg', 37),
(40, 'Caramel', 'Rabbit', 'Mini Rex', 'DimGray', 6, 'Male', 'https://openmoji.org/data/color/svg/1F407.svg', 33),
(41, 'Mochi', 'Rabbit', 'Holland Lop', 'LightYellow', 10, 'Female', 'https://openmoji.org/data/color/svg/1F407.svg', 27),
(42, 'Sophie', 'Cat', 'Sphynx', 'Ivory', 8, 'Female', 'https://openmoji.org/data/color/svg/1F408.svg', 13),
(43, 'Bear', 'Dog', 'German Shepherd', 'Ivory', 7, 'Male', 'https://openmoji.org/data/color/svg/1F415.svg', 2),
(44, 'Buttercup', 'Rabbit', 'Flemish Giant', 'FireBrick', 9, 'Male', 'https://openmoji.org/data/color/svg/1F407.svg', 7),
(45, 'Lucy', 'Dog', 'French Bulldog', 'DarkTurquoise', 2, 'Male', 'https://openmoji.org/data/color/svg/1F415.svg', 11),
(46, 'Shadow', 'Cat', 'Persian', 'DarkOrchid', 5, 'Male', 'https://openmoji.org/data/color/svg/1F408.svg', 18),
(47, 'Duke', 'Dog', 'Bulldog', 'MintCream', 6, 'Male', 'https://openmoji.org/data/color/svg/1F415.svg', 19),
(48, 'Sadie', 'Dog', 'French Bulldog', 'PapayaWhip', 9, 'Female', 'https://openmoji.org/data/color/svg/1F415.svg', 8),
(49, 'Milo', 'Dog', 'Golden Retriever', 'Gold', 6, 'Male', 'https://openmoji.org/data/color/svg/1F415.svg', 11),
(50, 'Daisy', 'Cat', 'Ragdoll', 'BlanchedAlmond', 1, 'Male', 'https://openmoji.org/data/color/svg/1F408.svg', 49),
(51, 'Smokey', 'Cat', 'Maine Coon', 'DarkSeaGreen', 2, 'Female', 'https://openmoji.org/data/color/svg/1F408.svg', 37),
(52, 'Chloe', 'Dog', 'Golden Retriever', 'LightSkyBlue', 9, 'Female', 'https://openmoji.org/data/color/svg/1F415.svg', 41),
(53, 'Tucker', 'Dog', 'French Bulldog', 'Magenta', 5, 'Female', 'https://openmoji.org/data/color/svg/1F415.svg', 35),
(54, 'Zoey', 'Cat', 'Ragdoll', 'Blue', 2, 'Male', 'https://openmoji.org/data/color/svg/1F408.svg', 9),
(55, 'Oscar', 'Cat', 'Sphynx', 'SeaGreen', 7, 'Male', 'https://openmoji.org/data/color/svg/1F408.svg', 19),
(56, 'Maggie', 'Dog', 'Golden Retriever', 'Aquamarine', 2, 'Male', 'https://openmoji.org/data/color/svg/1F415.svg', 32),
(57, 'Leo', 'Dog', 'French Bulldog', 'DarkTurquoise', 5, 'Male', 'https://openmoji.org/data/color/svg/1F415.svg', 5),
(58, 'Honey', 'Rabbit', 'Holland Lop', 'RoyalBlue', 9, 'Female', 'https://openmoji.org/data/color/svg/1F407.svg', 33),
(59, 'Ruby', 'Dog', 'German Shepherd', 'ForestGreen', 1, 'Male', 'https://openmoji.org/data/color/svg/1F415.svg', 22),
(60, 'Finn', 'Dog', 'Golden Retriever', 'Salmon', 3, 'Female', 'https://openmoji.org/data/color/svg/1F415.svg', 7),
(61, 'Pip', 'Rabbit', 'Flemish Giant', 'MintCream', 4, 'Male', 'https://openmoji.org/data/color/svg/1F407.svg', 6),
(62, 'Kitty', 'Cat', 'Persian', 'Chartreuse', 7, 'Male', 'https://openmoji.org/data/color/svg/1F408.svg', 45),
(63, 'Felix', 'Cat', 'Persian', 'Crimson', 9, 'Female', 'https://openmoji.org/data/color/svg/1F408.svg', 34),
(64, 'Cotton', 'Rabbit', 'Mini Rex', 'DarkSlateBlue', 1, 'Female', 'https://openmoji.org/data/color/svg/1F407.svg', 31),
(65, 'Zoey', 'Dog', 'Golden Retriever', 'LightSteelBlue', 7, 'Male', 'https://openmoji.org/data/color/svg/1F415.svg', 25),
(66, 'Scout', 'Dog', 'Golden Retriever', 'BlanchedAlmond', 10, 'Male', 'https://openmoji.org/data/color/svg/1F415.svg', 46),
(67, 'Ginger', 'Dog', 'Labrador Retriever', 'LightSalmon', 1, 'Male', 'https://openmoji.org/data/color/svg/1F415.svg', 41),
(68, 'Maple', 'Rabbit', 'Holland Lop', 'MidnightBlue', 7, 'Male', 'https://openmoji.org/data/color/svg/1F407.svg', 37),
(69, 'Zeus', 'Dog', 'Labrador Retriever', 'SpringGreen', 10, 'Male', 'https://openmoji.org/data/color/svg/1F415.svg', 16),
(70, 'Fudge', 'Rabbit', 'Lionhead', 'LightGoldenRodYellow', 6, 'Female', 'https://openmoji.org/data/color/svg/1F407.svg', 45),
(71, 'Rosie', 'Cat', 'Persian', 'LightSlateGray', 6, 'Female', 'https://openmoji.org/data/color/svg/1F408.svg', 24),
(72, 'Penny', 'Dog', 'German Shepherd', 'SeaShell', 7, 'Female', 'https://openmoji.org/data/color/svg/1F415.svg', 13),
(73, 'Winston', 'Dog', 'Golden Retriever', 'BlanchedAlmond', 6, 'Male', 'https://openmoji.org/data/color/svg/1F415.svg', 42),
(74, 'Bluebell', 'Rabbit', 'Holland Lop', 'Indigo', 1, 'Female', 'https://openmoji.org/data/color/svg/1F407.svg', 42),
(75, 'Abby', 'Dog', 'Labrador Retriever', 'OldLace', 3, 'Male', 'https://openmoji.org/data/color/svg/1F415.svg', 32),
(76, 'Binx', 'Cat', 'Siamese', 'PowderBlue', 2, 'Male', 'https://openmoji.org/data/color/svg/1F408.svg', 50),
(77, 'Molly', 'Cat', 'Persian', 'PaleVioletRed', 3, 'Female', 'https://openmoji.org/data/color/svg/1F408.svg', 29),
(78, 'Hazel', 'Rabbit', 'Lionhead', 'PaleTurquoise', 3, 'Male', 'https://openmoji.org/data/color/svg/1F407.svg', 34),
(79, 'Tigger', 'Cat', 'Ragdoll', 'Sienna', 4, 'Female', 'https://openmoji.org/data/color/svg/1F408.svg', 28),
(80, 'Cinnamon', 'Rabbit', 'Lionhead', 'LimeGreen', 10, 'Female', 'https://openmoji.org/data/color/svg/1F407.svg', 17),
(81, 'Diesel', 'Dog', 'Labrador Retriever', 'SpringGreen', 4, 'Male', 'https://openmoji.org/data/color/svg/1F415.svg', 24),
(82, 'Coco', 'Cat', 'Sphynx', 'Lime', 2, 'Male', 'https://openmoji.org/data/color/svg/1F408.svg', 9),
(83, 'Poppy', 'Rabbit', 'Netherland Dwarf', 'Linen', 1, 'Male', 'https://openmoji.org/data/color/svg/1F407.svg', 32),
(84, 'Nala', 'Dog', 'Golden Retriever', 'Beige', 4, 'Female', 'https://openmoji.org/data/color/svg/1F415.svg', 25),
(85, 'Baxter', 'Dog', 'French Bulldog', 'DarkSlateGray', 9, 'Female', 'https://openmoji.org/data/color/svg/1F415.svg', 42),
(86, 'Ellie', 'Dog', 'French Bulldog', 'FloralWhite', 4, 'Male', 'https://openmoji.org/data/color/svg/1F415.svg', 22),
(87, 'Boomer', 'Dog', 'French Bulldog', 'DimGray', 2, 'Female', 'https://openmoji.org/data/color/svg/1F415.svg', 46),
(88, 'Muffin', 'Rabbit', 'Mini Rex', 'Coral', 5, 'Female', 'https://openmoji.org/data/color/svg/1F407.svg', 48),
(89, 'Binky', 'Rabbit', 'Lionhead', 'Peru', 8, 'Female', 'https://openmoji.org/data/color/svg/1F407.svg', 29),
(90, 'Peanut', 'Rabbit', 'Lionhead', 'LightSeaGreen', 10, 'Female', 'https://openmoji.org/data/color/svg/1F407.svg', 17),
(91, 'Lily', 'Dog', 'Golden Retriever', 'DarkSalmon', 4, 'Male', 'https://openmoji.org/data/color/svg/1F415.svg', 13),
(92, 'Sprinkles', 'Rabbit', 'Netherland Dwarf', 'MediumSpringGreen', 10, 'Female', 'https://openmoji.org/data/color/svg/1F407.svg', 15),
(93, 'Rosie', 'Rabbit', 'Mini Rex', 'YellowGreen', 7, 'Male', 'https://openmoji.org/data/color/svg/1F407.svg', 22),
(94, 'Finn', 'Cat', 'Siamese', 'OliveDrab', 3, 'Female', 'https://openmoji.org/data/color/svg/1F408.svg', 49),
(95, 'Callie', 'Cat', 'Persian', 'MediumSlateBlue', 9, 'Male', 'https://openmoji.org/data/color/svg/1F408.svg', 15),
(96, 'Samson', 'Dog', 'Labrador Retriever', 'LightYellow', 10, 'Male', 'https://openmoji.org/data/color/svg/1F415.svg', 12),
(97, 'Gracie', 'Dog', 'Golden Retriever', 'IndianRed', 6, 'Male', 'https://openmoji.org/data/color/svg/1F415.svg', 14),
(98, 'Angel', 'Rabbit', 'Lionhead', 'MediumSpringGreen', 9, 'Male', 'https://openmoji.org/data/color/svg/1F407.svg', 9),
(99, 'Murphy', 'Dog', 'Golden Retriever', 'Tomato', 2, 'Female', 'https://openmoji.org/data/color/svg/1F415.svg', 38),
(100, 'Toby', 'Cat', 'Siamese', 'BlanchedAlmond', 3, 'Male', 'https://openmoji.org/data/color/svg/1F408.svg', 42),
(101, 'Ivy', 'Dog', 'Labrador Retriever', 'WhiteSmoke', 9, 'Female', 'https://openmoji.org/data/color/svg/1F415.svg', 18),
(102, 'Pumpkin', 'Cat', 'Siamese', 'LemonChiffon', 8, 'Male', 'https://openmoji.org/data/color/svg/1F408.svg', 31),
(103, 'Chestnut', 'Rabbit', 'Holland Lop', 'FireBrick', 3, 'Female', 'https://openmoji.org/data/color/svg/1F407.svg', 16),
(104, 'George', 'Cat', 'Siamese', 'GoldenRod', 8, 'Female', 'https://openmoji.org/data/color/svg/1F408.svg', 31),
(105, 'Jellybean', 'Rabbit', 'Lionhead', 'LightYellow', 2, 'Male', 'https://openmoji.org/data/color/svg/1F407.svg', 44),
(106, 'Olive', 'Rabbit', 'Holland Lop', 'BurlyWood', 7, 'Female', 'https://openmoji.org/data/color/svg/1F407.svg', 31),
(107, 'Bruno', 'Dog', 'Labrador Retriever', 'BlueViolet', 5, 'Female', 'https://openmoji.org/data/color/svg/1F415.svg', 22),
(108, 'Olive', 'Dog', 'German Shepherd', 'Sienna', 10, 'Male', 'https://openmoji.org/data/color/svg/1F415.svg', 30),
(109, 'Snowflake', 'Rabbit', 'Mini Rex', 'Red', 8, 'Male', 'https://openmoji.org/data/color/svg/1F407.svg', 40),
(110, 'Bella', 'Rabbit', 'Netherland Dwarf', 'SaddleBrown', 5, 'Female', 'https://openmoji.org/data/color/svg/1F407.svg', 4),
(111, 'Dandelion', 'Rabbit', 'Mini Rex', 'BurlyWood', 2, 'Female', 'https://openmoji.org/data/color/svg/1F407.svg', 1),
(112, 'Biscuit', 'Rabbit', 'Flemish Giant', 'LightSeaGreen', 10, 'Male', 'https://openmoji.org/data/color/svg/1F407.svg', 42),
(113, 'Cody', 'Dog', 'Golden Retriever', 'MidnightBlue', 3, 'Male', 'https://openmoji.org/data/color/svg/1F415.svg', 10),
(114, 'Nutmeg', 'Rabbit', 'Netherland Dwarf', 'Beige', 7, 'Female', 'https://openmoji.org/data/color/svg/1F407.svg', 28),
(115, 'Ivy', 'Cat', 'Ragdoll', 'LightCoral', 6, 'Male', 'https://openmoji.org/data/color/svg/1F408.svg', 17),
(116, 'Marigold', 'Rabbit', 'Netherland Dwarf', 'RosyBrown', 7, 'Male', 'https://openmoji.org/data/color/svg/1F407.svg', 19),
(117, 'Mallow', 'Rabbit', 'Flemish Giant', 'DodgerBlue', 6, 'Male', 'https://openmoji.org/data/color/svg/1F407.svg', 5),
(118, 'Dottie', 'Rabbit', 'Netherland Dwarf', 'Azure', 2, 'Female', 'https://openmoji.org/data/color/svg/1F407.svg', 24),
(119, 'Roxy', 'Dog', 'French Bulldog', 'Orange', 2, 'Male', 'https://openmoji.org/data/color/svg/1F415.svg', 44),
(120, 'Jax', 'Dog', 'Bulldog', 'DarkGoldenRod', 2, 'Male', 'https://openmoji.org/data/color/svg/1F415.svg', 30),
(121, 'Sammy', 'Cat', 'Ragdoll', 'ForestGreen', 3, 'Male', 'https://openmoji.org/data/color/svg/1F408.svg', 47),
(122, 'Millie', 'Dog', 'Bulldog', 'White', 1, 'Male', 'https://openmoji.org/data/color/svg/1F415.svg', 19),
(123, 'Cloud', 'Rabbit', 'Flemish Giant', 'NavajoWhite', 9, 'Male', 'https://openmoji.org/data/color/svg/1F407.svg', 42),
(124, 'Gracie', 'Cat', 'Siamese', 'DarkTurquoise', 2, 'Female', 'https://openmoji.org/data/color/svg/1F408.svg', 43),
(125, 'Marshmallow', 'Rabbit', 'Netherland Dwarf', 'OrangeRed', 4, 'Male', 'https://openmoji.org/data/color/svg/1F407.svg', 40),
(126, 'Remy', 'Dog', 'Labrador Retriever', 'Indigo', 10, 'Female', 'https://openmoji.org/data/color/svg/1F415.svg', 43),
(127, 'Bandit', 'Cat', 'Ragdoll', 'Moccasin', 3, 'Male', 'https://openmoji.org/data/color/svg/1F408.svg', 41),
(128, 'Angel', 'Cat', 'Sphynx', 'PaleVioletRed', 10, 'Male', 'https://openmoji.org/data/color/svg/1F408.svg', 14),
(129, 'Petal', 'Rabbit', 'Mini Rex', 'DarkOrange', 5, 'Male', 'https://openmoji.org/data/color/svg/1F407.svg', 9),
(130, 'Snickers', 'Rabbit', 'Holland Lop', 'SteelBlue', 10, 'Female', 'https://openmoji.org/data/color/svg/1F407.svg', 1),
(131, 'Sparkle', 'Rabbit', 'Mini Rex', 'LightBlue', 3, 'Female', 'https://openmoji.org/data/color/svg/1F407.svg', 41),
(132, 'Louie', 'Cat', 'Persian', 'Khaki', 8, 'Male', 'https://openmoji.org/data/color/svg/1F408.svg', 5),
(133, 'Sassy', 'Cat', 'Maine Coon', 'Olive', 10, 'Female', 'https://openmoji.org/data/color/svg/1F408.svg', 15),
(134, 'Boots', 'Cat', 'Maine Coon', 'LightYellow', 8, 'Female', 'https://openmoji.org/data/color/svg/1F408.svg', 41),
(135, 'Stella', 'Cat', 'Persian', 'Crimson', 2, 'Male', 'https://openmoji.org/data/color/svg/1F408.svg', 1),
(136, 'Rocky', 'Cat', 'Siamese', 'FloralWhite', 6, 'Male', 'https://openmoji.org/data/color/svg/1F408.svg', 26),
(137, 'Penelope', 'Cat', 'Siamese', 'LightSkyBlue', 4, 'Male', 'https://openmoji.org/data/color/svg/1F408.svg', 25),
(138, 'Lucky', 'Cat', 'Persian', 'BlanchedAlmond', 1, 'Male', 'https://openmoji.org/data/color/svg/1F408.svg', 7),
(139, 'Cupcake', 'Rabbit', 'Lionhead', 'LightSeaGreen', 10, 'Male', 'https://openmoji.org/data/color/svg/1F407.svg', 7),
(140, 'Taffy', 'Rabbit', 'Flemish Giant', 'DarkSeaGreen', 8, 'Male', 'https://openmoji.org/data/color/svg/1F407.svg', 49),
(141, 'Lulu', 'Dog', 'French Bulldog', 'BlueViolet', 1, 'Male', 'https://openmoji.org/data/color/svg/1F415.svg', 3),
(142, 'Carrot', 'Rabbit', 'Holland Lop', 'Teal', 1, 'Female', 'https://openmoji.org/data/color/svg/1F407.svg', 18),
(143, 'Odin', 'Dog', 'German Shepherd', 'Bisque', 6, 'Female', 'https://openmoji.org/data/color/svg/1F415.svg', 19),
(144, 'Lexi', 'Dog', 'Labrador Retriever', 'Chocolate', 9, 'Male', 'https://openmoji.org/data/color/svg/1F415.svg', 34),
(145, 'Skippy', 'Rabbit', 'Netherland Dwarf', 'Moccasin', 2, 'Male', 'https://openmoji.org/data/color/svg/1F407.svg', 13),
(146, 'Hank', 'Dog', 'Bulldog', 'MediumOrchid', 4, 'Female', 'https://openmoji.org/data/color/svg/1F415.svg', 3),
(147, 'Izzy', 'Dog', 'Labrador Retriever', 'Turquoise', 3, 'Male', 'https://openmoji.org/data/color/svg/1F415.svg', 7),
(148, 'Maple', 'Cat', 'Sphynx', 'Chartreuse', 3, 'Female', 'https://openmoji.org/data/color/svg/1F408.svg', 25),
(149, 'Gizmo', 'Cat', 'Maine Coon', 'Cornsilk', 3, 'Male', 'https://openmoji.org/data/color/svg/1F408.svg', 46),
(150, 'Bunny', 'Rabbit', 'Lionhead', 'WhiteSmoke', 6, 'Female', 'https://openmoji.org/data/color/svg/1F407.svg', 3);

-- --------------------------------------------------------

--
-- Table structure for table `Products`
--

CREATE TABLE `Products` (
  `ProductID` int(11) NOT NULL,
  `ProductName` varchar(64) NOT NULL,
  `ProductDescription` varchar(512) NOT NULL,
  `ProductImageURL` varchar(256) NOT NULL,
  `ProductCategoryID` int(11) NOT NULL,
  `ProductGems` int(11) NOT NULL,
  `ProductCost` int(11) NOT NULL
) ENGINE=InnoDB DEFAULT CHARSET=utf8mb4 COLLATE=utf8mb4_general_ci;

--
-- Dumping data for table `Products`
--

INSERT INTO `Products` (`ProductID`, `ProductName`, `ProductDescription`, `ProductImageURL`, `ProductCategoryID`, `ProductGems`, `ProductCost`) VALUES
(1, 'Sunset Meadow', 'A warm, calming sunset behind hills', 'https://example.com/backgrounds/sunset-meadow.jpg', 1, 5, 0),
(2, 'Galaxy Drift', 'A glowing galaxy swirl for space lovers', 'https://example.com/backgrounds/galaxy-drift.jpg', 1, 8, 0),
(3, 'Minimal Forest', 'A clean, green forest silhouette design', 'https://example.com/backgrounds/minimal-forest.jpg', 1, 3, 0);

-- --------------------------------------------------------

--
-- Table structure for table `Tasks`
--

CREATE TABLE `Tasks` (
  `TaskID` int(11) NOT NULL,
  `TaskName` varchar(64) NOT NULL,
  `TaskDescription` varchar(512) NOT NULL,
  `TaskStart` datetime DEFAULT NULL,
  `TaskEnd` datetime DEFAULT NULL,
  `TaskImportance` int(11) DEFAULT NULL,
  `TaskDifficulty` int(11) DEFAULT NULL,
  `TaskPetID` int(11) NOT NULL,
  `TaskTaskstatusID` int(11) DEFAULT NULL
) ENGINE=InnoDB DEFAULT CHARSET=utf8mb4 COLLATE=utf8mb4_general_ci;

--
-- Dumping data for table `Tasks`
--

INSERT INTO `Tasks` (`TaskID`, `TaskName`, `TaskDescription`, `TaskStart`, `TaskEnd`, `TaskImportance`, `TaskDifficulty`, `TaskPetID`, `TaskTaskstatusID`) VALUES
(1, 'Lure Chase Game', 'Use a flirt pole or laser pointer for chase fun.', '2025-07-17 22:33:00', '2025-07-17 23:18:00', 2, 3, 34, NULL),
(2, 'Agility Practice', 'Set up simple obstacles for an agility exercise.', '2025-07-18 09:08:00', '2025-07-18 09:23:00', 4, 1, 47, NULL),
(3, 'Hide-and-Seek Game', 'Play hide-and-seek to stimulate your pet\'s senses.', '2025-07-24 23:12:00', '2025-07-24 23:42:00', 3, 4, 77, NULL),
(4, 'Puzzle Toy Time', 'Use a puzzle feeder to challenge your pet\'s mind.', '2025-07-20 20:22:00', '2025-07-20 20:37:00', 3, 5, 32, NULL),
(5, 'Trick Review & Reinforcement', 'Practice and reward learned tricks.', '2025-07-12 20:14:00', '2025-07-12 20:59:00', 3, 2, 58, 1),
(6, 'Trick Review & Reinforcement', 'Practice and reward learned tricks.', '2025-08-09 19:38:00', '2025-08-09 20:23:00', 2, 3, 135, NULL),
(7, 'Trick Review & Reinforcement', 'Practice and reward learned tricks.', '2025-07-21 23:32:00', '2025-07-22 00:32:00', 5, 5, 67, NULL),
(8, 'Puzzle Toy Time', 'Use a puzzle feeder to challenge your pet\'s mind.', '2025-08-09 13:37:00', '2025-08-09 13:52:00', 3, 1, 91, NULL),
(9, 'Lure Chase Game', 'Use a flirt pole or laser pointer for chase fun.', '2025-08-09 00:57:00', '2025-08-09 01:57:00', 3, 5, 62, NULL),
(10, 'Hide-and-Seek Game', 'Play hide-and-seek to stimulate your pet\'s senses.', '2025-07-24 03:15:00', '2025-07-24 03:45:00', 4, 2, 146, NULL),
(11, 'Homemade Treat Baking', 'Bake healthy, pet-safe treats at home.', '2025-08-11 07:17:00', '2025-08-11 07:32:00', 3, 4, 127, NULL),
(12, 'Evening Cuddle Time', 'Spend quiet, affectionate time cuddling your pet.', '2025-07-15 03:57:00', '2025-07-15 04:12:00', 2, 4, 124, 1),
(13, 'Agility Practice', 'Set up simple obstacles for an agility exercise.', '2025-08-10 02:55:00', '2025-08-10 03:40:00', 2, 2, 128, NULL),
(14, 'Quiet Time with Music', 'Relax together while playing calming tunes.', '2025-07-10 00:32:00', '2025-07-10 01:02:00', 3, 1, 95, 1),
(15, 'Scent Work or Nose Game', 'Hide treats around the house for nose work.', '2025-07-17 14:46:00', '2025-07-17 15:16:00', 5, 5, 51, NULL),
(16, 'Training Session', 'Work on commands and obedience training exercises.', '2025-08-07 19:05:00', '2025-08-07 20:05:00', 3, 4, 124, NULL),
(17, 'Lure Chase Game', 'Use a flirt pole or laser pointer for chase fun.', '2025-07-16 23:12:00', '2025-07-16 23:57:00', 3, 3, 144, NULL),
(18, 'Training Session', 'Work on commands and obedience training exercises.', '2025-07-23 20:49:00', '2025-07-23 21:49:00', 2, 3, 54, NULL),
(19, 'Hide-and-Seek Game', 'Play hide-and-seek to stimulate your pet\'s senses.', '2025-08-08 04:23:00', '2025-08-08 05:23:00', 2, 4, 110, NULL),
(20, 'Bath Time', 'Give your pet a warm bath and gentle massage.', '2025-07-14 04:33:00', '2025-07-14 05:33:00', 3, 2, 105, 1),
(21, 'Quiet Time with Music', 'Relax together while playing calming tunes.', '2025-07-17 02:37:00', '2025-07-17 03:22:00', 3, 3, 28, NULL),
(22, 'Training Session', 'Work on commands and obedience training exercises.', '2025-08-01 05:45:00', '2025-08-01 06:00:00', 3, 2, 78, NULL),
(23, 'Enrichment Walk', 'Let your pet sniff around and explore at its own pace.', '2025-07-20 17:41:00', '2025-07-20 17:56:00', 4, 4, 76, NULL),
(24, 'Evening Cuddle Time', 'Spend quiet, affectionate time cuddling your pet.', '2025-08-01 20:25:00', '2025-08-01 21:10:00', 3, 2, 92, NULL),
(25, 'Tug-of-War', 'Enjoy a friendly tug-of-war with a sturdy toy rope.', '2025-07-24 23:03:00', '2025-07-25 00:03:00', 3, 1, 24, NULL),
(26, 'Morning Walk', 'Take your pet for a brisk walk to start the day energized.', '2025-07-18 12:01:00', '2025-07-18 13:01:00', 3, 3, 4, NULL),
(27, 'Puzzle Toy Time', 'Use a puzzle feeder to challenge your pet\'s mind.', '2025-07-25 18:42:00', '2025-07-25 19:12:00', 4, 5, 46, NULL),
(28, 'Morning Walk', 'Take your pet for a brisk walk to start the day energized.', '2025-07-27 15:20:00', '2025-07-27 15:35:00', 1, 2, 73, NULL),
(29, 'Lure Chase Game', 'Use a flirt pole or laser pointer for chase fun.', '2025-07-09 21:14:00', '2025-07-09 21:59:00', 5, 2, 12, 1),
(30, 'Enrichment Walk', 'Let your pet sniff around and explore at its own pace.', '2025-08-02 06:07:00', '2025-08-02 07:07:00', 2, 2, 95, NULL),
(31, 'Vet Checkup Prep', 'Desensitize your pet to handling paws and ears.', '2025-08-06 17:49:00', '2025-08-06 18:49:00', 5, 4, 105, NULL),
(32, 'Scent Work or Nose Game', 'Hide treats around the house for nose work.', '2025-08-08 15:28:00', '2025-08-08 15:43:00', 1, 4, 34, NULL),
(33, 'Quiet Time with Music', 'Relax together while playing calming tunes.', '2025-07-24 09:03:00', '2025-07-24 09:33:00', 1, 2, 87, NULL),
(34, 'Nail Clipping', 'Trim your pet\'s nails carefully to maintain paw health.', '2025-07-09 11:36:00', '2025-07-09 12:21:00', 5, 5, 88, 1),
(35, 'Agility Practice', 'Set up simple obstacles for an agility exercise.', '2025-07-21 20:00:00', '2025-07-21 20:30:00', 3, 2, 17, NULL),
(36, 'Car Ride for Fun', 'Take a short, safe drive for a change of scenery.', '2025-08-05 14:14:00', '2025-08-05 14:44:00', 1, 4, 15, NULL),
(37, 'Lure Chase Game', 'Use a flirt pole or laser pointer for chase fun.', '2025-08-02 21:37:00', '2025-08-02 22:37:00', 4, 3, 34, NULL),
(38, 'Feeding Time', 'Prepare and serve a nutritious meal for your pet.', '2025-07-16 08:25:00', '2025-07-16 09:25:00', 4, 2, 33, 1),
(39, 'Scent Work or Nose Game', 'Hide treats around the house for nose work.', '2025-07-28 12:47:00', '2025-07-28 13:17:00', 2, 4, 32, NULL),
(40, 'Playtime', 'Engage in interactive play with toys and games.', '2025-07-08 11:10:00', '2025-07-08 12:10:00', 1, 2, 41, 1),
(41, 'Morning Walk', 'Take your pet for a brisk walk to start the day energized.', '2025-07-11 14:06:00', '2025-07-11 14:51:00', 5, 1, 27, 1),
(42, 'Fetch in the Yard or Park', 'Throw a ball or frisbee for your pet to retrieve.', '2025-07-24 09:25:00', '2025-07-24 09:40:00', 2, 1, 84, NULL),
(43, 'Playtime', 'Engage in interactive play with toys and games.', '2025-07-15 22:20:00', '2025-07-15 23:05:00', 2, 3, 61, 1),
(44, 'Playtime', 'Engage in interactive play with toys and games.', '2025-07-08 23:47:00', '2025-07-09 00:47:00', 2, 5, 82, 1),
(45, 'Agility Practice', 'Set up simple obstacles for an agility exercise.', '2025-07-08 20:10:00', '2025-07-08 20:40:00', 2, 3, 11, 1),
(46, 'Trick Review & Reinforcement', 'Practice and reward learned tricks.', '2025-08-08 06:26:00', '2025-08-08 07:26:00', 5, 3, 9, NULL),
(47, 'Puzzle Toy Time', 'Use a puzzle feeder to challenge your pet\'s mind.', '2025-08-04 16:51:00', '2025-08-04 17:21:00', 4, 4, 36, NULL),
(48, 'Car Ride for Fun', 'Take a short, safe drive for a change of scenery.', '2025-08-11 02:20:00', '2025-08-11 02:50:00', 2, 2, 68, NULL),
(49, 'Scent Work or Nose Game', 'Hide treats around the house for nose work.', '2025-07-29 04:21:00', '2025-07-29 04:36:00', 1, 3, 102, NULL),
(50, 'Nail Clipping', 'Trim your pet\'s nails carefully to maintain paw health.', '2025-07-11 02:00:00', '2025-07-11 03:00:00', 5, 3, 96, 1),
(51, 'Morning Walk', 'Take your pet for a brisk walk to start the day energized.', '2025-08-11 22:26:00', '2025-08-11 23:26:00', 3, 5, 44, NULL),
(52, 'Car Ride for Fun', 'Take a short, safe drive for a change of scenery.', '2025-07-09 20:46:00', '2025-07-09 21:46:00', 5, 5, 84, 1),
(53, 'Vet Checkup Prep', 'Desensitize your pet to handling paws and ears.', '2025-07-14 12:50:00', '2025-07-14 13:20:00', 3, 3, 68, 1),
(54, 'Feeding Time', 'Prepare and serve a nutritious meal for your pet.', '2025-07-19 22:24:00', '2025-07-19 22:54:00', 4, 4, 4, NULL),
(55, 'DIY Toy Making', 'Create a homemade toy from household materials.', '2025-07-17 16:08:00', '2025-07-17 16:53:00', 1, 1, 90, NULL),
(56, 'Training Session', 'Work on commands and obedience training exercises.', '2025-07-15 20:23:00', '2025-07-15 21:08:00', 4, 2, 65, 1),
(57, 'Car Ride for Fun', 'Take a short, safe drive for a change of scenery.', '2025-07-22 04:27:00', '2025-07-22 05:12:00', 5, 3, 78, NULL),
(58, 'Tug-of-War', 'Enjoy a friendly tug-of-war with a sturdy toy rope.', '2025-07-28 01:52:00', '2025-07-28 02:07:00', 1, 1, 23, NULL),
(59, 'Trick Review & Reinforcement', 'Practice and reward learned tricks.', '2025-08-02 16:14:00', '2025-08-02 17:14:00', 4, 4, 76, NULL),
(60, 'Fetch in the Yard or Park', 'Throw a ball or frisbee for your pet to retrieve.', '2025-08-07 04:58:00', '2025-08-07 05:43:00', 1, 4, 5, NULL),
(61, 'Scent Work or Nose Game', 'Hide treats around the house for nose work.', '2025-08-06 10:37:00', '2025-08-06 11:07:00', 2, 2, 137, NULL),
(62, 'Feeding Time', 'Prepare and serve a nutritious meal for your pet.', '2025-07-21 14:27:00', '2025-07-21 14:42:00', 1, 3, 37, NULL),
(63, 'Cleaning Pet Space', 'Tidy and sanitize your pet\'s bed, toys, and living area.', '2025-07-24 06:39:00', '2025-07-24 07:24:00', 2, 5, 41, NULL),
(64, 'Homemade Treat Baking', 'Bake healthy, pet-safe treats at home.', '2025-07-18 00:14:00', '2025-07-18 01:14:00', 3, 3, 104, NULL),
(65, 'Lure Chase Game', 'Use a flirt pole or laser pointer for chase fun.', '2025-08-05 17:37:00', '2025-08-05 18:07:00', 4, 3, 132, NULL),
(66, 'Training Session', 'Work on commands and obedience training exercises.', '2025-08-01 03:21:00', '2025-08-01 03:36:00', 4, 1, 131, NULL),
(67, 'Quiet Time with Music', 'Relax together while playing calming tunes.', '2025-08-05 02:51:00', '2025-08-05 03:36:00', 3, 5, 133, NULL),
(68, 'Playtime', 'Engage in interactive play with toys and games.', '2025-07-16 15:26:00', '2025-07-16 15:56:00', 2, 5, 121, 1),
(69, 'Puzzle Toy Time', 'Use a puzzle feeder to challenge your pet\'s mind.', '2025-07-22 20:55:00', '2025-07-22 21:10:00', 2, 1, 99, NULL),
(70, 'Car Ride for Fun', 'Take a short, safe drive for a change of scenery.', '2025-08-03 18:55:00', '2025-08-03 19:25:00', 1, 1, 67, NULL),
(71, 'Hide-and-Seek Game', 'Play hide-and-seek to stimulate your pet\'s senses.', '2025-07-18 00:54:00', '2025-07-18 01:09:00', 5, 1, 69, NULL),
(72, 'Puzzle Toy Time', 'Use a puzzle feeder to challenge your pet\'s mind.', '2025-07-07 02:19:00', '2025-07-07 03:19:00', 3, 1, 45, 1),
(73, 'Feeding Time', 'Prepare and serve a nutritious meal for your pet.', '2025-07-10 19:16:00', '2025-07-10 19:31:00', 5, 2, 105, 1),
(74, 'Training Session', 'Work on commands and obedience training exercises.', '2025-07-31 22:32:00', '2025-07-31 23:17:00', 1, 4, 112, NULL),
(75, 'Enrichment Walk', 'Let your pet sniff around and explore at its own pace.', '2025-08-09 02:58:00', '2025-08-09 03:28:00', 4, 4, 110, NULL),
(76, 'Fetch in the Yard or Park', 'Throw a ball or frisbee for your pet to retrieve.', '2025-07-21 23:35:00', '2025-07-22 00:05:00', 1, 3, 61, NULL),
(77, 'Nail Clipping', 'Trim your pet\'s nails carefully to maintain paw health.', '2025-07-21 15:57:00', '2025-07-21 16:57:00', 4, 5, 104, NULL),
(78, 'Vet Checkup Prep', 'Desensitize your pet to handling paws and ears.', '2025-07-24 23:50:00', '2025-07-25 00:35:00', 5, 3, 34, NULL),
(79, 'Evening Cuddle Time', 'Spend quiet, affectionate time cuddling your pet.', '2025-07-12 23:33:00', '2025-07-13 00:03:00', 5, 5, 33, 1),
(80, 'Lure Chase Game', 'Use a flirt pole or laser pointer for chase fun.', '2025-07-14 07:19:00', '2025-07-14 07:49:00', 2, 4, 13, 1),
(81, 'Tug-of-War', 'Enjoy a friendly tug-of-war with a sturdy toy rope.', '2025-07-09 00:41:00', '2025-07-09 00:56:00', 3, 1, 80, 1),
(82, 'Car Ride for Fun', 'Take a short, safe drive for a change of scenery.', '2025-07-13 18:20:00', '2025-07-13 18:35:00', 3, 1, 66, 1),
(83, 'Morning Walk', 'Take your pet for a brisk walk to start the day energized.', '2025-08-05 20:21:00', '2025-08-05 21:21:00', 2, 2, 118, NULL),
(84, 'Lure Chase Game', 'Use a flirt pole or laser pointer for chase fun.', '2025-08-04 02:49:00', '2025-08-04 03:04:00', 5, 2, 73, NULL),
(85, 'Nail Clipping', 'Trim your pet\'s nails carefully to maintain paw health.', '2025-07-11 03:37:00', '2025-07-11 04:37:00', 1, 3, 99, 1),
(86, 'Tug-of-War', 'Enjoy a friendly tug-of-war with a sturdy toy rope.', '2025-07-14 22:56:00', '2025-07-14 23:26:00', 4, 5, 47, 1),
(87, 'Scent Work or Nose Game', 'Hide treats around the house for nose work.', '2025-07-26 14:00:00', '2025-07-26 15:00:00', 3, 1, 53, NULL),
(88, 'Tug-of-War', 'Enjoy a friendly tug-of-war with a sturdy toy rope.', '2025-07-12 21:00:00', '2025-07-12 21:30:00', 2, 2, 30, 1),
(89, 'Evening Cuddle Time', 'Spend quiet, affectionate time cuddling your pet.', '2025-07-12 09:11:00', '2025-07-12 09:26:00', 4, 4, 105, 1),
(90, 'Hide-and-Seek Game', 'Play hide-and-seek to stimulate your pet\'s senses.', '2025-07-26 17:26:00', '2025-07-26 18:26:00', 5, 4, 15, NULL),
(91, 'Puzzle Toy Time', 'Use a puzzle feeder to challenge your pet\'s mind.', '2025-07-29 15:25:00', '2025-07-29 16:25:00', 5, 5, 143, NULL),
(92, 'Car Ride for Fun', 'Take a short, safe drive for a change of scenery.', '2025-07-23 03:57:00', '2025-07-23 04:12:00', 1, 5, 101, NULL),
(93, 'Puzzle Toy Time', 'Use a puzzle feeder to challenge your pet\'s mind.', '2025-07-07 09:58:00', '2025-07-07 10:43:00', 1, 3, 34, 1),
(94, 'Feeding Time', 'Prepare and serve a nutritious meal for your pet.', '2025-07-24 05:29:00', '2025-07-24 05:44:00', 1, 2, 17, NULL),
(95, 'Homemade Treat Baking', 'Bake healthy, pet-safe treats at home.', '2025-08-02 04:02:00', '2025-08-02 04:17:00', 4, 4, 41, NULL),
(96, 'Feeding Time', 'Prepare and serve a nutritious meal for your pet.', '2025-08-02 08:08:00', '2025-08-02 08:53:00', 2, 5, 73, NULL),
(97, 'Bath Time', 'Give your pet a warm bath and gentle massage.', '2025-07-22 11:58:00', '2025-07-22 12:13:00', 3, 2, 85, NULL),
(98, 'Quiet Time with Music', 'Relax together while playing calming tunes.', '2025-08-03 20:28:00', '2025-08-03 20:58:00', 2, 3, 69, NULL),
(99, 'Trick Review & Reinforcement', 'Practice and reward learned tricks.', '2025-07-10 05:42:00', '2025-07-10 06:42:00', 1, 1, 103, 1),
(100, 'Tug-of-War', 'Enjoy a friendly tug-of-war with a sturdy toy rope.', '2025-08-12 12:42:00', '2025-08-12 12:57:00', 2, 1, 16, NULL),
(101, 'Quiet Time with Music', 'Relax together while playing calming tunes.', '2025-07-27 17:27:00', '2025-07-27 17:42:00', 2, 1, 59, NULL),
(102, 'Enrichment Walk', 'Let your pet sniff around and explore at its own pace.', '2025-08-05 19:44:00', '2025-08-05 20:44:00', 4, 1, 67, NULL),
(103, 'Photo Session', 'Take cute photos to capture special moments.', '2025-07-23 08:19:00', '2025-07-23 09:19:00', 4, 3, 95, NULL),
(104, 'Car Ride for Fun', 'Take a short, safe drive for a change of scenery.', '2025-07-29 22:11:00', '2025-07-29 23:11:00', 4, 1, 108, NULL),
(105, 'Trick Review & Reinforcement', 'Practice and reward learned tricks.', '2025-07-25 18:40:00', '2025-07-25 19:25:00', 2, 2, 131, NULL),
(106, 'DIY Toy Making', 'Create a homemade toy from household materials.', '2025-07-19 18:51:00', '2025-07-19 19:06:00', 2, 5, 32, NULL),
(107, 'Morning Walk', 'Take your pet for a brisk walk to start the day energized.', '2025-07-27 03:00:00', '2025-07-27 03:15:00', 5, 2, 140, NULL),
(108, 'Evening Cuddle Time', 'Spend quiet, affectionate time cuddling your pet.', '2025-07-24 05:48:00', '2025-07-24 06:18:00', 1, 5, 108, NULL),
(109, 'Photo Session', 'Take cute photos to capture special moments.', '2025-07-31 01:33:00', '2025-07-31 01:48:00', 2, 5, 137, NULL),
(110, 'Feeding Time', 'Prepare and serve a nutritious meal for your pet.', '2025-07-13 11:38:00', '2025-07-13 12:08:00', 2, 2, 134, 1),
(111, 'Homemade Treat Baking', 'Bake healthy, pet-safe treats at home.', '2025-07-31 09:50:00', '2025-07-31 10:50:00', 2, 1, 1, NULL),
(112, 'Puzzle Toy Time', 'Use a puzzle feeder to challenge your pet\'s mind.', '2025-07-25 15:30:00', '2025-07-25 16:00:00', 1, 3, 124, NULL),
(113, 'DIY Toy Making', 'Create a homemade toy from household materials.', '2025-07-19 21:09:00', '2025-07-19 22:09:00', 2, 1, 1, NULL),
(114, 'Hide-and-Seek Game', 'Play hide-and-seek to stimulate your pet\'s senses.', '2025-07-31 14:26:00', '2025-07-31 14:56:00', 2, 4, 95, NULL),
(115, 'Tug-of-War', 'Enjoy a friendly tug-of-war with a sturdy toy rope.', '2025-07-20 15:20:00', '2025-07-20 16:05:00', 3, 5, 89, NULL),
(116, 'DIY Toy Making', 'Create a homemade toy from household materials.', '2025-07-22 12:51:00', '2025-07-22 13:21:00', 4, 4, 10, NULL),
(117, 'Lure Chase Game', 'Use a flirt pole or laser pointer for chase fun.', '2025-07-17 18:21:00', '2025-07-17 18:36:00', 2, 1, 33, NULL),
(118, 'Training Session', 'Work on commands and obedience training exercises.', '2025-07-28 16:09:00', '2025-07-28 16:54:00', 3, 2, 138, NULL),
(119, 'Photo Session', 'Take cute photos to capture special moments.', '2025-07-28 11:26:00', '2025-07-28 11:56:00', 1, 2, 9, NULL),
(120, 'Puzzle Toy Time', 'Use a puzzle feeder to challenge your pet\'s mind.', '2025-08-06 15:24:00', '2025-08-06 16:24:00', 2, 1, 116, NULL),
(121, 'Feeding Time', 'Prepare and serve a nutritious meal for your pet.', '2025-07-23 15:59:00', '2025-07-23 16:14:00', 4, 5, 59, NULL),
(122, 'Morning Walk', 'Take your pet for a brisk walk to start the day energized.', '2025-07-20 17:16:00', '2025-07-20 17:46:00', 1, 2, 25, NULL),
(123, 'Hide-and-Seek Game', 'Play hide-and-seek to stimulate your pet\'s senses.', '2025-07-09 06:45:00', '2025-07-09 07:45:00', 1, 5, 63, 1),
(124, 'Homemade Treat Baking', 'Bake healthy, pet-safe treats at home.', '2025-07-27 23:49:00', '2025-07-28 00:19:00', 3, 5, 139, NULL),
(125, 'Cleaning Pet Space', 'Tidy and sanitize your pet\'s bed, toys, and living area.', '2025-08-10 02:57:00', '2025-08-10 03:27:00', 5, 3, 24, NULL),
(126, 'Homemade Treat Baking', 'Bake healthy, pet-safe treats at home.', '2025-08-06 02:23:00', '2025-08-06 03:08:00', 4, 2, 110, NULL),
(127, 'Feeding Time', 'Prepare and serve a nutritious meal for your pet.', '2025-08-09 17:17:00', '2025-08-09 18:17:00', 2, 3, 91, NULL),
(128, 'Puzzle Toy Time', 'Use a puzzle feeder to challenge your pet\'s mind.', '2025-07-26 22:36:00', '2025-07-26 23:06:00', 5, 4, 15, NULL),
(129, 'Trick Review & Reinforcement', 'Practice and reward learned tricks.', '2025-07-15 13:28:00', '2025-07-15 13:43:00', 4, 3, 108, 1),
(130, 'Quiet Time with Music', 'Relax together while playing calming tunes.', '2025-07-22 20:46:00', '2025-07-22 21:46:00', 2, 4, 76, NULL),
(131, 'Fetch in the Yard or Park', 'Throw a ball or frisbee for your pet to retrieve.', '2025-07-13 13:27:00', '2025-07-13 14:27:00', 4, 1, 74, 1),
(132, 'Vet Checkup Prep', 'Desensitize your pet to handling paws and ears.', '2025-07-30 22:39:00', '2025-07-30 23:39:00', 4, 3, 55, NULL),
(133, 'Car Ride for Fun', 'Take a short, safe drive for a change of scenery.', '2025-07-21 05:43:00', '2025-07-21 06:43:00', 3, 5, 66, NULL),
(134, 'Training Session', 'Work on commands and obedience training exercises.', '2025-08-12 10:12:00', '2025-08-12 10:57:00', 4, 2, 13, NULL),
(135, 'Morning Walk', 'Take your pet for a brisk walk to start the day energized.', '2025-07-22 05:59:00', '2025-07-22 06:59:00', 2, 1, 32, NULL),
(136, 'Fetch in the Yard or Park', 'Throw a ball or frisbee for your pet to retrieve.', '2025-07-20 01:15:00', '2025-07-20 02:15:00', 2, 4, 3, NULL),
(137, 'Enrichment Walk', 'Let your pet sniff around and explore at its own pace.', '2025-08-08 03:08:00', '2025-08-08 03:53:00', 3, 5, 10, NULL),
(138, 'DIY Toy Making', 'Create a homemade toy from household materials.', '2025-08-04 07:33:00', '2025-08-04 07:48:00', 3, 3, 93, NULL),
(139, 'Photo Session', 'Take cute photos to capture special moments.', '2025-07-18 02:42:00', '2025-07-18 03:12:00', 2, 1, 116, NULL),
(140, 'Vet Checkup Prep', 'Desensitize your pet to handling paws and ears.', '2025-07-26 17:13:00', '2025-07-26 17:58:00', 4, 1, 52, NULL),
(141, 'Lure Chase Game', 'Use a flirt pole or laser pointer for chase fun.', '2025-07-29 18:29:00', '2025-07-29 18:44:00', 1, 4, 105, NULL),
(142, 'Bath Time', 'Give your pet a warm bath and gentle massage.', '2025-08-05 17:45:00', '2025-08-05 18:45:00', 5, 5, 140, NULL),
(143, 'Scent Work or Nose Game', 'Hide treats around the house for nose work.', '2025-07-07 20:29:00', '2025-07-07 21:29:00', 3, 4, 121, 1),
(144, 'Fetch in the Yard or Park', 'Throw a ball or frisbee for your pet to retrieve.', '2025-07-12 22:54:00', '2025-07-12 23:54:00', 2, 1, 88, 1),
(145, 'Enrichment Walk', 'Let your pet sniff around and explore at its own pace.', '2025-07-23 03:15:00', '2025-07-23 03:45:00', 3, 2, 129, NULL),
(146, 'Tug-of-War', 'Enjoy a friendly tug-of-war with a sturdy toy rope.', '2025-07-24 16:13:00', '2025-07-24 17:13:00', 3, 3, 92, NULL),
(147, 'Enrichment Walk', 'Let your pet sniff around and explore at its own pace.', '2025-08-10 15:42:00', '2025-08-10 16:12:00', 5, 2, 34, NULL),
(148, 'Training Session', 'Work on commands and obedience training exercises.', '2025-08-03 11:33:00', '2025-08-03 12:18:00', 3, 1, 91, NULL),
(149, 'Playtime', 'Engage in interactive play with toys and games.', '2025-07-24 02:18:00', '2025-07-24 02:33:00', 3, 3, 31, NULL),
(150, 'Fetch in the Yard or Park', 'Throw a ball or frisbee for your pet to retrieve.', '2025-08-10 16:15:00', '2025-08-10 16:30:00', 5, 5, 129, NULL),
(151, 'Trick Review & Reinforcement', 'Practice and reward learned tricks.', '2025-08-01 01:30:00', '2025-08-01 01:45:00', 1, 3, 57, NULL),
(152, 'Quiet Time with Music', 'Relax together while playing calming tunes.', '2025-08-06 02:06:00', '2025-08-06 02:21:00', 4, 1, 143, NULL),
(153, 'Scent Work or Nose Game', 'Hide treats around the house for nose work.', '2025-08-07 10:53:00', '2025-08-07 11:08:00', 4, 2, 134, NULL),
(154, 'DIY Toy Making', 'Create a homemade toy from household materials.', '2025-08-10 14:07:00', '2025-08-10 14:22:00', 1, 2, 2, NULL),
(155, 'DIY Toy Making', 'Create a homemade toy from household materials.', '2025-07-11 15:53:00', '2025-07-11 16:23:00', 4, 2, 53, 1),
(156, 'Playtime', 'Engage in interactive play with toys and games.', '2025-07-21 19:31:00', '2025-07-21 20:31:00', 4, 3, 121, NULL),
(157, 'Tug-of-War', 'Enjoy a friendly tug-of-war with a sturdy toy rope.', '2025-07-10 20:12:00', '2025-07-10 21:12:00', 2, 3, 88, 1),
(158, 'Scent Work or Nose Game', 'Hide treats around the house for nose work.', '2025-07-08 16:22:00', '2025-07-08 16:37:00', 5, 5, 87, 1),
(159, 'Trick Review & Reinforcement', 'Practice and reward learned tricks.', '2025-08-02 05:52:00', '2025-08-02 06:37:00', 3, 5, 97, NULL),
(160, 'Cleaning Pet Space', 'Tidy and sanitize your pet\'s bed, toys, and living area.', '2025-07-09 21:56:00', '2025-07-09 22:41:00', 4, 5, 137, 1),
(161, 'Tug-of-War', 'Enjoy a friendly tug-of-war with a sturdy toy rope.', '2025-07-08 05:39:00', '2025-07-08 06:39:00', 3, 2, 113, 1),
(162, 'Fetch in the Yard or Park', 'Throw a ball or frisbee for your pet to retrieve.', '2025-08-02 00:49:00', '2025-08-02 01:19:00', 3, 3, 117, NULL),
(163, 'Puzzle Toy Time', 'Use a puzzle feeder to challenge your pet\'s mind.', '2025-07-16 04:09:00', '2025-07-16 04:24:00', 5, 1, 29, 1),
(164, 'Homemade Treat Baking', 'Bake healthy, pet-safe treats at home.', '2025-07-19 19:31:00', '2025-07-19 20:16:00', 2, 3, 150, NULL),
(165, 'Playtime', 'Engage in interactive play with toys and games.', '2025-08-03 12:17:00', '2025-08-03 13:17:00', 1, 4, 120, NULL),
(166, 'Hide-and-Seek Game', 'Play hide-and-seek to stimulate your pet\'s senses.', '2025-07-11 20:53:00', '2025-07-11 21:08:00', 2, 5, 102, 1),
(167, 'Puzzle Toy Time', 'Use a puzzle feeder to challenge your pet\'s mind.', '2025-08-03 21:51:00', '2025-08-03 22:06:00', 3, 3, 39, NULL),
(168, 'Trick Review & Reinforcement', 'Practice and reward learned tricks.', '2025-07-29 13:45:00', '2025-07-29 14:00:00', 4, 5, 146, NULL),
(169, 'Enrichment Walk', 'Let your pet sniff around and explore at its own pace.', '2025-07-11 13:51:00', '2025-07-11 14:06:00', 2, 1, 119, 1),
(170, 'Feeding Time', 'Prepare and serve a nutritious meal for your pet.', '2025-07-17 13:49:00', '2025-07-17 14:19:00', 3, 5, 110, NULL),
(171, 'Lure Chase Game', 'Use a flirt pole or laser pointer for chase fun.', '2025-07-08 19:54:00', '2025-07-08 20:39:00', 1, 2, 34, 1),
(172, 'Homemade Treat Baking', 'Bake healthy, pet-safe treats at home.', '2025-07-21 22:06:00', '2025-07-21 23:06:00', 2, 1, 27, NULL),
(173, 'Nail Clipping', 'Trim your pet\'s nails carefully to maintain paw health.', '2025-08-09 20:05:00', '2025-08-09 20:20:00', 3, 5, 120, NULL),
(174, 'Car Ride for Fun', 'Take a short, safe drive for a change of scenery.', '2025-08-08 06:34:00', '2025-08-08 06:49:00', 2, 2, 136, NULL),
(175, 'Training Session', 'Work on commands and obedience training exercises.', '2025-08-08 00:25:00', '2025-08-08 01:25:00', 2, 5, 54, NULL),
(176, 'Enrichment Walk', 'Let your pet sniff around and explore at its own pace.', '2025-07-27 03:45:00', '2025-07-27 04:00:00', 1, 3, 119, NULL),
(177, 'Quiet Time with Music', 'Relax together while playing calming tunes.', '2025-07-27 06:34:00', '2025-07-27 07:34:00', 4, 2, 8, NULL),
(178, 'Feeding Time', 'Prepare and serve a nutritious meal for your pet.', '2025-07-07 00:40:00', '2025-07-07 01:25:00', 3, 1, 45, 1),
(179, 'Photo Session', 'Take cute photos to capture special moments.', '2025-07-24 14:08:00', '2025-07-24 15:08:00', 4, 5, 58, NULL),
(180, 'Puzzle Toy Time', 'Use a puzzle feeder to challenge your pet\'s mind.', '2025-07-31 08:29:00', '2025-07-31 08:44:00', 3, 1, 5, NULL),
(181, 'Enrichment Walk', 'Let your pet sniff around and explore at its own pace.', '2025-07-23 06:46:00', '2025-07-23 07:01:00', 4, 5, 134, NULL),
(182, 'Morning Walk', 'Take your pet for a brisk walk to start the day energized.', '2025-08-03 00:16:00', '2025-08-03 01:01:00', 3, 2, 59, NULL),
(183, 'DIY Toy Making', 'Create a homemade toy from household materials.', '2025-07-15 09:10:00', '2025-07-15 09:25:00', 3, 2, 100, 1),
(184, 'Playtime', 'Engage in interactive play with toys and games.', '2025-07-13 15:56:00', '2025-07-13 16:41:00', 1, 5, 74, 1),
(185, 'Training Session', 'Work on commands and obedience training exercises.', '2025-07-24 17:12:00', '2025-07-24 18:12:00', 5, 3, 49, NULL),
(186, 'Nail Clipping', 'Trim your pet\'s nails carefully to maintain paw health.', '2025-07-30 11:38:00', '2025-07-30 12:38:00', 4, 1, 102, NULL),
(187, 'Cleaning Pet Space', 'Tidy and sanitize your pet\'s bed, toys, and living area.', '2025-07-25 20:12:00', '2025-07-25 21:12:00', 3, 5, 73, NULL),
(188, 'Cleaning Pet Space', 'Tidy and sanitize your pet\'s bed, toys, and living area.', '2025-07-20 01:06:00', '2025-07-20 02:06:00', 1, 2, 127, NULL),
(189, 'Vet Checkup Prep', 'Desensitize your pet to handling paws and ears.', '2025-07-25 06:54:00', '2025-07-25 07:09:00', 3, 2, 121, NULL),
(190, 'Cleaning Pet Space', 'Tidy and sanitize your pet\'s bed, toys, and living area.', '2025-07-22 04:55:00', '2025-07-22 05:10:00', 1, 3, 28, NULL),
(191, 'Photo Session', 'Take cute photos to capture special moments.', '2025-07-27 23:42:00', '2025-07-28 00:27:00', 1, 4, 121, NULL),
(192, 'Puzzle Toy Time', 'Use a puzzle feeder to challenge your pet\'s mind.', '2025-07-10 18:20:00', '2025-07-10 18:50:00', 3, 2, 102, 1),
(193, 'Playtime', 'Engage in interactive play with toys and games.', '2025-07-24 06:54:00', '2025-07-24 07:39:00', 4, 3, 142, NULL),
(194, 'Playtime', 'Engage in interactive play with toys and games.', '2025-07-14 00:39:00', '2025-07-14 00:54:00', 4, 3, 147, 1),
(195, 'Quiet Time with Music', 'Relax together while playing calming tunes.', '2025-08-05 07:34:00', '2025-08-05 08:19:00', 1, 4, 36, NULL),
(196, 'Morning Walk', 'Take your pet for a brisk walk to start the day energized.', '2025-07-13 03:39:00', '2025-07-13 04:24:00', 2, 3, 68, 1),
(197, 'Cleaning Pet Space', 'Tidy and sanitize your pet\'s bed, toys, and living area.', '2025-08-12 07:18:00', '2025-08-12 07:48:00', 1, 5, 3, NULL),
(198, 'Agility Practice', 'Set up simple obstacles for an agility exercise.', '2025-07-07 07:48:00', '2025-07-07 08:03:00', 5, 5, 46, 1),
(199, 'Evening Cuddle Time', 'Spend quiet, affectionate time cuddling your pet.', '2025-08-10 12:37:00', '2025-08-10 13:07:00', 3, 2, 17, NULL),
(200, 'Feeding Time', 'Prepare and serve a nutritious meal for your pet.', '2025-08-02 14:03:00', '2025-08-02 14:18:00', 5, 3, 143, NULL),
(201, 'Bath Time', 'Give your pet a warm bath and gentle massage.', '2025-07-24 19:56:00', '2025-07-24 20:41:00', 2, 2, 93, NULL),
(202, 'Agility Practice', 'Set up simple obstacles for an agility exercise.', '2025-07-31 08:15:00', '2025-07-31 09:00:00', 3, 1, 131, NULL),
(203, 'Trick Review & Reinforcement', 'Practice and reward learned tricks.', '2025-07-13 03:29:00', '2025-07-13 04:29:00', 2, 2, 22, 1),
(204, 'Morning Walk', 'Take your pet for a brisk walk to start the day energized.', '2025-08-06 17:39:00', '2025-08-06 18:24:00', 1, 1, 93, NULL),
(205, 'Homemade Treat Baking', 'Bake healthy, pet-safe treats at home.', '2025-08-02 08:06:00', '2025-08-02 08:51:00', 1, 4, 144, NULL),
(206, 'Car Ride for Fun', 'Take a short, safe drive for a change of scenery.', '2025-07-27 06:11:00', '2025-07-27 06:26:00', 2, 4, 114, NULL),
(207, 'Trick Review & Reinforcement', 'Practice and reward learned tricks.', '2025-08-09 16:23:00', '2025-08-09 17:08:00', 5, 2, 124, NULL),
(208, 'Tug-of-War', 'Enjoy a friendly tug-of-war with a sturdy toy rope.', '2025-08-03 10:06:00', '2025-08-03 10:36:00', 4, 5, 9, NULL),
(209, 'Cleaning Pet Space', 'Tidy and sanitize your pet\'s bed, toys, and living area.', '2025-07-26 23:20:00', '2025-07-27 00:05:00', 4, 3, 7, NULL),
(210, 'Playtime', 'Engage in interactive play with toys and games.', '2025-07-25 01:18:00', '2025-07-25 01:33:00', 2, 1, 30, NULL),
(211, 'Evening Cuddle Time', 'Spend quiet, affectionate time cuddling your pet.', '2025-08-02 02:03:00', '2025-08-02 02:33:00', 4, 5, 55, NULL),
(212, 'Morning Walk', 'Take your pet for a brisk walk to start the day energized.', '2025-07-31 02:47:00', '2025-07-31 03:32:00', 1, 5, 38, NULL),
(213, 'Lure Chase Game', 'Use a flirt pole or laser pointer for chase fun.', '2025-07-08 03:01:00', '2025-07-08 03:31:00', 3, 4, 33, 1),
(214, 'Nail Clipping', 'Trim your pet\'s nails carefully to maintain paw health.', '2025-07-22 02:31:00', '2025-07-22 03:16:00', 4, 1, 31, NULL),
(215, 'Car Ride for Fun', 'Take a short, safe drive for a change of scenery.', '2025-08-02 18:18:00', '2025-08-02 18:33:00', 4, 1, 60, NULL),
(216, 'Enrichment Walk', 'Let your pet sniff around and explore at its own pace.', '2025-08-06 12:00:00', '2025-08-06 12:45:00', 1, 1, 99, NULL),
(217, 'Scent Work or Nose Game', 'Hide treats around the house for nose work.', '2025-07-22 06:00:00', '2025-07-22 06:15:00', 3, 2, 99, NULL),
(218, 'Homemade Treat Baking', 'Bake healthy, pet-safe treats at home.', '2025-07-24 04:33:00', '2025-07-24 04:48:00', 4, 4, 93, NULL),
(219, 'Feeding Time', 'Prepare and serve a nutritious meal for your pet.', '2025-07-21 17:33:00', '2025-07-21 18:03:00', 4, 4, 135, NULL),
(220, 'Agility Practice', 'Set up simple obstacles for an agility exercise.', '2025-07-11 18:38:00', '2025-07-11 19:08:00', 4, 5, 63, 1),
(221, 'Scent Work or Nose Game', 'Hide treats around the house for nose work.', '2025-07-24 21:16:00', '2025-07-24 22:01:00', 1, 4, 90, NULL),
(222, 'Evening Cuddle Time', 'Spend quiet, affectionate time cuddling your pet.', '2025-07-30 12:29:00', '2025-07-30 12:59:00', 1, 2, 102, NULL),
(223, 'Evening Cuddle Time', 'Spend quiet, affectionate time cuddling your pet.', '2025-07-19 15:42:00', '2025-07-19 16:27:00', 1, 2, 97, NULL),
(224, 'Homemade Treat Baking', 'Bake healthy, pet-safe treats at home.', '2025-08-11 06:54:00', '2025-08-11 07:54:00', 2, 3, 90, NULL),
(225, 'Hide-and-Seek Game', 'Play hide-and-seek to stimulate your pet\'s senses.', '2025-07-17 15:21:00', '2025-07-17 16:06:00', 3, 5, 93, NULL),
(226, 'Training Session', 'Work on commands and obedience training exercises.', '2025-07-18 14:00:00', '2025-07-18 15:00:00', 3, 5, 55, NULL),
(227, 'Lure Chase Game', 'Use a flirt pole or laser pointer for chase fun.', '2025-07-11 16:19:00', '2025-07-11 16:34:00', 2, 1, 67, 1),
(228, 'Training Session', 'Work on commands and obedience training exercises.', '2025-07-20 02:28:00', '2025-07-20 03:28:00', 1, 5, 18, NULL),
(229, 'Nail Clipping', 'Trim your pet\'s nails carefully to maintain paw health.', '2025-08-06 20:46:00', '2025-08-06 21:31:00', 1, 4, 82, NULL),
(230, 'Scent Work or Nose Game', 'Hide treats around the house for nose work.', '2025-07-17 14:39:00', '2025-07-17 15:09:00', 4, 4, 45, NULL),
(231, 'DIY Toy Making', 'Create a homemade toy from household materials.', '2025-08-09 02:25:00', '2025-08-09 02:40:00', 1, 2, 127, NULL),
(232, 'DIY Toy Making', 'Create a homemade toy from household materials.', '2025-07-27 22:32:00', '2025-07-27 23:32:00', 4, 5, 67, NULL),
(233, 'Trick Review & Reinforcement', 'Practice and reward learned tricks.', '2025-07-09 04:54:00', '2025-07-09 05:24:00', 3, 4, 79, 1),
(234, 'Trick Review & Reinforcement', 'Practice and reward learned tricks.', '2025-07-21 14:36:00', '2025-07-21 15:06:00', 5, 1, 36, NULL),
(235, 'Hide-and-Seek Game', 'Play hide-and-seek to stimulate your pet\'s senses.', '2025-07-25 05:27:00', '2025-07-25 06:12:00', 1, 1, 115, NULL),
(236, 'Evening Cuddle Time', 'Spend quiet, affectionate time cuddling your pet.', '2025-08-04 13:31:00', '2025-08-04 14:16:00', 5, 3, 36, NULL),
(237, 'Quiet Time with Music', 'Relax together while playing calming tunes.', '2025-07-14 20:51:00', '2025-07-14 21:51:00', 4, 1, 17, 1),
(238, 'Morning Walk', 'Take your pet for a brisk walk to start the day energized.', '2025-08-11 10:36:00', '2025-08-11 11:21:00', 3, 4, 68, NULL),
(239, 'Morning Walk', 'Take your pet for a brisk walk to start the day energized.', '2025-08-10 22:32:00', '2025-08-10 23:02:00', 5, 1, 32, NULL),
(240, 'Hide-and-Seek Game', 'Play hide-and-seek to stimulate your pet\'s senses.', '2025-07-19 22:21:00', '2025-07-19 23:06:00', 2, 5, 81, NULL),
(241, 'Cleaning Pet Space', 'Tidy and sanitize your pet\'s bed, toys, and living area.', '2025-08-11 11:12:00', '2025-08-11 11:57:00', 3, 1, 29, NULL),
(242, 'Enrichment Walk', 'Let your pet sniff around and explore at its own pace.', '2025-07-20 01:15:00', '2025-07-20 01:30:00', 3, 1, 34, NULL),
(243, 'DIY Toy Making', 'Create a homemade toy from household materials.', '2025-07-23 00:36:00', '2025-07-23 01:21:00', 3, 3, 25, NULL),
(244, 'Homemade Treat Baking', 'Bake healthy, pet-safe treats at home.', '2025-07-20 19:23:00', '2025-07-20 20:08:00', 2, 5, 98, NULL),
(245, 'Car Ride for Fun', 'Take a short, safe drive for a change of scenery.', '2025-07-22 06:01:00', '2025-07-22 06:46:00', 1, 5, 111, NULL),
(246, 'Lure Chase Game', 'Use a flirt pole or laser pointer for chase fun.', '2025-08-02 13:28:00', '2025-08-02 13:58:00', 2, 1, 76, NULL),
(247, 'Hide-and-Seek Game', 'Play hide-and-seek to stimulate your pet\'s senses.', '2025-07-16 19:29:00', '2025-07-16 19:44:00', 3, 4, 145, 1),
(248, 'Evening Cuddle Time', 'Spend quiet, affectionate time cuddling your pet.', '2025-07-22 12:13:00', '2025-07-22 12:28:00', 5, 3, 64, NULL),
(249, 'Quiet Time with Music', 'Relax together while playing calming tunes.', '2025-07-14 17:46:00', '2025-07-14 18:46:00', 2, 2, 134, 1),
(250, 'Bath Time', 'Give your pet a warm bath and gentle massage.', '2025-08-02 22:16:00', '2025-08-02 23:16:00', 3, 1, 68, NULL),
(251, 'Homemade Treat Baking', 'Bake healthy, pet-safe treats at home.', '2025-07-21 22:24:00', '2025-07-21 22:39:00', 3, 2, 143, NULL),
(252, 'Training Session', 'Work on commands and obedience training exercises.', '2025-07-16 16:18:00', '2025-07-16 17:18:00', 4, 3, 101, 1),
(253, 'Enrichment Walk', 'Let your pet sniff around and explore at its own pace.', '2025-07-30 12:52:00', '2025-07-30 13:07:00', 2, 4, 46, NULL),
(254, 'Feeding Time', 'Prepare and serve a nutritious meal for your pet.', '2025-08-11 08:19:00', '2025-08-11 09:19:00', 1, 1, 72, NULL),
(255, 'Vet Checkup Prep', 'Desensitize your pet to handling paws and ears.', '2025-07-11 19:06:00', '2025-07-11 19:21:00', 2, 2, 102, 1),
(256, 'Trick Review & Reinforcement', 'Practice and reward learned tricks.', '2025-07-16 10:22:00', '2025-07-16 11:07:00', 2, 3, 112, 1),
(257, 'Nail Clipping', 'Trim your pet\'s nails carefully to maintain paw health.', '2025-07-25 04:42:00', '2025-07-25 04:57:00', 2, 2, 66, NULL),
(258, 'Scent Work or Nose Game', 'Hide treats around the house for nose work.', '2025-08-03 14:25:00', '2025-08-03 14:55:00', 1, 1, 148, NULL),
(259, 'Trick Review & Reinforcement', 'Practice and reward learned tricks.', '2025-07-18 16:01:00', '2025-07-18 17:01:00', 5, 5, 67, NULL),
(260, 'Puzzle Toy Time', 'Use a puzzle feeder to challenge your pet\'s mind.', '2025-08-08 03:44:00', '2025-08-08 03:59:00', 4, 1, 3, NULL),
(261, 'Scent Work or Nose Game', 'Hide treats around the house for nose work.', '2025-07-22 06:24:00', '2025-07-22 06:54:00', 5, 3, 134, NULL),
(262, 'Morning Walk', 'Take your pet for a brisk walk to start the day energized.', '2025-07-26 18:43:00', '2025-07-26 19:13:00', 4, 4, 148, NULL),
(263, 'Trick Review & Reinforcement', 'Practice and reward learned tricks.', '2025-07-09 16:41:00', '2025-07-09 17:41:00', 1, 4, 119, 1),
(264, 'Hide-and-Seek Game', 'Play hide-and-seek to stimulate your pet\'s senses.', '2025-08-05 01:17:00', '2025-08-05 02:17:00', 2, 5, 90, NULL),
(265, 'Car Ride for Fun', 'Take a short, safe drive for a change of scenery.', '2025-08-02 19:24:00', '2025-08-02 20:09:00', 1, 1, 96, NULL),
(266, 'Puzzle Toy Time', 'Use a puzzle feeder to challenge your pet\'s mind.', '2025-08-03 15:08:00', '2025-08-03 15:38:00', 1, 2, 54, NULL),
(267, 'Nail Clipping', 'Trim your pet\'s nails carefully to maintain paw health.', '2025-07-22 15:13:00', '2025-07-22 15:28:00', 2, 1, 1, NULL),
(268, 'Car Ride for Fun', 'Take a short, safe drive for a change of scenery.', '2025-07-15 04:36:00', '2025-07-15 05:36:00', 3, 5, 145, 1),
(269, 'Lure Chase Game', 'Use a flirt pole or laser pointer for chase fun.', '2025-07-09 19:37:00', '2025-07-09 20:07:00', 2, 4, 133, 1),
(270, 'DIY Toy Making', 'Create a homemade toy from household materials.', '2025-07-10 07:02:00', '2025-07-10 08:02:00', 1, 1, 88, 1),
(271, 'Car Ride for Fun', 'Take a short, safe drive for a change of scenery.', '2025-08-06 20:59:00', '2025-08-06 21:14:00', 1, 2, 29, NULL),
(272, 'Bath Time', 'Give your pet a warm bath and gentle massage.', '2025-07-22 08:03:00', '2025-07-22 08:18:00', 2, 3, 106, NULL),
(273, 'Homemade Treat Baking', 'Bake healthy, pet-safe treats at home.', '2025-07-19 13:24:00', '2025-07-19 13:54:00', 2, 5, 21, NULL),
(274, 'Evening Cuddle Time', 'Spend quiet, affectionate time cuddling your pet.', '2025-07-20 00:25:00', '2025-07-20 00:55:00', 1, 3, 13, NULL),
(275, 'Scent Work or Nose Game', 'Hide treats around the house for nose work.', '2025-08-09 12:01:00', '2025-08-09 12:31:00', 3, 4, 2, NULL),
(276, 'DIY Toy Making', 'Create a homemade toy from household materials.', '2025-07-14 14:32:00', '2025-07-14 15:17:00', 4, 1, 124, 1),
(277, 'Hide-and-Seek Game', 'Play hide-and-seek to stimulate your pet\'s senses.', '2025-07-09 14:53:00', '2025-07-09 15:53:00', 3, 1, 148, 1),
(278, 'Puzzle Toy Time', 'Use a puzzle feeder to challenge your pet\'s mind.', '2025-07-12 23:49:00', '2025-07-13 00:49:00', 4, 2, 34, 1),
(279, 'Car Ride for Fun', 'Take a short, safe drive for a change of scenery.', '2025-07-15 21:24:00', '2025-07-15 22:24:00', 2, 4, 80, 1),
(280, 'Bath Time', 'Give your pet a warm bath and gentle massage.', '2025-07-15 20:51:00', '2025-07-15 21:06:00', 1, 1, 49, 1),
(281, 'Bath Time', 'Give your pet a warm bath and gentle massage.', '2025-07-08 03:47:00', '2025-07-08 04:17:00', 4, 4, 96, 1),
(282, 'Feeding Time', 'Prepare and serve a nutritious meal for your pet.', '2025-08-04 14:13:00', '2025-08-04 14:43:00', 5, 3, 80, NULL),
(283, 'Enrichment Walk', 'Let your pet sniff around and explore at its own pace.', '2025-08-06 19:18:00', '2025-08-06 19:48:00', 5, 5, 147, NULL),
(284, 'Tug-of-War', 'Enjoy a friendly tug-of-war with a sturdy toy rope.', '2025-07-17 13:11:00', '2025-07-17 13:41:00', 5, 2, 26, NULL),
(285, 'Training Session', 'Work on commands and obedience training exercises.', '2025-07-31 23:58:00', '2025-08-01 00:28:00', 1, 2, 31, NULL),
(286, 'Playtime', 'Engage in interactive play with toys and games.', '2025-07-19 20:00:00', '2025-07-19 20:15:00', 2, 1, 85, NULL),
(287, 'Enrichment Walk', 'Let your pet sniff around and explore at its own pace.', '2025-07-08 08:54:00', '2025-07-08 09:09:00', 1, 2, 40, 1),
(288, 'Agility Practice', 'Set up simple obstacles for an agility exercise.', '2025-08-08 08:22:00', '2025-08-08 09:22:00', 4, 5, 110, NULL),
(289, 'Hide-and-Seek Game', 'Play hide-and-seek to stimulate your pet\'s senses.', '2025-08-04 11:52:00', '2025-08-04 12:37:00', 4, 5, 105, NULL),
(290, 'Homemade Treat Baking', 'Bake healthy, pet-safe treats at home.', '2025-07-21 02:25:00', '2025-07-21 02:55:00', 2, 1, 147, NULL),
(291, 'Photo Session', 'Take cute photos to capture special moments.', '2025-08-08 19:09:00', '2025-08-08 19:24:00', 4, 4, 24, NULL),
(292, 'DIY Toy Making', 'Create a homemade toy from household materials.', '2025-07-24 01:16:00', '2025-07-24 02:16:00', 1, 1, 43, NULL),
(293, 'Fetch in the Yard or Park', 'Throw a ball or frisbee for your pet to retrieve.', '2025-07-12 20:57:00', '2025-07-12 21:27:00', 5, 3, 84, 1),
(294, 'Car Ride for Fun', 'Take a short, safe drive for a change of scenery.', '2025-07-15 14:04:00', '2025-07-15 15:04:00', 3, 4, 148, 1),
(295, 'Agility Practice', 'Set up simple obstacles for an agility exercise.', '2025-08-08 08:25:00', '2025-08-08 08:55:00', 4, 4, 25, NULL),
(296, 'Morning Walk', 'Take your pet for a brisk walk to start the day energized.', '2025-07-31 12:31:00', '2025-07-31 13:01:00', 5, 5, 38, NULL),
(297, 'Tug-of-War', 'Enjoy a friendly tug-of-war with a sturdy toy rope.', '2025-08-09 11:51:00', '2025-08-09 12:21:00', 3, 1, 100, NULL),
(298, 'Enrichment Walk', 'Let your pet sniff around and explore at its own pace.', '2025-07-11 02:42:00', '2025-07-11 02:57:00', 3, 5, 53, 1),
(299, 'Fetch in the Yard or Park', 'Throw a ball or frisbee for your pet to retrieve.', '2025-07-17 01:13:00', '2025-07-17 02:13:00', 4, 5, 55, NULL),
(300, 'Feeding Time', 'Prepare and serve a nutritious meal for your pet.', '2025-07-12 19:01:00', '2025-07-12 19:46:00', 1, 5, 122, 1),
(301, 'Vet Checkup Prep', 'Desensitize your pet to handling paws and ears.', '2025-07-30 16:55:00', '2025-07-30 17:10:00', 5, 4, 110, NULL),
(302, 'Hide-and-Seek Game', 'Play hide-and-seek to stimulate your pet\'s senses.', '2025-08-09 18:28:00', '2025-08-09 18:58:00', 4, 4, 36, NULL),
(303, 'Trick Review & Reinforcement', 'Practice and reward learned tricks.', '2025-07-24 02:42:00', '2025-07-24 02:57:00', 1, 1, 69, NULL),
(304, 'Nail Clipping', 'Trim your pet\'s nails carefully to maintain paw health.', '2025-07-13 16:23:00', '2025-07-13 16:38:00', 1, 3, 137, 1),
(305, 'Feeding Time', 'Prepare and serve a nutritious meal for your pet.', '2025-07-27 14:27:00', '2025-07-27 15:12:00', 3, 4, 126, NULL),
(306, 'Enrichment Walk', 'Let your pet sniff around and explore at its own pace.', '2025-08-07 21:54:00', '2025-08-07 22:54:00', 3, 3, 61, NULL),
(307, 'Car Ride for Fun', 'Take a short, safe drive for a change of scenery.', '2025-07-07 19:25:00', '2025-07-07 20:10:00', 2, 2, 89, 1),
(308, 'Vet Checkup Prep', 'Desensitize your pet to handling paws and ears.', '2025-08-06 05:55:00', '2025-08-06 06:10:00', 5, 2, 40, NULL),
(309, 'Homemade Treat Baking', 'Bake healthy, pet-safe treats at home.', '2025-07-17 08:02:00', '2025-07-17 08:47:00', 4, 4, 94, NULL),
(310, 'Homemade Treat Baking', 'Bake healthy, pet-safe treats at home.', '2025-07-30 08:33:00', '2025-07-30 09:18:00', 1, 5, 17, NULL),
(311, 'Trick Review & Reinforcement', 'Practice and reward learned tricks.', '2025-08-08 03:33:00', '2025-08-08 04:18:00', 1, 2, 102, NULL),
(312, 'Fetch in the Yard or Park', 'Throw a ball or frisbee for your pet to retrieve.', '2025-07-15 05:28:00', '2025-07-15 05:43:00', 2, 2, 14, 1),
(313, 'Morning Walk', 'Take your pet for a brisk walk to start the day energized.', '2025-08-04 01:01:00', '2025-08-04 02:01:00', 5, 5, 51, NULL),
(314, 'Enrichment Walk', 'Let your pet sniff around and explore at its own pace.', '2025-08-10 16:41:00', '2025-08-10 17:11:00', 5, 3, 11, NULL),
(315, 'Tug-of-War', 'Enjoy a friendly tug-of-war with a sturdy toy rope.', '2025-07-09 17:44:00', '2025-07-09 17:59:00', 1, 2, 61, 1),
(316, 'Trick Review & Reinforcement', 'Practice and reward learned tricks.', '2025-08-10 08:37:00', '2025-08-10 09:37:00', 2, 2, 33, NULL),
(317, 'Tug-of-War', 'Enjoy a friendly tug-of-war with a sturdy toy rope.', '2025-07-24 19:55:00', '2025-07-24 20:40:00', 1, 1, 60, NULL),
(318, 'Nail Clipping', 'Trim your pet\'s nails carefully to maintain paw health.', '2025-08-04 11:51:00', '2025-08-04 12:36:00', 5, 1, 51, NULL),
(319, 'Vet Checkup Prep', 'Desensitize your pet to handling paws and ears.', '2025-07-27 04:24:00', '2025-07-27 04:39:00', 1, 4, 19, NULL),
(320, 'Vet Checkup Prep', 'Desensitize your pet to handling paws and ears.', '2025-08-09 23:09:00', '2025-08-10 00:09:00', 2, 1, 93, NULL),
(321, 'Trick Review & Reinforcement', 'Practice and reward learned tricks.', '2025-07-21 06:52:00', '2025-07-21 07:07:00', 4, 2, 75, NULL),
(322, 'Lure Chase Game', 'Use a flirt pole or laser pointer for chase fun.', '2025-07-07 09:39:00', '2025-07-07 10:39:00', 3, 2, 139, 1),
(323, 'Bath Time', 'Give your pet a warm bath and gentle massage.', '2025-07-16 13:47:00', '2025-07-16 14:02:00', 5, 2, 137, 1),
(324, 'DIY Toy Making', 'Create a homemade toy from household materials.', '2025-07-30 14:57:00', '2025-07-30 15:42:00', 2, 1, 101, NULL),
(325, 'Homemade Treat Baking', 'Bake healthy, pet-safe treats at home.', '2025-07-22 14:59:00', '2025-07-22 15:14:00', 1, 1, 45, NULL),
(326, 'Tug-of-War', 'Enjoy a friendly tug-of-war with a sturdy toy rope.', '2025-07-27 19:06:00', '2025-07-27 19:36:00', 5, 1, 138, NULL),
(327, 'Trick Review & Reinforcement', 'Practice and reward learned tricks.', '2025-08-02 00:30:00', '2025-08-02 01:15:00', 2, 5, 129, NULL),
(328, 'Playtime', 'Engage in interactive play with toys and games.', '2025-07-13 19:10:00', '2025-07-13 19:25:00', 3, 1, 43, 1),
(329, 'Agility Practice', 'Set up simple obstacles for an agility exercise.', '2025-07-19 03:37:00', '2025-07-19 03:52:00', 4, 2, 148, NULL),
(330, 'Puzzle Toy Time', 'Use a puzzle feeder to challenge your pet\'s mind.', '2025-07-07 06:07:00', '2025-07-07 06:22:00', 2, 1, 41, 1),
(331, 'Car Ride for Fun', 'Take a short, safe drive for a change of scenery.', '2025-07-20 04:44:00', '2025-07-20 05:14:00', 3, 4, 30, NULL),
(332, 'Vet Checkup Prep', 'Desensitize your pet to handling paws and ears.', '2025-07-12 23:25:00', '2025-07-12 23:40:00', 3, 4, 124, 1),
(333, 'Vet Checkup Prep', 'Desensitize your pet to handling paws and ears.', '2025-07-11 03:38:00', '2025-07-11 04:23:00', 5, 4, 71, 1),
(334, 'Enrichment Walk', 'Let your pet sniff around and explore at its own pace.', '2025-07-21 19:26:00', '2025-07-21 20:26:00', 4, 4, 147, NULL),
(335, 'DIY Toy Making', 'Create a homemade toy from household materials.', '2025-07-31 03:58:00', '2025-07-31 04:13:00', 4, 2, 35, NULL),
(336, 'Morning Walk', 'Take your pet for a brisk walk to start the day energized.', '2025-08-12 00:55:00', '2025-08-12 01:10:00', 3, 3, 141, NULL),
(337, 'Hide-and-Seek Game', 'Play hide-and-seek to stimulate your pet\'s senses.', '2025-08-04 08:17:00', '2025-08-04 09:02:00', 1, 1, 23, NULL),
(338, 'Tug-of-War', 'Enjoy a friendly tug-of-war with a sturdy toy rope.', '2025-08-08 01:34:00', '2025-08-08 02:34:00', 5, 1, 80, NULL),
(339, 'Scent Work or Nose Game', 'Hide treats around the house for nose work.', '2025-07-11 11:44:00', '2025-07-11 12:44:00', 3, 5, 37, 1),
(340, 'Morning Walk', 'Take your pet for a brisk walk to start the day energized.', '2025-07-22 13:31:00', '2025-07-22 14:01:00', 1, 3, 109, NULL),
(341, 'Hide-and-Seek Game', 'Play hide-and-seek to stimulate your pet\'s senses.', '2025-07-21 22:08:00', '2025-07-21 22:38:00', 2, 1, 84, NULL),
(342, 'Car Ride for Fun', 'Take a short, safe drive for a change of scenery.', '2025-08-01 04:33:00', '2025-08-01 05:18:00', 5, 5, 133, NULL),
(343, 'Photo Session', 'Take cute photos to capture special moments.', '2025-07-29 18:06:00', '2025-07-29 19:06:00', 5, 4, 24, NULL),
(344, 'DIY Toy Making', 'Create a homemade toy from household materials.', '2025-07-19 21:34:00', '2025-07-19 22:04:00', 2, 4, 115, NULL),
(345, 'Playtime', 'Engage in interactive play with toys and games.', '2025-07-19 19:57:00', '2025-07-19 20:12:00', 3, 1, 108, NULL),
(346, 'Scent Work or Nose Game', 'Hide treats around the house for nose work.', '2025-07-11 18:01:00', '2025-07-11 19:01:00', 4, 2, 76, 1),
(347, 'Trick Review & Reinforcement', 'Practice and reward learned tricks.', '2025-08-03 20:44:00', '2025-08-03 20:59:00', 2, 1, 5, NULL),
(348, 'Car Ride for Fun', 'Take a short, safe drive for a change of scenery.', '2025-07-25 08:00:00', '2025-07-25 08:15:00', 1, 3, 116, NULL),
(349, 'Trick Review & Reinforcement', 'Practice and reward learned tricks.', '2025-07-16 16:38:00', '2025-07-16 17:38:00', 2, 3, 20, 1),
(350, 'Homemade Treat Baking', 'Bake healthy, pet-safe treats at home.', '2025-07-10 22:56:00', '2025-07-10 23:11:00', 3, 5, 95, 1),
(351, 'Scent Work or Nose Game', 'Hide treats around the house for nose work.', '2025-07-26 19:36:00', '2025-07-26 20:36:00', 2, 3, 137, NULL),
(352, 'Evening Cuddle Time', 'Spend quiet, affectionate time cuddling your pet.', '2025-08-08 05:44:00', '2025-08-08 06:29:00', 3, 4, 121, NULL),
(353, 'Car Ride for Fun', 'Take a short, safe drive for a change of scenery.', '2025-08-08 18:19:00', '2025-08-08 19:19:00', 1, 2, 87, NULL),
(354, 'Car Ride for Fun', 'Take a short, safe drive for a change of scenery.', '2025-07-20 06:07:00', '2025-07-20 06:22:00', 4, 5, 31, NULL),
(355, 'Homemade Treat Baking', 'Bake healthy, pet-safe treats at home.', '2025-08-12 11:33:00', '2025-08-12 12:33:00', 1, 1, 24, NULL),
(356, 'Puzzle Toy Time', 'Use a puzzle feeder to challenge your pet\'s mind.', '2025-07-16 07:01:00', '2025-07-16 07:31:00', 1, 1, 4, 1),
(357, 'Agility Practice', 'Set up simple obstacles for an agility exercise.', '2025-07-27 15:30:00', '2025-07-27 16:00:00', 5, 2, 19, NULL),
(358, 'Morning Walk', 'Take your pet for a brisk walk to start the day energized.', '2025-07-10 17:49:00', '2025-07-10 18:49:00', 3, 1, 127, 1),
(359, 'Photo Session', 'Take cute photos to capture special moments.', '2025-08-11 19:21:00', '2025-08-11 19:36:00', 5, 5, 50, NULL);
INSERT INTO `Tasks` (`TaskID`, `TaskName`, `TaskDescription`, `TaskStart`, `TaskEnd`, `TaskImportance`, `TaskDifficulty`, `TaskPetID`, `TaskTaskstatusID`) VALUES
(360, 'Trick Review & Reinforcement', 'Practice and reward learned tricks.', '2025-07-24 13:07:00', '2025-07-24 13:22:00', 1, 3, 98, NULL),
(361, 'Tug-of-War', 'Enjoy a friendly tug-of-war with a sturdy toy rope.', '2025-07-21 07:33:00', '2025-07-21 08:03:00', 3, 5, 143, NULL),
(362, 'Bath Time', 'Give your pet a warm bath and gentle massage.', '2025-07-27 05:59:00', '2025-07-27 06:59:00', 3, 3, 17, NULL),
(363, 'Bath Time', 'Give your pet a warm bath and gentle massage.', '2025-07-19 06:38:00', '2025-07-19 07:38:00', 3, 2, 19, NULL),
(364, 'Morning Walk', 'Take your pet for a brisk walk to start the day energized.', '2025-08-08 18:20:00', '2025-08-08 18:50:00', 5, 4, 55, NULL),
(365, 'Puzzle Toy Time', 'Use a puzzle feeder to challenge your pet\'s mind.', '2025-07-23 08:48:00', '2025-07-23 09:18:00', 4, 5, 63, NULL),
(366, 'Vet Checkup Prep', 'Desensitize your pet to handling paws and ears.', '2025-08-09 00:25:00', '2025-08-09 00:55:00', 4, 3, 113, NULL),
(367, 'Tug-of-War', 'Enjoy a friendly tug-of-war with a sturdy toy rope.', '2025-08-10 22:44:00', '2025-08-10 23:29:00', 4, 5, 109, NULL),
(368, 'Quiet Time with Music', 'Relax together while playing calming tunes.', '2025-08-04 01:51:00', '2025-08-04 02:06:00', 1, 2, 69, NULL),
(369, 'Feeding Time', 'Prepare and serve a nutritious meal for your pet.', '2025-07-12 12:05:00', '2025-07-12 12:50:00', 4, 3, 143, 1),
(370, 'Tug-of-War', 'Enjoy a friendly tug-of-war with a sturdy toy rope.', '2025-07-09 20:27:00', '2025-07-09 21:12:00', 4, 3, 103, 1),
(371, 'Trick Review & Reinforcement', 'Practice and reward learned tricks.', '2025-07-21 21:36:00', '2025-07-21 22:21:00', 4, 2, 128, NULL),
(372, 'Puzzle Toy Time', 'Use a puzzle feeder to challenge your pet\'s mind.', '2025-07-28 19:18:00', '2025-07-28 20:03:00', 2, 4, 120, NULL),
(373, 'Hide-and-Seek Game', 'Play hide-and-seek to stimulate your pet\'s senses.', '2025-07-26 12:03:00', '2025-07-26 12:48:00', 3, 3, 1, NULL),
(374, 'Nail Clipping', 'Trim your pet\'s nails carefully to maintain paw health.', '2025-07-07 19:28:00', '2025-07-07 19:58:00', 5, 4, 22, 1),
(375, 'Hide-and-Seek Game', 'Play hide-and-seek to stimulate your pet\'s senses.', '2025-08-11 05:56:00', '2025-08-11 06:56:00', 5, 3, 60, NULL),
(376, 'Fetch in the Yard or Park', 'Throw a ball or frisbee for your pet to retrieve.', '2025-08-11 04:08:00', '2025-08-11 04:53:00', 1, 3, 114, NULL),
(377, 'Enrichment Walk', 'Let your pet sniff around and explore at its own pace.', '2025-08-03 22:17:00', '2025-08-03 23:17:00', 3, 2, 96, NULL),
(378, 'Homemade Treat Baking', 'Bake healthy, pet-safe treats at home.', '2025-08-10 22:31:00', '2025-08-10 23:31:00', 3, 5, 98, NULL),
(379, 'Trick Review & Reinforcement', 'Practice and reward learned tricks.', '2025-07-22 15:58:00', '2025-07-22 16:58:00', 1, 1, 97, NULL),
(380, 'DIY Toy Making', 'Create a homemade toy from household materials.', '2025-07-26 21:05:00', '2025-07-26 21:50:00', 4, 4, 126, NULL),
(381, 'Lure Chase Game', 'Use a flirt pole or laser pointer for chase fun.', '2025-07-19 07:04:00', '2025-07-19 07:19:00', 5, 2, 43, NULL),
(382, 'Homemade Treat Baking', 'Bake healthy, pet-safe treats at home.', '2025-07-24 12:28:00', '2025-07-24 13:28:00', 5, 1, 68, NULL),
(383, 'Tug-of-War', 'Enjoy a friendly tug-of-war with a sturdy toy rope.', '2025-07-18 00:50:00', '2025-07-18 01:35:00', 1, 1, 150, NULL),
(384, 'Hide-and-Seek Game', 'Play hide-and-seek to stimulate your pet\'s senses.', '2025-08-09 11:59:00', '2025-08-09 12:29:00', 2, 3, 101, NULL),
(385, 'Lure Chase Game', 'Use a flirt pole or laser pointer for chase fun.', '2025-07-18 23:13:00', '2025-07-18 23:58:00', 5, 5, 12, NULL),
(386, 'Lure Chase Game', 'Use a flirt pole or laser pointer for chase fun.', '2025-07-26 22:49:00', '2025-07-26 23:49:00', 3, 1, 64, NULL),
(387, 'Morning Walk', 'Take your pet for a brisk walk to start the day energized.', '2025-07-19 15:31:00', '2025-07-19 16:31:00', 5, 2, 16, NULL),
(388, 'Feeding Time', 'Prepare and serve a nutritious meal for your pet.', '2025-07-30 19:39:00', '2025-07-30 20:09:00', 2, 3, 26, NULL),
(389, 'Scent Work or Nose Game', 'Hide treats around the house for nose work.', '2025-08-03 23:54:00', '2025-08-04 00:09:00', 4, 4, 94, NULL),
(390, 'Hide-and-Seek Game', 'Play hide-and-seek to stimulate your pet\'s senses.', '2025-08-04 12:01:00', '2025-08-04 13:01:00', 5, 4, 25, NULL),
(391, 'Vet Checkup Prep', 'Desensitize your pet to handling paws and ears.', '2025-08-05 08:43:00', '2025-08-05 09:43:00', 4, 3, 57, NULL),
(392, 'Photo Session', 'Take cute photos to capture special moments.', '2025-07-25 10:01:00', '2025-07-25 10:46:00', 3, 5, 126, NULL),
(393, 'Vet Checkup Prep', 'Desensitize your pet to handling paws and ears.', '2025-07-09 12:53:00', '2025-07-09 13:23:00', 4, 3, 68, 1),
(394, 'Feeding Time', 'Prepare and serve a nutritious meal for your pet.', '2025-08-05 05:46:00', '2025-08-05 06:31:00', 5, 3, 62, NULL),
(395, 'Feeding Time', 'Prepare and serve a nutritious meal for your pet.', '2025-07-09 00:36:00', '2025-07-09 01:36:00', 4, 1, 44, 1),
(396, 'Fetch in the Yard or Park', 'Throw a ball or frisbee for your pet to retrieve.', '2025-07-21 00:31:00', '2025-07-21 00:46:00', 5, 3, 57, NULL),
(397, 'Feeding Time', 'Prepare and serve a nutritious meal for your pet.', '2025-07-11 10:32:00', '2025-07-11 11:17:00', 5, 3, 68, 1),
(398, 'Fetch in the Yard or Park', 'Throw a ball or frisbee for your pet to retrieve.', '2025-07-11 19:33:00', '2025-07-11 20:33:00', 4, 4, 111, 1),
(399, 'Playtime', 'Engage in interactive play with toys and games.', '2025-07-23 14:31:00', '2025-07-23 15:16:00', 4, 3, 32, NULL),
(400, 'Enrichment Walk', 'Let your pet sniff around and explore at its own pace.', '2025-07-30 14:10:00', '2025-07-30 14:55:00', 1, 4, 135, NULL),
(401, 'Trick Review & Reinforcement', 'Practice and reward learned tricks.', '2025-07-19 17:18:00', '2025-07-19 18:18:00', 5, 3, 93, NULL),
(402, 'Puzzle Toy Time', 'Use a puzzle feeder to challenge your pet\'s mind.', '2025-08-12 05:43:00', '2025-08-12 05:58:00', 2, 3, 54, NULL),
(403, 'Cleaning Pet Space', 'Tidy and sanitize your pet\'s bed, toys, and living area.', '2025-07-11 11:30:00', '2025-07-11 12:30:00', 3, 4, 136, 1),
(404, 'Scent Work or Nose Game', 'Hide treats around the house for nose work.', '2025-07-23 07:39:00', '2025-07-23 07:54:00', 5, 4, 26, NULL),
(405, 'Agility Practice', 'Set up simple obstacles for an agility exercise.', '2025-07-08 00:36:00', '2025-07-08 01:06:00', 5, 5, 33, 1),
(406, 'Trick Review & Reinforcement', 'Practice and reward learned tricks.', '2025-07-29 13:41:00', '2025-07-29 14:11:00', 2, 4, 17, NULL),
(407, 'Agility Practice', 'Set up simple obstacles for an agility exercise.', '2025-07-13 04:21:00', '2025-07-13 04:51:00', 1, 3, 88, 1),
(408, 'Scent Work or Nose Game', 'Hide treats around the house for nose work.', '2025-07-23 13:02:00', '2025-07-23 14:02:00', 2, 4, 69, NULL),
(409, 'Vet Checkup Prep', 'Desensitize your pet to handling paws and ears.', '2025-08-09 10:24:00', '2025-08-09 10:54:00', 2, 1, 137, NULL),
(410, 'DIY Toy Making', 'Create a homemade toy from household materials.', '2025-07-11 21:43:00', '2025-07-11 22:13:00', 2, 4, 140, 1),
(411, 'Puzzle Toy Time', 'Use a puzzle feeder to challenge your pet\'s mind.', '2025-08-07 03:02:00', '2025-08-07 04:02:00', 5, 2, 78, NULL),
(412, 'Fetch in the Yard or Park', 'Throw a ball or frisbee for your pet to retrieve.', '2025-07-29 02:06:00', '2025-07-29 02:51:00', 1, 2, 124, NULL),
(413, 'Playtime', 'Engage in interactive play with toys and games.', '2025-08-01 08:33:00', '2025-08-01 09:18:00', 4, 3, 39, NULL),
(414, 'Feeding Time', 'Prepare and serve a nutritious meal for your pet.', '2025-07-21 02:01:00', '2025-07-21 02:16:00', 2, 1, 61, NULL),
(415, 'Tug-of-War', 'Enjoy a friendly tug-of-war with a sturdy toy rope.', '2025-07-25 11:58:00', '2025-07-25 12:13:00', 3, 4, 142, NULL),
(416, 'Morning Walk', 'Take your pet for a brisk walk to start the day energized.', '2025-08-03 09:30:00', '2025-08-03 10:15:00', 1, 3, 69, NULL),
(417, 'Trick Review & Reinforcement', 'Practice and reward learned tricks.', '2025-07-31 05:14:00', '2025-07-31 06:14:00', 4, 3, 93, NULL),
(418, 'Agility Practice', 'Set up simple obstacles for an agility exercise.', '2025-07-17 19:08:00', '2025-07-17 19:53:00', 5, 3, 128, NULL),
(419, 'Lure Chase Game', 'Use a flirt pole or laser pointer for chase fun.', '2025-08-09 22:32:00', '2025-08-09 23:32:00', 3, 5, 71, NULL),
(420, 'Nail Clipping', 'Trim your pet\'s nails carefully to maintain paw health.', '2025-07-31 16:23:00', '2025-07-31 17:08:00', 3, 1, 71, NULL),
(421, 'Playtime', 'Engage in interactive play with toys and games.', '2025-08-08 13:18:00', '2025-08-08 13:48:00', 2, 2, 138, NULL),
(422, 'Morning Walk', 'Take your pet for a brisk walk to start the day energized.', '2025-08-09 14:17:00', '2025-08-09 15:17:00', 3, 2, 148, NULL),
(423, 'Cleaning Pet Space', 'Tidy and sanitize your pet\'s bed, toys, and living area.', '2025-07-19 17:32:00', '2025-07-19 18:17:00', 5, 4, 122, NULL),
(424, 'Lure Chase Game', 'Use a flirt pole or laser pointer for chase fun.', '2025-07-13 13:39:00', '2025-07-13 13:54:00', 5, 3, 85, 1),
(425, 'Cleaning Pet Space', 'Tidy and sanitize your pet\'s bed, toys, and living area.', '2025-07-14 05:24:00', '2025-07-14 05:39:00', 3, 2, 115, 1),
(426, 'DIY Toy Making', 'Create a homemade toy from household materials.', '2025-07-22 08:29:00', '2025-07-22 08:44:00', 2, 2, 15, NULL),
(427, 'Bath Time', 'Give your pet a warm bath and gentle massage.', '2025-08-02 01:00:00', '2025-08-02 02:00:00', 4, 5, 61, NULL),
(428, 'Puzzle Toy Time', 'Use a puzzle feeder to challenge your pet\'s mind.', '2025-07-21 16:23:00', '2025-07-21 17:23:00', 1, 1, 131, NULL),
(429, 'Puzzle Toy Time', 'Use a puzzle feeder to challenge your pet\'s mind.', '2025-07-16 23:49:00', '2025-07-17 00:49:00', 5, 2, 115, NULL),
(430, 'Puzzle Toy Time', 'Use a puzzle feeder to challenge your pet\'s mind.', '2025-07-23 16:02:00', '2025-07-23 16:17:00', 3, 4, 75, NULL),
(431, 'Enrichment Walk', 'Let your pet sniff around and explore at its own pace.', '2025-08-04 05:38:00', '2025-08-04 06:38:00', 5, 1, 141, NULL),
(432, 'Playtime', 'Engage in interactive play with toys and games.', '2025-08-05 18:00:00', '2025-08-05 18:45:00', 3, 5, 20, NULL),
(433, 'Vet Checkup Prep', 'Desensitize your pet to handling paws and ears.', '2025-08-05 15:38:00', '2025-08-05 16:38:00', 1, 2, 22, NULL),
(434, 'Tug-of-War', 'Enjoy a friendly tug-of-war with a sturdy toy rope.', '2025-07-10 09:19:00', '2025-07-10 10:04:00', 2, 1, 78, 1),
(435, 'Evening Cuddle Time', 'Spend quiet, affectionate time cuddling your pet.', '2025-08-11 04:24:00', '2025-08-11 05:24:00', 1, 2, 72, NULL),
(436, 'Enrichment Walk', 'Let your pet sniff around and explore at its own pace.', '2025-07-27 16:27:00', '2025-07-27 16:42:00', 4, 2, 11, NULL),
(437, 'Evening Cuddle Time', 'Spend quiet, affectionate time cuddling your pet.', '2025-08-09 10:48:00', '2025-08-09 11:18:00', 2, 2, 133, NULL),
(438, 'Enrichment Walk', 'Let your pet sniff around and explore at its own pace.', '2025-07-19 06:28:00', '2025-07-19 07:13:00', 4, 3, 10, NULL),
(439, 'Car Ride for Fun', 'Take a short, safe drive for a change of scenery.', '2025-07-19 07:45:00', '2025-07-19 08:15:00', 2, 4, 12, NULL),
(440, 'Playtime', 'Engage in interactive play with toys and games.', '2025-07-09 13:35:00', '2025-07-09 13:50:00', 5, 2, 94, 1),
(441, 'Nail Clipping', 'Trim your pet\'s nails carefully to maintain paw health.', '2025-07-29 09:27:00', '2025-07-29 10:27:00', 1, 3, 126, NULL),
(442, 'Vet Checkup Prep', 'Desensitize your pet to handling paws and ears.', '2025-08-03 00:46:00', '2025-08-03 01:16:00', 4, 4, 43, NULL),
(443, 'Cleaning Pet Space', 'Tidy and sanitize your pet\'s bed, toys, and living area.', '2025-08-05 20:25:00', '2025-08-05 20:40:00', 4, 1, 62, NULL),
(444, 'Nail Clipping', 'Trim your pet\'s nails carefully to maintain paw health.', '2025-07-16 20:28:00', '2025-07-16 21:28:00', 3, 1, 91, 1),
(445, 'Puzzle Toy Time', 'Use a puzzle feeder to challenge your pet\'s mind.', '2025-07-10 02:26:00', '2025-07-10 02:56:00', 2, 4, 57, 1),
(446, 'Cleaning Pet Space', 'Tidy and sanitize your pet\'s bed, toys, and living area.', '2025-07-08 23:32:00', '2025-07-09 00:32:00', 2, 2, 12, 1),
(447, 'Car Ride for Fun', 'Take a short, safe drive for a change of scenery.', '2025-07-15 07:29:00', '2025-07-15 08:14:00', 2, 2, 145, 1),
(448, 'Vet Checkup Prep', 'Desensitize your pet to handling paws and ears.', '2025-08-10 04:37:00', '2025-08-10 04:52:00', 3, 4, 118, NULL),
(449, 'Quiet Time with Music', 'Relax together while playing calming tunes.', '2025-07-31 06:43:00', '2025-07-31 06:58:00', 4, 1, 61, NULL),
(450, 'Feeding Time', 'Prepare and serve a nutritious meal for your pet.', '2025-08-12 03:55:00', '2025-08-12 04:40:00', 3, 4, 141, NULL),
(451, 'Agility Practice', 'Set up simple obstacles for an agility exercise.', '2025-07-07 09:11:00', '2025-07-07 09:56:00', 5, 4, 127, 1),
(452, 'Scent Work or Nose Game', 'Hide treats around the house for nose work.', '2025-07-30 07:20:00', '2025-07-30 08:05:00', 5, 5, 35, NULL),
(453, 'Quiet Time with Music', 'Relax together while playing calming tunes.', '2025-07-13 13:52:00', '2025-07-13 14:22:00', 1, 1, 92, 1),
(454, 'Fetch in the Yard or Park', 'Throw a ball or frisbee for your pet to retrieve.', '2025-07-14 09:32:00', '2025-07-14 10:32:00', 2, 5, 74, 1),
(455, 'Training Session', 'Work on commands and obedience training exercises.', '2025-07-17 20:52:00', '2025-07-17 21:22:00', 2, 3, 16, NULL),
(456, 'Morning Walk', 'Take your pet for a brisk walk to start the day energized.', '2025-07-19 12:53:00', '2025-07-19 13:08:00', 1, 4, 90, NULL),
(457, 'Lure Chase Game', 'Use a flirt pole or laser pointer for chase fun.', '2025-07-30 17:15:00', '2025-07-30 17:45:00', 2, 3, 56, NULL),
(458, 'Nail Clipping', 'Trim your pet\'s nails carefully to maintain paw health.', '2025-08-08 17:51:00', '2025-08-08 18:21:00', 3, 1, 71, NULL),
(459, 'Puzzle Toy Time', 'Use a puzzle feeder to challenge your pet\'s mind.', '2025-07-24 19:26:00', '2025-07-24 20:26:00', 3, 1, 83, NULL),
(460, 'Nail Clipping', 'Trim your pet\'s nails carefully to maintain paw health.', '2025-08-05 06:11:00', '2025-08-05 07:11:00', 2, 5, 84, NULL),
(461, 'Agility Practice', 'Set up simple obstacles for an agility exercise.', '2025-07-09 20:57:00', '2025-07-09 21:42:00', 1, 4, 148, 1),
(462, 'Vet Checkup Prep', 'Desensitize your pet to handling paws and ears.', '2025-07-09 11:07:00', '2025-07-09 12:07:00', 4, 4, 21, 1),
(463, 'Nail Clipping', 'Trim your pet\'s nails carefully to maintain paw health.', '2025-07-11 06:02:00', '2025-07-11 06:32:00', 4, 3, 19, 1),
(464, 'Tug-of-War', 'Enjoy a friendly tug-of-war with a sturdy toy rope.', '2025-08-11 08:12:00', '2025-08-11 08:27:00', 4, 2, 20, NULL),
(465, 'Training Session', 'Work on commands and obedience training exercises.', '2025-07-11 04:44:00', '2025-07-11 05:44:00', 3, 3, 40, 1),
(466, 'Fetch in the Yard or Park', 'Throw a ball or frisbee for your pet to retrieve.', '2025-07-17 00:29:00', '2025-07-17 00:59:00', 5, 1, 11, NULL),
(467, 'Feeding Time', 'Prepare and serve a nutritious meal for your pet.', '2025-07-30 14:55:00', '2025-07-30 15:55:00', 4, 5, 144, NULL),
(468, 'Quiet Time with Music', 'Relax together while playing calming tunes.', '2025-07-30 18:54:00', '2025-07-30 19:39:00', 4, 3, 141, NULL),
(469, 'Trick Review & Reinforcement', 'Practice and reward learned tricks.', '2025-08-06 12:56:00', '2025-08-06 13:11:00', 1, 1, 105, NULL),
(470, 'Hide-and-Seek Game', 'Play hide-and-seek to stimulate your pet\'s senses.', '2025-07-25 18:44:00', '2025-07-25 19:44:00', 4, 5, 127, NULL),
(471, 'DIY Toy Making', 'Create a homemade toy from household materials.', '2025-08-05 12:32:00', '2025-08-05 13:02:00', 5, 4, 122, NULL),
(472, 'Cleaning Pet Space', 'Tidy and sanitize your pet\'s bed, toys, and living area.', '2025-08-03 15:30:00', '2025-08-03 15:45:00', 5, 2, 98, NULL),
(473, 'Playtime', 'Engage in interactive play with toys and games.', '2025-08-06 07:29:00', '2025-08-06 07:44:00', 1, 4, 143, NULL),
(474, 'Enrichment Walk', 'Let your pet sniff around and explore at its own pace.', '2025-07-18 06:37:00', '2025-07-18 07:22:00', 2, 1, 47, NULL),
(475, 'Nail Clipping', 'Trim your pet\'s nails carefully to maintain paw health.', '2025-07-16 15:24:00', '2025-07-16 16:24:00', 3, 3, 136, 1),
(476, 'Vet Checkup Prep', 'Desensitize your pet to handling paws and ears.', '2025-07-14 23:17:00', '2025-07-14 23:32:00', 3, 4, 111, 1),
(477, 'Enrichment Walk', 'Let your pet sniff around and explore at its own pace.', '2025-07-15 15:11:00', '2025-07-15 15:26:00', 3, 4, 26, 1),
(478, 'Nail Clipping', 'Trim your pet\'s nails carefully to maintain paw health.', '2025-07-25 08:37:00', '2025-07-25 09:07:00', 1, 2, 30, NULL),
(479, 'Evening Cuddle Time', 'Spend quiet, affectionate time cuddling your pet.', '2025-07-12 11:06:00', '2025-07-12 11:36:00', 4, 4, 114, 1),
(480, 'Vet Checkup Prep', 'Desensitize your pet to handling paws and ears.', '2025-07-27 19:13:00', '2025-07-27 19:58:00', 3, 3, 40, NULL),
(481, 'Homemade Treat Baking', 'Bake healthy, pet-safe treats at home.', '2025-07-13 05:03:00', '2025-07-13 05:33:00', 1, 1, 51, 1),
(482, 'Photo Session', 'Take cute photos to capture special moments.', '2025-07-11 00:31:00', '2025-07-11 00:46:00', 3, 1, 85, 1),
(483, 'Quiet Time with Music', 'Relax together while playing calming tunes.', '2025-08-02 04:29:00', '2025-08-02 04:44:00', 1, 5, 38, NULL),
(484, 'Feeding Time', 'Prepare and serve a nutritious meal for your pet.', '2025-07-15 17:01:00', '2025-07-15 18:01:00', 1, 5, 88, 1),
(485, 'Nail Clipping', 'Trim your pet\'s nails carefully to maintain paw health.', '2025-08-09 09:06:00', '2025-08-09 09:51:00', 1, 1, 19, NULL),
(486, 'Hide-and-Seek Game', 'Play hide-and-seek to stimulate your pet\'s senses.', '2025-07-24 06:52:00', '2025-07-24 07:22:00', 3, 5, 111, NULL),
(487, 'Bath Time', 'Give your pet a warm bath and gentle massage.', '2025-07-11 20:39:00', '2025-07-11 21:09:00', 1, 2, 50, 1),
(488, 'Homemade Treat Baking', 'Bake healthy, pet-safe treats at home.', '2025-07-24 14:21:00', '2025-07-24 15:06:00', 1, 2, 90, NULL),
(489, 'Car Ride for Fun', 'Take a short, safe drive for a change of scenery.', '2025-07-24 10:07:00', '2025-07-24 10:22:00', 3, 5, 136, NULL),
(490, 'Photo Session', 'Take cute photos to capture special moments.', '2025-07-20 16:13:00', '2025-07-20 16:43:00', 4, 3, 74, NULL),
(491, 'Cleaning Pet Space', 'Tidy and sanitize your pet\'s bed, toys, and living area.', '2025-07-17 01:42:00', '2025-07-17 02:27:00', 4, 2, 5, NULL),
(492, 'Nail Clipping', 'Trim your pet\'s nails carefully to maintain paw health.', '2025-07-24 19:34:00', '2025-07-24 20:19:00', 4, 5, 115, NULL),
(493, 'Trick Review & Reinforcement', 'Practice and reward learned tricks.', '2025-08-04 01:38:00', '2025-08-04 02:08:00', 1, 3, 58, NULL),
(494, 'Playtime', 'Engage in interactive play with toys and games.', '2025-07-20 04:43:00', '2025-07-20 05:43:00', 4, 3, 131, NULL),
(495, 'Hide-and-Seek Game', 'Play hide-and-seek to stimulate your pet\'s senses.', '2025-07-26 05:56:00', '2025-07-26 06:41:00', 3, 5, 111, NULL),
(496, 'Car Ride for Fun', 'Take a short, safe drive for a change of scenery.', '2025-07-11 20:29:00', '2025-07-11 21:29:00', 1, 3, 94, 1),
(497, 'Trick Review & Reinforcement', 'Practice and reward learned tricks.', '2025-07-25 20:18:00', '2025-07-25 20:48:00', 5, 2, 88, NULL),
(498, 'Evening Cuddle Time', 'Spend quiet, affectionate time cuddling your pet.', '2025-07-14 17:05:00', '2025-07-14 17:50:00', 5, 4, 35, 1),
(499, 'Cleaning Pet Space', 'Tidy and sanitize your pet\'s bed, toys, and living area.', '2025-07-09 14:21:00', '2025-07-09 15:21:00', 2, 1, 83, 1),
(500, 'Nail Clipping', 'Trim your pet\'s nails carefully to maintain paw health.', '2025-07-11 17:16:00', '2025-07-11 17:31:00', 4, 2, 14, 1),
(501, 'Puzzle Toy Time', 'Use a puzzle feeder to challenge your pet\'s mind.', '2025-07-23 15:45:00', '2025-07-23 16:15:00', 1, 2, 80, NULL),
(502, 'Agility Practice', 'Set up simple obstacles for an agility exercise.', '2025-08-05 09:31:00', '2025-08-05 10:31:00', 1, 2, 136, NULL),
(503, 'Evening Cuddle Time', 'Spend quiet, affectionate time cuddling your pet.', '2025-07-16 05:56:00', '2025-07-16 06:56:00', 3, 1, 126, 1),
(504, 'Vet Checkup Prep', 'Desensitize your pet to handling paws and ears.', '2025-07-11 02:33:00', '2025-07-11 03:33:00', 1, 3, 137, 1),
(505, 'Enrichment Walk', 'Let your pet sniff around and explore at its own pace.', '2025-07-22 21:57:00', '2025-07-22 22:57:00', 2, 1, 47, NULL),
(506, 'Enrichment Walk', 'Let your pet sniff around and explore at its own pace.', '2025-07-21 07:30:00', '2025-07-21 08:00:00', 1, 2, 137, NULL),
(507, 'Fetch in the Yard or Park', 'Throw a ball or frisbee for your pet to retrieve.', '2025-07-26 10:18:00', '2025-07-26 11:03:00', 5, 1, 109, NULL),
(508, 'Car Ride for Fun', 'Take a short, safe drive for a change of scenery.', '2025-07-09 17:39:00', '2025-07-09 17:54:00', 4, 1, 92, 1),
(509, 'Vet Checkup Prep', 'Desensitize your pet to handling paws and ears.', '2025-07-12 09:28:00', '2025-07-12 10:13:00', 1, 2, 33, 1),
(510, 'Training Session', 'Work on commands and obedience training exercises.', '2025-07-16 16:17:00', '2025-07-16 17:02:00', 4, 3, 136, 1),
(511, 'Quiet Time with Music', 'Relax together while playing calming tunes.', '2025-07-27 01:08:00', '2025-07-27 01:53:00', 3, 4, 43, NULL),
(512, 'Fetch in the Yard or Park', 'Throw a ball or frisbee for your pet to retrieve.', '2025-07-10 02:14:00', '2025-07-10 02:44:00', 1, 5, 145, 1),
(513, 'Trick Review & Reinforcement', 'Practice and reward learned tricks.', '2025-08-05 03:17:00', '2025-08-05 03:32:00', 2, 3, 55, NULL),
(514, 'Hide-and-Seek Game', 'Play hide-and-seek to stimulate your pet\'s senses.', '2025-07-10 22:42:00', '2025-07-10 23:12:00', 2, 1, 39, 1),
(515, 'Morning Walk', 'Take your pet for a brisk walk to start the day energized.', '2025-08-11 20:45:00', '2025-08-11 21:15:00', 1, 1, 95, NULL),
(516, 'DIY Toy Making', 'Create a homemade toy from household materials.', '2025-07-20 09:16:00', '2025-07-20 10:01:00', 3, 2, 16, NULL),
(517, 'DIY Toy Making', 'Create a homemade toy from household materials.', '2025-08-06 01:37:00', '2025-08-06 02:22:00', 2, 4, 90, NULL),
(518, 'Homemade Treat Baking', 'Bake healthy, pet-safe treats at home.', '2025-07-29 01:45:00', '2025-07-29 02:45:00', 1, 1, 15, NULL),
(519, 'Tug-of-War', 'Enjoy a friendly tug-of-war with a sturdy toy rope.', '2025-07-19 03:09:00', '2025-07-19 03:54:00', 4, 5, 100, NULL),
(520, 'Cleaning Pet Space', 'Tidy and sanitize your pet\'s bed, toys, and living area.', '2025-07-17 20:26:00', '2025-07-17 20:56:00', 2, 4, 52, NULL),
(521, 'Scent Work or Nose Game', 'Hide treats around the house for nose work.', '2025-08-07 06:14:00', '2025-08-07 06:29:00', 5, 5, 18, NULL),
(522, 'Evening Cuddle Time', 'Spend quiet, affectionate time cuddling your pet.', '2025-08-11 13:13:00', '2025-08-11 13:43:00', 3, 4, 16, NULL),
(523, 'Lure Chase Game', 'Use a flirt pole or laser pointer for chase fun.', '2025-07-13 17:57:00', '2025-07-13 18:42:00', 2, 5, 16, 1),
(524, 'Trick Review & Reinforcement', 'Practice and reward learned tricks.', '2025-07-14 01:06:00', '2025-07-14 02:06:00', 2, 3, 54, 1),
(525, 'Training Session', 'Work on commands and obedience training exercises.', '2025-07-11 06:30:00', '2025-07-11 07:00:00', 4, 4, 75, 1),
(526, 'Fetch in the Yard or Park', 'Throw a ball or frisbee for your pet to retrieve.', '2025-07-15 22:32:00', '2025-07-15 23:17:00', 3, 4, 5, 1),
(527, 'Lure Chase Game', 'Use a flirt pole or laser pointer for chase fun.', '2025-07-17 18:12:00', '2025-07-17 19:12:00', 2, 4, 101, NULL),
(528, 'Puzzle Toy Time', 'Use a puzzle feeder to challenge your pet\'s mind.', '2025-07-21 09:26:00', '2025-07-21 10:26:00', 3, 4, 83, NULL),
(529, 'Puzzle Toy Time', 'Use a puzzle feeder to challenge your pet\'s mind.', '2025-07-26 07:26:00', '2025-07-26 08:11:00', 2, 5, 1, NULL),
(530, 'Tug-of-War', 'Enjoy a friendly tug-of-war with a sturdy toy rope.', '2025-07-19 16:19:00', '2025-07-19 17:19:00', 3, 1, 37, NULL),
(531, 'Evening Cuddle Time', 'Spend quiet, affectionate time cuddling your pet.', '2025-07-21 02:45:00', '2025-07-21 03:00:00', 2, 4, 112, NULL),
(532, 'Feeding Time', 'Prepare and serve a nutritious meal for your pet.', '2025-07-09 21:00:00', '2025-07-09 21:15:00', 2, 4, 27, 1),
(533, 'Enrichment Walk', 'Let your pet sniff around and explore at its own pace.', '2025-07-18 22:19:00', '2025-07-18 23:04:00', 3, 2, 72, NULL),
(534, 'Feeding Time', 'Prepare and serve a nutritious meal for your pet.', '2025-08-04 12:12:00', '2025-08-04 12:57:00', 1, 3, 114, NULL),
(535, 'Fetch in the Yard or Park', 'Throw a ball or frisbee for your pet to retrieve.', '2025-07-19 12:01:00', '2025-07-19 12:16:00', 3, 3, 106, NULL),
(536, 'Vet Checkup Prep', 'Desensitize your pet to handling paws and ears.', '2025-07-20 17:29:00', '2025-07-20 17:44:00', 3, 3, 25, NULL),
(537, 'Lure Chase Game', 'Use a flirt pole or laser pointer for chase fun.', '2025-08-01 11:18:00', '2025-08-01 11:48:00', 5, 4, 149, NULL),
(538, 'Tug-of-War', 'Enjoy a friendly tug-of-war with a sturdy toy rope.', '2025-08-09 15:33:00', '2025-08-09 16:18:00', 4, 3, 90, NULL),
(539, 'Fetch in the Yard or Park', 'Throw a ball or frisbee for your pet to retrieve.', '2025-07-07 07:22:00', '2025-07-07 07:52:00', 5, 3, 11, 1),
(540, 'Training Session', 'Work on commands and obedience training exercises.', '2025-08-04 11:43:00', '2025-08-04 11:58:00', 2, 2, 122, NULL),
(541, 'Lure Chase Game', 'Use a flirt pole or laser pointer for chase fun.', '2025-07-26 02:45:00', '2025-07-26 03:45:00', 5, 3, 134, NULL),
(542, 'Bath Time', 'Give your pet a warm bath and gentle massage.', '2025-07-10 04:19:00', '2025-07-10 05:04:00', 2, 3, 24, 1),
(543, 'Homemade Treat Baking', 'Bake healthy, pet-safe treats at home.', '2025-07-26 06:39:00', '2025-07-26 07:09:00', 3, 5, 7, NULL),
(544, 'Training Session', 'Work on commands and obedience training exercises.', '2025-08-10 00:40:00', '2025-08-10 00:55:00', 2, 3, 116, NULL),
(545, 'Nail Clipping', 'Trim your pet\'s nails carefully to maintain paw health.', '2025-07-24 11:01:00', '2025-07-24 11:16:00', 1, 3, 68, NULL),
(546, 'Feeding Time', 'Prepare and serve a nutritious meal for your pet.', '2025-08-08 08:57:00', '2025-08-08 09:57:00', 4, 4, 121, NULL),
(547, 'Nail Clipping', 'Trim your pet\'s nails carefully to maintain paw health.', '2025-08-01 13:09:00', '2025-08-01 13:54:00', 1, 4, 30, NULL),
(548, 'Puzzle Toy Time', 'Use a puzzle feeder to challenge your pet\'s mind.', '2025-07-16 10:43:00', '2025-07-16 11:43:00', 2, 1, 100, 1),
(549, 'Fetch in the Yard or Park', 'Throw a ball or frisbee for your pet to retrieve.', '2025-08-08 17:02:00', '2025-08-08 17:17:00', 5, 4, 129, NULL),
(550, 'Hide-and-Seek Game', 'Play hide-and-seek to stimulate your pet\'s senses.', '2025-08-12 08:25:00', '2025-08-12 09:25:00', 3, 4, 80, NULL),
(551, 'Evening Cuddle Time', 'Spend quiet, affectionate time cuddling your pet.', '2025-08-10 19:05:00', '2025-08-10 20:05:00', 4, 3, 129, NULL),
(552, 'Feeding Time', 'Prepare and serve a nutritious meal for your pet.', '2025-08-09 08:40:00', '2025-08-09 09:10:00', 1, 5, 88, NULL),
(553, 'Nail Clipping', 'Trim your pet\'s nails carefully to maintain paw health.', '2025-08-03 03:33:00', '2025-08-03 04:03:00', 4, 3, 99, NULL),
(554, 'Hide-and-Seek Game', 'Play hide-and-seek to stimulate your pet\'s senses.', '2025-07-15 06:34:00', '2025-07-15 06:49:00', 5, 1, 64, 1),
(555, 'Evening Cuddle Time', 'Spend quiet, affectionate time cuddling your pet.', '2025-08-07 19:03:00', '2025-08-07 19:33:00', 5, 1, 100, NULL),
(556, 'Car Ride for Fun', 'Take a short, safe drive for a change of scenery.', '2025-07-15 23:58:00', '2025-07-16 00:28:00', 5, 4, 18, 1),
(557, 'Vet Checkup Prep', 'Desensitize your pet to handling paws and ears.', '2025-07-09 21:22:00', '2025-07-09 22:22:00', 5, 4, 2, 1),
(558, 'Morning Walk', 'Take your pet for a brisk walk to start the day energized.', '2025-07-09 12:41:00', '2025-07-09 13:26:00', 1, 5, 106, 1),
(559, 'Car Ride for Fun', 'Take a short, safe drive for a change of scenery.', '2025-08-10 15:17:00', '2025-08-10 15:32:00', 2, 3, 47, NULL),
(560, 'Photo Session', 'Take cute photos to capture special moments.', '2025-08-02 10:12:00', '2025-08-02 10:57:00', 3, 3, 112, NULL),
(561, 'Photo Session', 'Take cute photos to capture special moments.', '2025-08-06 05:42:00', '2025-08-06 06:12:00', 3, 5, 135, NULL),
(562, 'DIY Toy Making', 'Create a homemade toy from household materials.', '2025-07-30 06:42:00', '2025-07-30 07:42:00', 1, 4, 113, NULL),
(563, 'Cleaning Pet Space', 'Tidy and sanitize your pet\'s bed, toys, and living area.', '2025-07-19 23:55:00', '2025-07-20 00:40:00', 5, 1, 141, NULL),
(564, 'Puzzle Toy Time', 'Use a puzzle feeder to challenge your pet\'s mind.', '2025-07-15 05:44:00', '2025-07-15 05:59:00', 3, 4, 140, 1),
(565, 'Cleaning Pet Space', 'Tidy and sanitize your pet\'s bed, toys, and living area.', '2025-07-21 12:14:00', '2025-07-21 13:14:00', 2, 3, 4, NULL),
(566, 'Tug-of-War', 'Enjoy a friendly tug-of-war with a sturdy toy rope.', '2025-08-07 13:42:00', '2025-08-07 14:12:00', 4, 2, 61, NULL),
(567, 'Training Session', 'Work on commands and obedience training exercises.', '2025-07-16 09:37:00', '2025-07-16 10:22:00', 5, 3, 30, 1),
(568, 'Feeding Time', 'Prepare and serve a nutritious meal for your pet.', '2025-07-14 11:01:00', '2025-07-14 11:46:00', 5, 5, 57, 1),
(569, 'Homemade Treat Baking', 'Bake healthy, pet-safe treats at home.', '2025-07-12 20:16:00', '2025-07-12 21:01:00', 4, 4, 113, 1),
(570, 'Vet Checkup Prep', 'Desensitize your pet to handling paws and ears.', '2025-08-03 13:03:00', '2025-08-03 14:03:00', 1, 2, 96, NULL),
(571, 'Car Ride for Fun', 'Take a short, safe drive for a change of scenery.', '2025-07-25 22:25:00', '2025-07-25 22:55:00', 4, 2, 122, NULL),
(572, 'Trick Review & Reinforcement', 'Practice and reward learned tricks.', '2025-07-07 05:40:00', '2025-07-07 06:25:00', 1, 4, 96, 1),
(573, 'Fetch in the Yard or Park', 'Throw a ball or frisbee for your pet to retrieve.', '2025-07-17 01:55:00', '2025-07-17 02:40:00', 2, 2, 122, NULL),
(574, 'Lure Chase Game', 'Use a flirt pole or laser pointer for chase fun.', '2025-07-27 03:48:00', '2025-07-27 04:48:00', 3, 5, 81, NULL),
(575, 'Vet Checkup Prep', 'Desensitize your pet to handling paws and ears.', '2025-07-31 19:37:00', '2025-07-31 20:07:00', 2, 3, 13, NULL),
(576, 'Fetch in the Yard or Park', 'Throw a ball or frisbee for your pet to retrieve.', '2025-07-18 04:05:00', '2025-07-18 04:50:00', 1, 2, 72, NULL),
(577, 'Cleaning Pet Space', 'Tidy and sanitize your pet\'s bed, toys, and living area.', '2025-08-09 10:30:00', '2025-08-09 10:45:00', 2, 5, 103, NULL),
(578, 'Training Session', 'Work on commands and obedience training exercises.', '2025-07-24 04:07:00', '2025-07-24 05:07:00', 2, 5, 33, NULL),
(579, 'Feeding Time', 'Prepare and serve a nutritious meal for your pet.', '2025-07-17 16:26:00', '2025-07-17 17:26:00', 1, 3, 27, NULL),
(580, 'Quiet Time with Music', 'Relax together while playing calming tunes.', '2025-07-27 00:07:00', '2025-07-27 00:52:00', 2, 5, 47, NULL),
(581, 'Agility Practice', 'Set up simple obstacles for an agility exercise.', '2025-07-31 16:10:00', '2025-07-31 17:10:00', 1, 3, 150, NULL),
(582, 'Quiet Time with Music', 'Relax together while playing calming tunes.', '2025-07-20 21:08:00', '2025-07-20 21:38:00', 5, 2, 26, NULL),
(583, 'Vet Checkup Prep', 'Desensitize your pet to handling paws and ears.', '2025-07-09 01:06:00', '2025-07-09 01:36:00', 2, 4, 118, 1),
(584, 'Bath Time', 'Give your pet a warm bath and gentle massage.', '2025-07-28 05:28:00', '2025-07-28 06:28:00', 1, 2, 135, NULL),
(585, 'Quiet Time with Music', 'Relax together while playing calming tunes.', '2025-08-10 18:17:00', '2025-08-10 19:02:00', 1, 4, 53, NULL),
(586, 'Puzzle Toy Time', 'Use a puzzle feeder to challenge your pet\'s mind.', '2025-07-15 19:50:00', '2025-07-15 20:50:00', 5, 3, 30, 1),
(587, 'Lure Chase Game', 'Use a flirt pole or laser pointer for chase fun.', '2025-07-08 01:43:00', '2025-07-08 01:58:00', 1, 4, 142, 1),
(588, 'Car Ride for Fun', 'Take a short, safe drive for a change of scenery.', '2025-08-01 02:37:00', '2025-08-01 03:07:00', 3, 4, 58, NULL),
(589, 'Cleaning Pet Space', 'Tidy and sanitize your pet\'s bed, toys, and living area.', '2025-07-28 03:00:00', '2025-07-28 04:00:00', 1, 5, 106, NULL),
(590, 'Tug-of-War', 'Enjoy a friendly tug-of-war with a sturdy toy rope.', '2025-07-22 23:56:00', '2025-07-23 00:26:00', 2, 5, 1, NULL),
(591, 'DIY Toy Making', 'Create a homemade toy from household materials.', '2025-07-31 18:24:00', '2025-07-31 19:09:00', 1, 3, 108, NULL),
(592, 'Puzzle Toy Time', 'Use a puzzle feeder to challenge your pet\'s mind.', '2025-08-03 00:42:00', '2025-08-03 01:42:00', 4, 1, 2, NULL),
(593, 'Vet Checkup Prep', 'Desensitize your pet to handling paws and ears.', '2025-07-16 10:36:00', '2025-07-16 10:51:00', 2, 1, 3, 1),
(594, 'Vet Checkup Prep', 'Desensitize your pet to handling paws and ears.', '2025-07-25 15:56:00', '2025-07-25 16:56:00', 4, 1, 13, NULL),
(595, 'Lure Chase Game', 'Use a flirt pole or laser pointer for chase fun.', '2025-07-28 21:45:00', '2025-07-28 22:30:00', 5, 2, 143, NULL),
(596, 'Hide-and-Seek Game', 'Play hide-and-seek to stimulate your pet\'s senses.', '2025-08-09 23:24:00', '2025-08-10 00:09:00', 2, 5, 105, NULL),
(597, 'Bath Time', 'Give your pet a warm bath and gentle massage.', '2025-08-03 09:35:00', '2025-08-03 10:20:00', 4, 1, 59, NULL),
(598, 'Fetch in the Yard or Park', 'Throw a ball or frisbee for your pet to retrieve.', '2025-07-08 06:45:00', '2025-07-08 07:30:00', 3, 5, 77, 1),
(599, 'Tug-of-War', 'Enjoy a friendly tug-of-war with a sturdy toy rope.', '2025-08-11 22:00:00', '2025-08-11 22:30:00', 3, 3, 9, NULL),
(600, 'Hide-and-Seek Game', 'Play hide-and-seek to stimulate your pet\'s senses.', '2025-07-19 22:27:00', '2025-07-19 22:42:00', 5, 1, 141, NULL);

-- --------------------------------------------------------

--
-- Table structure for table `Taskstatus`
--

CREATE TABLE `Taskstatus` (
  `TaskstatusID` int(11) NOT NULL,
  `TaskstatusName` varchar(32) NOT NULL
) ENGINE=InnoDB DEFAULT CHARSET=utf8mb4 COLLATE=utf8mb4_general_ci;

--
-- Dumping data for table `Taskstatus`
--

INSERT INTO `Taskstatus` (`TaskstatusID`, `TaskstatusName`) VALUES
(1, 'Completed'),
(2, 'Paused'),
(3, 'Started');

-- --------------------------------------------------------

--
-- Table structure for table `Users`
--

CREATE TABLE `Users` (
  `UserID` int(11) NOT NULL,
  `UserFirstname` varchar(64) NOT NULL,
  `UserLastname` varchar(64) NOT NULL,
  `UserEmail` varchar(128) NOT NULL,
  `UserImageURL` varchar(256) NOT NULL,
  `UserUsertypeID` int(11) NOT NULL,
  `UserXP` int(11) NOT NULL DEFAULT 0,
  `UserGems` int(11) NOT NULL DEFAULT 0
) ENGINE=InnoDB DEFAULT CHARSET=utf8mb4 COLLATE=utf8mb4_general_ci;

--
-- Dumping data for table `Users`
--

INSERT INTO `Users` (`UserID`, `UserFirstname`, `UserLastname`, `UserEmail`, `UserImageURL`, `UserUsertypeID`, `UserXP`, `UserGems`) VALUES
(1, 'Laura', 'Marsh', 'theresajordan@example.net', 'https://i.pravatar.cc/256?u=1', 1, 1237, 250),
(2, 'Steven', 'Rodriguez', 'martinmarcus@example.org', 'https://i.pravatar.cc/256?u=2', 1, 3111, 150),
(3, 'Kristina', 'Gomez', 'kendrafletcher@example.org', 'https://i.pravatar.cc/256?u=3', 1, 8546, 650),
(4, 'Elizabeth', 'Garcia', 'tracy30@example.net', 'https://i.pravatar.cc/256?u=4', 1, 9783, 900),
(5, 'Joanna', 'Williams', 'zfarmer@example.com', 'https://i.pravatar.cc/256?u=5', 1, 8596, 700),
(6, 'Lisa', 'Cooper', 'ubarr@example.com', 'https://i.pravatar.cc/256?u=6', 1, 6522, 600),
(7, 'Yvette', 'Parks', 'shelley81@example.com', 'https://i.pravatar.cc/256?u=7', 1, 4298, 350),
(8, 'Cynthia', 'Walker', 'stricklandzachary@example.com', 'https://i.pravatar.cc/256?u=8', 1, 6322, 400),
(9, 'Yolanda', 'Robinson', 'nortoncatherine@example.org', 'https://i.pravatar.cc/256?u=9', 1, 6672, 750),
(10, 'Paul', 'Green', 'kellymartinez@example.net', 'https://i.pravatar.cc/256?u=10', 1, 5235, 300),
(11, 'Amy', 'Campbell', 'yshannon@example.net', 'https://i.pravatar.cc/256?u=11', 1, 6322, 400),
(12, 'Samantha', 'Blackwell', 'damon91@example.net', 'https://i.pravatar.cc/256?u=12', 1, 3461, 500),
(13, 'Susan', 'Wood', 'mwoodard@example.net', 'https://i.pravatar.cc/256?u=13', 1, 400, 400),
(14, 'Angela', 'Parker', 'sean36@example.net', 'https://i.pravatar.cc/256?u=14', 1, 5635, 700),
(15, 'Rachel', 'Williams', 'hunterrose@example.com', 'https://i.pravatar.cc/256?u=15', 1, 9633, 750),
(16, 'Leslie', 'Peters', 'brittanybeck@example.org', 'https://i.pravatar.cc/256?u=16', 1, 7409, 500),
(17, 'Nathan', 'Miller', 'ithomas@example.com', 'https://i.pravatar.cc/256?u=17', 1, 6422, 500),
(18, 'Tiffany', 'Butler', 'huntsheri@example.net', 'https://i.pravatar.cc/256?u=18', 1, 1237, 250),
(19, 'Robert', 'Martinez', 'svelasquez@example.com', 'https://i.pravatar.cc/256?u=19', 1, 2524, 550),
(20, 'Shannon', 'Bennett', 'kennethgoodwin@example.org', 'https://i.pravatar.cc/256?u=20', 1, 3211, 250),
(21, 'Amy', 'Castro', 'riceeugene@example.net', 'https://i.pravatar.cc/256?u=21', 1, 3461, 500),
(22, 'David', 'Crawford', 'gonzalezdouglas@example.net', 'https://i.pravatar.cc/256?u=22', 1, 2074, 100),
(23, 'Walter', 'Thomas', 'nealsamuel@example.com', 'https://i.pravatar.cc/256?u=23', 1, 6522, 600),
(24, 'Austin', 'Chen', 'jonathanstevens@example.com', 'https://i.pravatar.cc/256?u=24', 1, 7259, 350),
(25, 'Karen', 'Jenkins', 'ngonzalez@example.com', 'https://i.pravatar.cc/256?u=25', 1, 9633, 750),
(26, 'Travis', 'Harris', 'garciaanthony@example.com', 'https://i.pravatar.cc/256?u=26', 1, 6522, 600),
(27, 'Benjamin', 'Lyons', 'brownjesus@example.net', 'https://i.pravatar.cc/256?u=27', 1, 8446, 550),
(28, 'Melissa', 'Benson', 'carriehodges@example.net', 'https://i.pravatar.cc/256?u=28', 1, 7409, 500),
(29, 'Jeffery', 'Moore', 'frostsherry@example.org', 'https://i.pravatar.cc/256?u=29', 1, 3211, 250),
(30, 'Jill', 'Rivera', 'jwoods@example.net', 'https://i.pravatar.cc/256?u=30', 1, 6372, 450),
(31, 'Stephanie', 'Johnson', 'smithsamantha@example.net', 'https://i.pravatar.cc/256?u=31', 1, 1437, 450),
(32, 'Gregory', 'Clark', 'anthonybrennan@example.com', 'https://i.pravatar.cc/256?u=32', 1, 7609, 700),
(33, 'Samantha', 'White', 'schmidtamy@example.com', 'https://i.pravatar.cc/256?u=33', 1, 9533, 650),
(34, 'Robert', 'Lambert', 'heather04@example.net', 'https://i.pravatar.cc/256?u=34', 1, 1087, 100),
(35, 'Tiffany', 'Schneider', 'robert68@example.org', 'https://i.pravatar.cc/256?u=35', 1, 1337, 350),
(36, 'Darrell', 'Gonzalez', 'fnorton@example.net', 'https://i.pravatar.cc/256?u=36', 1, 8646, 750),
(37, 'Catherine', 'Wade', 'smithjames@example.net', 'https://i.pravatar.cc/256?u=37', 1, 8746, 850),
(38, 'Bernard', 'Dixon', 'roy93@example.org', 'https://i.pravatar.cc/256?u=38', 1, 8346, 450),
(39, 'Joseph', 'Butler', 'jillbrown@example.com', 'https://i.pravatar.cc/256?u=39', 1, 5435, 500),
(40, 'Victoria', 'Walker', 'hallchristopher@example.com', 'https://i.pravatar.cc/256?u=40', 1, 4498, 550),
(41, 'Anita', 'Jones', 'callen@example.org', 'https://i.pravatar.cc/256?u=41', 1, 2374, 400),
(42, 'Derrick', 'Cook', 'tyler04@example.com', 'https://i.pravatar.cc/256?u=42', 1, 8396, 500),
(43, 'Monique', 'Wright', 'jorgepeters@example.com', 'https://i.pravatar.cc/256?u=43', 1, 5235, 300),
(44, 'Marilyn', 'Martin', 'millerkristin@example.net', 'https://i.pravatar.cc/256?u=44', 1, 5335, 400),
(45, 'Aaron', 'Reed', 'penningtonteresa@example.org', 'https://i.pravatar.cc/256?u=45', 1, 3111, 150),
(46, 'Gina', 'Jackson', 'william36@example.com', 'https://i.pravatar.cc/256?u=46', 1, 6422, 500),
(47, 'Rebecca', 'Johnson', 'schultzchristopher@example.org', 'https://i.pravatar.cc/256?u=47', 1, 1287, 300),
(48, 'Kenneth', 'Dixon', 'garrettlisa@example.net', 'https://i.pravatar.cc/256?u=48', 1, 1087, 100),
(49, 'Kathy', 'Cooper', 'douglasmartinez@example.com', 'https://i.pravatar.cc/256?u=49', 1, 1337, 350),
(50, 'Andrew', 'Norris', 'wellsrachel@example.net', 'https://i.pravatar.cc/256?u=50', 1, 3011, 50),
(51, 'Admin', 'Astrator', 'adminastrator@admin.com', 'https://static.vecteezy.com/system/resources/previews/000/290/610/non_2x/administration-vector-icon.jpg', 2, 0, 0);

-- --------------------------------------------------------

--
-- Table structure for table `Usertypes`
--

CREATE TABLE `Usertypes` (
  `UsertypeID` int(11) NOT NULL,
  `UsertypeName` varchar(64) NOT NULL
) ENGINE=InnoDB DEFAULT CHARSET=utf8mb4 COLLATE=utf8mb4_general_ci;

--
-- Dumping data for table `Usertypes`
--

INSERT INTO `Usertypes` (`UsertypeID`, `UsertypeName`) VALUES
(1, 'Client'),
(2, 'Administrator ');

--
-- Indexes for dumped tables
--

--
-- Indexes for table `Categories`
--
ALTER TABLE `Categories`
  ADD PRIMARY KEY (`CategoryID`);

--
-- Indexes for table `Events`
--
ALTER TABLE `Events`
  ADD PRIMARY KEY (`EventID`),
  ADD KEY `Events_Pets_FK` (`EventPetID`);

--
-- Indexes for table `Pets`
--
ALTER TABLE `Pets`
  ADD PRIMARY KEY (`PetID`),
  ADD KEY `Pets_Users_FK` (`PetOwnerID`);

--
-- Indexes for table `Products`
--
ALTER TABLE `Products`
  ADD PRIMARY KEY (`ProductID`),
  ADD KEY `Products_Categories_FK` (`ProductCategoryID`);

--
-- Indexes for table `Tasks`
--
ALTER TABLE `Tasks`
  ADD PRIMARY KEY (`TaskID`),
  ADD KEY `Tasks_Pets_FK` (`TaskPetID`),
  ADD KEY `Tasks_Taskstatus_FK` (`TaskTaskstatusID`);

--
-- Indexes for table `Taskstatus`
--
ALTER TABLE `Taskstatus`
  ADD PRIMARY KEY (`TaskstatusID`);

--
-- Indexes for table `Users`
--
ALTER TABLE `Users`
  ADD PRIMARY KEY (`UserID`),
  ADD KEY `Users_Usertypes` (`UserUsertypeID`);

--
-- Indexes for table `Usertypes`
--
ALTER TABLE `Usertypes`
  ADD PRIMARY KEY (`UsertypeID`);

--
-- AUTO_INCREMENT for dumped tables
--

--
-- AUTO_INCREMENT for table `Categories`
--
ALTER TABLE `Categories`
  MODIFY `CategoryID` int(11) NOT NULL AUTO_INCREMENT, AUTO_INCREMENT=3;

--
-- AUTO_INCREMENT for table `Events`
--
ALTER TABLE `Events`
  MODIFY `EventID` int(11) NOT NULL AUTO_INCREMENT, AUTO_INCREMENT=401;

--
-- AUTO_INCREMENT for table `Pets`
--
ALTER TABLE `Pets`
  MODIFY `PetID` int(11) NOT NULL AUTO_INCREMENT, AUTO_INCREMENT=151;

--
-- AUTO_INCREMENT for table `Products`
--
ALTER TABLE `Products`
  MODIFY `ProductID` int(11) NOT NULL AUTO_INCREMENT, AUTO_INCREMENT=4;

--
-- AUTO_INCREMENT for table `Tasks`
--
ALTER TABLE `Tasks`
  MODIFY `TaskID` int(11) NOT NULL AUTO_INCREMENT, AUTO_INCREMENT=601;

--
-- AUTO_INCREMENT for table `Taskstatus`
--
ALTER TABLE `Taskstatus`
  MODIFY `TaskstatusID` int(11) NOT NULL AUTO_INCREMENT, AUTO_INCREMENT=4;

--
-- AUTO_INCREMENT for table `Users`
--
ALTER TABLE `Users`
  MODIFY `UserID` int(11) NOT NULL AUTO_INCREMENT, AUTO_INCREMENT=52;

--
-- AUTO_INCREMENT for table `Usertypes`
--
ALTER TABLE `Usertypes`
  MODIFY `UsertypeID` int(11) NOT NULL AUTO_INCREMENT, AUTO_INCREMENT=3;

--
-- Constraints for dumped tables
--

--
-- Constraints for table `Events`
--
ALTER TABLE `Events`
  ADD CONSTRAINT `Events_Pets_FK` FOREIGN KEY (`EventPetID`) REFERENCES `Pets` (`PetID`);

--
-- Constraints for table `Pets`
--
ALTER TABLE `Pets`
  ADD CONSTRAINT `Pets_Users_FK` FOREIGN KEY (`PetOwnerID`) REFERENCES `Users` (`UserID`);

--
-- Constraints for table `Products`
--
ALTER TABLE `Products`
  ADD CONSTRAINT `Products_Categories_FK` FOREIGN KEY (`ProductCategoryID`) REFERENCES `Categories` (`CategoryID`);

--
-- Constraints for table `Tasks`
--
ALTER TABLE `Tasks`
  ADD CONSTRAINT `Tasks_Pets_FK` FOREIGN KEY (`TaskPetID`) REFERENCES `Pets` (`PetID`),
  ADD CONSTRAINT `Tasks_Taskstatus_FK` FOREIGN KEY (`TaskTaskstatusID`) REFERENCES `Taskstatus` (`TaskstatusID`);

--
-- Constraints for table `Users`
--
ALTER TABLE `Users`
  ADD CONSTRAINT `Users_Usertypes` FOREIGN KEY (`UserUsertypeID`) REFERENCES `Usertypes` (`UsertypeID`);
COMMIT;

/*!40101 SET CHARACTER_SET_CLIENT=@OLD_CHARACTER_SET_CLIENT */;
/*!40101 SET CHARACTER_SET_RESULTS=@OLD_CHARACTER_SET_RESULTS */;
/*!40101 SET COLLATION_CONNECTION=@OLD_COLLATION_CONNECTION */;
